30-Apr-19,237.57,268.23,236.33,267.76
29-Apr-19,255.55,255.55,232.91,236.61
28-Apr-19,264.12,267.58,251.62,255.47
27-Apr-19,264.09,266.59,261.06,263.94
26-Apr-19,267.19,274.98,257.49,263.88
25-Apr-19,279.21,284.03,266.19,266.85
24-Apr-19,290.96,291.85,270.56,278.94
23-Apr-19,292.79,308.47,290.62,291.17
22-Apr-19,290.34,295.90,287.55,292.81
21-Apr-19,300.81,303.33,281.90,290.48
20-Apr-19,306.86,309.65,296.76,300.75
19-Apr-19,306.93,310.08,293.59,306.81
18-Apr-19,310.87,314.36,304.74,306.96
17-Apr-19,318.31,321.69,306.28,310.80
16-Apr-19,314.12,324.84,305.79,318.31
15-Apr-19,288.70,332.28,288.09,314.12
14-Apr-19,279.41,289.54,274.86,288.65
13-Apr-19,282.68,286.50,274.12,279.47
12-Apr-19,272.64,287.01,260.67,282.85
11-Apr-19,305.12,306.07,259.02,272.71
10-Apr-19,295.97,312.09,295.79,305.22
9-Apr-19,309.95,309.95,294.89,296.04
8-Apr-19,319.77,326.92,297.36,310.16
7-Apr-19,305.80,326.11,300.14,319.60
6-Apr-19,292.81,328.44,285.28,306.07
5-Apr-19,286.64,299.74,282.56,292.64
4-Apr-19,298.47,317.37,276.33,286.57
3-Apr-19,236.40,342.87,236.30,298.35
2-Apr-19,167.63,240.11,167.47,236.13
1-Apr-19,168.90,169.31,167.09,167.63
31-Mar-19,168.64,169.04,167.38,168.94
30-Mar-19,170.30,177.73,167.37,168.59
29-Mar-19,169.35,172.16,166.46,170.45
28-Mar-19,173.10,173.10,167.26,169.45
27-Mar-19,160.51,174.17,160.05,173.18
26-Mar-19,161.39,161.94,156.01,161.44
25-Mar-19,166.11,166.70,158.66,161.62
24-Mar-19,167.09,167.09,164.05,165.94
23-Mar-19,158.13,170.05,157.70,167.41
22-Mar-19,154.71,161.09,153.54,158.34
21-Mar-19,160.79,161.29,150.56,154.77
20-Mar-19,162.33,162.33,156.58,160.53
19-Mar-19,162.60,163.19,157.81,162.43
18-Mar-19,156.26,166.67,156.09,162.49
17-Mar-19,157.44,158.67,148.71,156.08
16-Mar-19,143.98,160.69,143.98,157.58
15-Mar-19,133.79,146.74,132.94,143.99
14-Mar-19,128.82,135.74,128.82,133.90
13-Mar-19,129.19,129.72,127.92,128.93
12-Mar-19,130.35,130.66,128.10,128.95
11-Mar-19,132.86,133.40,128.23,130.20
10-Mar-19,134.04,134.16,131.19,132.84
9-Mar-19,129.42,136.38,128.36,133.82
8-Mar-19,132.21,133.57,128.28,129.47
7-Mar-19,133.29,135.03,131.26,132.16
6-Mar-19,133.41,134.02,131.08,133.27
5-Mar-19,124.96,134.16,124.52,132.51
4-Mar-19,131.42,132.32,123.25,125.12
3-Mar-19,132.57,133.28,131.07,131.56
2-Mar-19,132.92,133.46,130.75,132.54
1-Mar-19,132.08,134.83,131.93,132.96
28-Feb-19,132.90,134.51,131.18,132.19
27-Feb-19,134.33,135.52,130.19,132.79
26-Feb-19,135.84,139.05,133.34,134.26
25-Feb-19,130.02,139.38,130.02,135.87
24-Feb-19,154.20,157.65,130.18,130.27
23-Feb-19,144.88,153.26,142.36,153.26
22-Feb-19,142.82,145.71,141.82,145.11
21-Feb-19,147.92,147.92,141.22,142.93
20-Feb-19,142.97,148.58,140.85,148.05
19-Feb-19,144.31,150.86,142.87,143.30
18-Feb-19,124.97,147.24,124.97,144.41
17-Feb-19,122.23,125.04,121.15,124.69
16-Feb-19,122.01,123.33,121.97,122.36
15-Feb-19,122.18,123.41,121.59,121.96
14-Feb-19,123.12,124.67,121.56,121.65
13-Feb-19,123.38,126.94,121.81,123.15
12-Feb-19,122.52,123.58,119.55,123.45
11-Feb-19,127.69,127.69,121.84,122.51
10-Feb-19,128.63,129.02,122.23,127.59
9-Feb-19,129.93,130.48,126.06,128.64
8-Feb-19,115.78,131.22,115.18,130.86
7-Feb-19,115.18,117.57,114.18,115.15
6-Feb-19,117.98,120.01,111.84,115.33
5-Feb-19,119.03,119.91,117.20,117.71
4-Feb-19,119.30,120.56,118.35,119.12
3-Feb-19,121.79,121.97,117.48,118.83
2-Feb-19,116.55,122.00,116.22,121.79
1-Feb-19,114.80,118.15,112.07,116.56
31-Jan-19,118.16,120.44,114.06,114.81
30-Jan-19,110.96,119.75,109.63,118.38
29-Jan-19,112.25,113.54,108.11,111.09
28-Jan-19,123.04,123.04,108.09,112.50
27-Jan-19,127.16,127.54,120.70,122.90
26-Jan-19,128.44,129.66,126.97,127.14
25-Jan-19,129.52,129.84,126.37,128.37
24-Jan-19,132.21,132.29,127.47,129.40
23-Jan-19,128.44,134.70,127.83,132.32
22-Jan-19,122.71,131.50,118.81,128.44
21-Jan-19,123.92,124.35,121.86,122.83
20-Jan-19,130.14,131.00,122.72,123.89
19-Jan-19,128.55,131.69,127.60,130.20
18-Jan-19,131.09,131.09,126.93,128.46
17-Jan-19,129.20,131.89,127.16,131.05
16-Jan-19,128.69,131.18,128.18,129.17
15-Jan-19,133.97,134.68,127.00,128.48
14-Jan-19,126.48,136.96,124.89,133.98
13-Jan-19,134.50,135.80,123.87,126.35
12-Jan-19,131.50,138.55,131.50,134.38
11-Jan-19,133.91,134.79,129.43,131.67
10-Jan-19,160.28,164.40,133.34,134.97
9-Jan-19,162.12,162.54,158.44,160.08
8-Jan-19,161.40,164.86,158.66,161.91
7-Jan-19,166.85,168.33,160.80,161.24
6-Jan-19,160.19,170.75,159.15,166.84
5-Jan-19,161.14,166.36,158.33,160.40
4-Jan-19,161.71,165.37,155.61,161.40
3-Jan-19,173.27,175.46,160.33,162.05
2-Jan-19,165.62,174.23,162.25,171.83
1-Jan-19,150.90,168.77,150.24,164.85
31-Dec-18,163.52,163.52,148.96,151.05
30-Dec-18,165.15,165.35,159.64,163.62
29-Dec-18,174.47,175.28,164.48,165.06
28-Dec-18,150.56,176.19,144.17,174.00
27-Dec-18,175.41,177.19,147.84,150.13
26-Dec-18,172.06,186.34,165.54,175.51
25-Dec-18,183.03,183.03,155.40,170.91
24-Dec-18,200.03,213.72,179.09,182.26
23-Dec-18,197.89,209.86,189.16,197.66
22-Dec-18,196.30,206.45,184.08,196.67
21-Dec-18,190.48,229.01,177.33,194.30
20-Dec-18,126.28,200.08,125.21,194.23
19-Dec-18,105.44,144.10,103.06,128.45
18-Dec-18,90.31,105.78,87.59,105.20
17-Dec-18,81.53,92.94,81.40,90.35
16-Dec-18,77.37,83.48,77.37,81.64
15-Dec-18,80.33,83.04,75.08,77.37
14-Dec-18,90.24,91.98,77.72,80.37
13-Dec-18,102.43,102.43,88.58,90.30
12-Dec-18,101.71,105.80,99.43,102.59
11-Dec-18,107.05,107.05,97.57,102.07
10-Dec-18,109.60,110.96,103.38,107.31
9-Dec-18,103.73,112.18,103.00,109.62
8-Dec-18,106.24,109.96,99.84,104.05
7-Dec-18,107.49,116.57,97.62,106.85
6-Dec-18,130.52,131.79,107.44,107.59
5-Dec-18,149.85,149.85,130.54,130.54
4-Dec-18,159.64,160.33,149.05,149.66
3-Dec-18,172.32,172.61,153.68,159.82
2-Dec-18,171.94,180.26,171.65,172.11
1-Dec-18,172.52,177.83,167.84,172.12
30-Nov-18,181.09,187.50,168.08,173.07
29-Nov-18,190.10,191.15,176.83,180.98
28-Nov-18,179.14,198.55,176.36,190.07
27-Nov-18,182.00,192.99,171.22,179.06
26-Nov-18,184.83,215.77,170.62,182.04
25-Nov-18,181.13,189.25,154.28,184.58
24-Nov-18,207.66,217.04,177.23,180.69
23-Nov-18,210.42,212.46,196.52,207.43
22-Nov-18,236.21,239.00,211.47,211.47
21-Nov-18,226.38,246.67,221.19,235.95
20-Nov-18,336.31,336.50,199.09,223.70
19-Nov-18,383.63,415.15,336.96,336.96
18-Nov-18,387.64,412.87,380.02,386.25
17-Nov-18,389.50,394.38,380.35,387.75
16-Nov-18,421.20,423.43,388.82,388.82
15-Nov-18,439.96,453.62,403.75,421.32
14-Nov-18,511.63,525.27,421.20,439.31
13-Nov-18,514.58,542.68,504.80,512.41
12-Nov-18,533.57,536.90,502.73,516.31
11-Nov-18,555.78,555.78,517.66,533.34
10-Nov-18,542.88,562.91,535.79,556.50
9-Nov-18,574.01,594.80,532.76,544.42
8-Nov-18,616.53,619.16,573.90,574.43
7-Nov-18,630.18,638.55,610.34,617.26
6-Nov-18,558.55,628.51,551.29,628.51
5-Nov-18,557.72,578.23,538.86,558.47
4-Nov-18,478.54,586.04,478.51,560.18
3-Nov-18,461.77,483.67,458.54,477.99
2-Nov-18,424.24,469.88,424.24,462.01
1-Nov-18,423.07,432.58,421.83,424.09
31-Oct-18,422.23,424.62,411.52,422.86
30-Oct-18,417.69,422.97,415.21,421.93
29-Oct-18,440.21,440.90,414.61,417.57
28-Oct-18,438.89,442.23,436.09,441.08
27-Oct-18,438.60,439.82,435.83,437.53
26-Oct-18,439.12,441.53,436.15,438.74
25-Oct-18,442.18,443.58,439.15,440.23
24-Oct-18,441.27,448.18,440.65,442.45
23-Oct-18,447.17,449.79,438.25,442.66
22-Oct-18,447.19,452.53,443.60,447.21
21-Oct-18,447.54,455.96,445.77,447.85
20-Oct-18,440.87,448.48,438.45,447.45
19-Oct-18,438.31,443.43,433.38,440.85
18-Oct-18,449.22,454.71,432.93,438.43
17-Oct-18,458.85,459.87,446.29,448.79
16-Oct-18,459.32,467.17,454.60,458.01
15-Oct-18,438.65,487.21,433.82,459.38
14-Oct-18,448.19,451.92,438.60,439.23
13-Oct-18,443.18,450.22,442.66,448.41
12-Oct-18,430.35,451.93,429.39,443.23
11-Oct-18,511.77,511.77,431.85,433.04
10-Oct-18,516.66,517.22,507.83,512.92
9-Oct-18,526.91,528.55,513.12,517.79
8-Oct-18,518.71,530.92,517.33,528.98
7-Oct-18,509.63,519.39,506.65,517.47
6-Oct-18,519.92,521.68,502.54,508.62
5-Oct-18,513.90,522.51,510.63,520.63
4-Oct-18,516.79,529.94,510.59,513.03
3-Oct-18,531.64,531.64,508.73,514.53
2-Oct-18,531.15,547.49,527.92,533.27
1-Oct-18,531.64,539.95,522.32,530.91
30-Sep-18,536.56,545.55,520.61,529.93
29-Sep-18,538.99,553.48,514.26,536.91
28-Sep-18,568.43,572.58,533.44,539.86
27-Sep-18,514.77,585.36,514.77,564.41
26-Sep-18,444.80,542.53,434.35,515.93
25-Sep-18,462.11,462.35,428.91,445.23
24-Sep-18,487.92,490.77,459.59,463.09
23-Sep-18,487.71,504.14,478.07,488.65
22-Sep-18,500.35,505.29,468.33,487.83
21-Sep-18,457.52,506.44,449.38,499.04
20-Sep-18,429.81,462.07,424.66,455.74
19-Sep-18,433.19,438.71,414.28,429.23
18-Sep-18,418.56,443.76,414.54,435.68
17-Sep-18,450.38,460.49,413.04,420.45
16-Sep-18,448.51,450.20,431.44,449.16
15-Sep-18,447.58,458.81,446.41,450.68
14-Sep-18,467.13,472.75,443.87,449.50
13-Sep-18,433.54,472.58,433.54,464.44
12-Sep-18,440.51,440.93,414.47,432.85
11-Sep-18,468.35,476.13,433.16,440.84
10-Sep-18,484.22,486.98,463.81,465.59
9-Sep-18,474.63,493.95,466.30,481.19
8-Sep-18,501.82,508.96,468.80,475.29
7-Sep-18,518.77,526.00,496.14,501.57
6-Sep-18,529.95,530.25,495.07,519.16
5-Sep-18,626.20,631.77,530.23,530.51
4-Sep-18,627.32,643.44,622.72,625.07
3-Sep-18,648.33,650.69,622.23,626.36
2-Sep-18,616.03,653.69,601.94,645.88
1-Sep-18,543.96,628.08,542.26,615.31
31-Aug-18,538.62,546.76,535.60,543.08
30-Aug-18,554.07,556.52,527.92,540.03
29-Aug-18,564.41,567.25,548.47,554.37
28-Aug-18,545.08,570.98,541.24,565.31
27-Aug-18,523.02,546.36,520.09,546.36
26-Aug-18,536.49,536.49,516.58,522.88
25-Aug-18,534.99,542.03,529.73,537.24
24-Aug-18,531.55,537.54,522.85,535.41
23-Aug-18,519.12,532.00,515.90,530.77
22-Aug-18,535.15,570.61,512.11,519.95
21-Aug-18,514.06,540.02,514.06,536.57
20-Aug-18,570.11,575.63,513.12,515.66
19-Aug-18,554.93,579.60,544.97,569.93
18-Aug-18,597.67,606.92,541.05,554.92
17-Aug-18,516.56,597.01,516.22,597.01
16-Aug-18,512.87,538.27,506.84,517.35
15-Aug-18,513.25,540.49,508.14,513.67
14-Aug-18,534.98,534.98,481.43,509.31
13-Aug-18,571.02,591.86,529.04,535.98
12-Aug-18,564.44,580.80,561.09,570.96
11-Aug-18,571.89,582.59,548.48,566.77
10-Aug-18,610.35,612.66,564.95,572.44
9-Aug-18,590.52,619.54,581.33,610.78
8-Aug-18,660.05,660.05,575.64,585.45
7-Aug-18,692.63,712.34,653.78,659.38
6-Aug-18,711.01,718.65,684.44,692.63
5-Aug-18,696.07,715.52,687.86,709.22
4-Aug-18,723.27,735.04,691.58,695.74
3-Aug-18,732.80,732.80,704.59,724.71
2-Aug-18,767.68,773.73,726.92,734.76
1-Aug-18,779.95,779.95,740.32,769.35
31-Jul-18,816.73,816.73,766.34,777.15
30-Jul-18,828.55,829.87,790.12,816.08
29-Jul-18,821.01,835.62,813.79,828.98
28-Jul-18,821.49,826.43,803.73,818.83
27-Jul-18,804.35,829.42,785.59,819.39
26-Jul-18,830.74,855.97,795.74,806.18
25-Jul-18,863.20,870.66,822.51,831.46
24-Jul-18,785.60,871.47,778.65,869.47
23-Jul-18,789.69,828.39,783.52,784.39
22-Jul-18,788.47,820.10,781.30,788.67
21-Jul-18,767.88,797.06,750.72,789.49
20-Jul-18,823.40,823.40,765.18,767.66
19-Jul-18,828.43,840.43,808.73,824.89
18-Jul-18,849.77,880.98,814.59,829.94
17-Jul-18,803.12,863.29,784.92,850.78
16-Jul-18,724.48,806.93,718.95,805.68
15-Jul-18,702.99,731.57,698.76,722.97
14-Jul-18,696.42,707.05,690.69,704.06
13-Jul-18,686.65,708.75,686.65,696.59
12-Jul-18,706.98,706.98,669.52,682.76
11-Jul-18,688.87,713.76,688.87,707.48
10-Jul-18,732.86,739.20,688.63,688.63
9-Jul-18,751.57,757.37,731.35,733.38
8-Jul-18,775.78,784.44,745.82,751.35
7-Jul-18,736.76,775.82,715.29,775.30
6-Jul-18,748.48,748.67,705.11,737.33
5-Jul-18,763.29,779.14,725.12,748.22
4-Jul-18,757.93,808.23,742.93,762.40
3-Jul-18,775.07,819.37,754.82,757.95
2-Jul-18,739.25,798.31,724.32,776.17
1-Jul-18,749.18,752.91,719.76,739.42
30-Jun-18,717.04,762.92,717.04,748.71
29-Jun-18,663.00,729.55,652.81,715.71
28-Jun-18,714.70,720.24,651.21,660.24
27-Jun-18,698.28,719.93,691.39,713.77
26-Jun-18,757.25,757.70,700.26,700.26
25-Jun-18,748.63,774.65,739.04,756.85
24-Jun-18,764.62,767.02,676.94,749.36
23-Jun-18,755.24,776.89,742.33,762.76
22-Jun-18,874.97,876.38,735.41,755.97
21-Jun-18,890.64,900.72,869.14,874.09
20-Jun-18,905.71,906.48,866.06,890.45
19-Jun-18,885.99,918.20,878.48,904.65
18-Jun-18,849.81,892.96,830.29,885.64
17-Jun-18,853.06,865.08,849.22,852.10
16-Jun-18,847.16,861.46,839.34,852.19
15-Jun-18,896.43,897.09,843.08,849.32
14-Jun-18,844.36,898.93,832.88,897.60
13-Jun-18,876.89,881.13,818.62,844.24
12-Jun-18,957.14,960.15,862.45,874.43
11-Jun-18,937.63,975.83,906.01,958.56
10-Jun-18,1087.46,1087.46,909.61,939.55
9-Jun-18,1117.35,1137.32,1092.13,1092.13
8-Jun-18,1145.34,1149.80,1096.91,1118.19
7-Jun-18,1135.15,1166.25,1133.34,1143.75
6-Jun-18,1157.33,1157.33,1107.21,1131.17
5-Jun-18,1110.07,1158.73,1064.72,1152.89
4-Jun-18,1170.78,1206.53,1086.85,1105.80
3-Jun-18,1083.13,1190.57,1074.82,1170.40
2-Jun-18,1003.33,1093.86,996.59,1084.78
1-Jun-18,995.66,1010.34,979.83,1002.92
31-May-18,983.57,1027.73,975.40,995.34
30-May-18,990.07,1025.64,954.89,984.68
29-May-18,896.85,1003.51,880.89,987.66
28-May-18,996.65,1005.65,884.05,892.12
27-May-18,1009.20,1009.79,982.27,996.92
26-May-18,1015.68,1046.49,1001.18,1012.48
25-May-18,1072.74,1073.05,998.52,1017.30
24-May-18,1005.01,1078.36,958.82,1071.36
23-May-18,1142.25,1153.91,978.27,1005.61
22-May-18,1233.70,1233.70,1131.93,1141.86
21-May-18,1296.03,1301.55,1221.57,1233.64
20-May-18,1183.20,1306.95,1174.97,1291.77
19-May-18,1206.61,1208.99,1159.66,1184.96
18-May-18,1202.20,1218.00,1143.12,1207.24
17-May-18,1290.22,1335.41,1185.99,1206.17
16-May-18,1341.89,1359.36,1241.99,1280.62
15-May-18,1430.28,1456.35,1323.31,1343.38
14-May-18,1489.33,1501.64,1353.79,1431.69
13-May-18,1474.76,1507.88,1427.09,1493.12
12-May-18,1376.05,1501.65,1284.44,1472.40
11-May-18,1527.49,1556.64,1332.58,1371.74
10-May-18,1646.15,1669.83,1523.56,1528.59
9-May-18,1607.87,1679.03,1484.29,1638.34
8-May-18,1673.07,1693.35,1569.44,1611.94
7-May-18,1766.66,1781.47,1590.30,1655.20
6-May-18,1758.83,1838.49,1670.34,1765.69
5-May-18,1516.74,1753.11,1515.07,1752.10
4-May-18,1501.40,1538.46,1466.21,1517.33
3-May-18,1459.55,1536.80,1454.97,1511.97
2-May-18,1353.54,1480.58,1326.91,1458.72
1-May-18,1348.64,1351.28,1261.60,1351.28
30-Apr-18,1440.96,1440.96,1339.36,1350.05
29-Apr-18,1393.99,1477.31,1378.01,1440.30
28-Apr-18,1337.96,1418.61,1334.27,1396.25
27-Apr-18,1422.06,1422.06,1337.85,1337.85
26-Apr-18,1289.54,1420.41,1250.86,1420.41
25-Apr-18,1426.71,1437.18,1246.61,1284.79
24-Apr-18,1434.01,1560.94,1414.11,1426.42
23-Apr-18,1194.71,1443.27,1194.71,1432.26
22-Apr-18,1147.48,1250.51,1116.27,1201.22
21-Apr-18,1126.86,1172.28,1028.03,1154.69
20-Apr-18,970.15,1142.50,947.88,1128.02
19-Apr-18,890.66,983.58,878.45,968.64
18-Apr-18,758.25,893.57,757.39,888.91
17-Apr-18,766.70,784.49,755.38,757.59
16-Apr-18,781.12,797.88,745.73,766.47
15-Apr-18,741.91,785.35,741.91,780.83
14-Apr-18,738.72,760.48,723.22,738.98
13-Apr-18,735.78,781.13,725.40,738.30
12-Apr-18,666.39,734.48,658.93,734.48
11-Apr-18,648.90,666.58,648.90,666.58
10-Apr-18,637.70,657.01,628.86,649.62
9-Apr-18,656.09,680.60,627.32,637.03
8-Apr-18,640.89,659.81,640.89,655.26
7-Apr-18,611.20,652.59,610.41,640.35
6-Apr-18,641.86,646.08,603.71,610.43
5-Apr-18,648.63,655.52,620.10,646.04
4-Apr-18,710.47,711.27,638.01,649.20
3-Apr-18,664.15,719.77,660.34,712.88
2-Apr-18,644.46,686.03,641.43,662.77
1-Apr-18,688.01,699.05,629.93,643.03
31-Mar-18,697.62,735.82,683.99,685.25
30-Mar-18,712.41,766.97,677.53,697.01
29-Mar-18,861.61,867.31,703.18,714.27
28-Mar-18,876.36,897.63,852.88,860.52
27-Mar-18,916.99,926.38,876.33,876.33
26-Mar-18,967.90,975.61,887.00,919.25
25-Mar-18,973.60,991.07,965.52,966.88
24-Mar-18,1028.12,1030.43,982.30,982.30
23-Mar-18,1011.83,1019.43,966.40,1019.43
22-Mar-18,1033.26,1064.22,992.55,1011.52
21-Mar-18,1066.03,1082.35,1016.37,1033.45
20-Mar-18,998.17,1072.42,958.51,1059.12
19-Mar-18,942.60,997.28,915.51,994.67
18-Mar-18,948.28,948.28,851.61,938.11
17-Mar-18,974.70,1028.73,930.44,949.78
16-Mar-18,943.60,1053.63,902.78,977.03
15-Mar-18,949.77,954.41,877.10,943.64
14-Mar-18,1071.50,1073.12,924.41,949.47
13-Mar-18,1051.07,1100.07,999.75,1064.03
12-Mar-18,1143.94,1152.56,1022.03,1051.28
11-Mar-18,1002.55,1157.07,973.35,1145.17
10-Mar-18,1071.15,1087.30,994.19,1005.93
9-Mar-18,1034.69,1071.65,937.97,1067.02
8-Mar-18,1094.64,1113.61,1006.86,1040.21
7-Mar-18,1205.84,1218.84,1043.70,1092.16
6-Mar-18,1264.19,1264.19,1179.85,1206.04
5-Mar-18,1287.10,1291.88,1268.03,1268.03
4-Mar-18,1267.86,1289.72,1225.10,1289.08
3-Mar-18,1274.67,1302.80,1257.76,1270.38
2-Mar-18,1284.95,1303.66,1255.37,1275.18
1-Mar-18,1204.84,1303.45,1195.03,1291.92
28-Feb-18,1243.26,1275.66,1204.16,1204.16
27-Feb-18,1255.45,1297.69,1231.99,1246.66
26-Feb-18,1177.58,1274.86,1149.44,1250.56
25-Feb-18,1191.35,1210.20,1143.07,1178.10
24-Feb-18,1266.56,1309.38,1149.48,1193.27
23-Feb-18,1217.36,1319.33,1161.42,1270.71
22-Feb-18,1304.66,1350.34,1194.05,1219.49
21-Feb-18,1412.85,1423.94,1293.47,1308.46
20-Feb-18,1543.27,1569.03,1414.35,1418.73
19-Feb-18,1483.34,1553.81,1483.34,1534.77
18-Feb-18,1552.10,1641.40,1428.49,1487.46
17-Feb-18,1548.48,1568.64,1517.14,1551.39
16-Feb-18,1373.16,1558.66,1369.68,1552.20
15-Feb-18,1358.65,1400.71,1330.18,1375.81
14-Feb-18,1229.18,1384.06,1229.18,1362.27
13-Feb-18,1285.23,1289.42,1205.73,1231.98
12-Feb-18,1222.43,1302.66,1222.43,1283.91
11-Feb-18,1255.59,1306.20,1197.87,1217.64
10-Feb-18,1311.99,1394.81,1215.72,1257.31
9-Feb-18,1273.87,1342.41,1206.39,1312.11
8-Feb-18,951.57,1345.20,951.57,1284.56
7-Feb-18,971.08,1040.49,902.49,957.96
6-Feb-18,890.97,978.91,764.02,974.53
5-Feb-18,1159.89,1172.70,839.95,887.41
4-Feb-18,1273.17,1286.98,1101.31,1165.38
3-Feb-18,1194.23,1314.43,1072.83,1272.50
2-Feb-18,1272.50,1272.50,980.78,1191.14
1-Feb-18,1491.12,1503.30,1214.88,1274.35
31-Jan-18,1470.74,1522.87,1406.25,1486.89
30-Jan-18,1657.69,1662.07,1468.17,1470.55
29-Jan-18,1745.36,1763.24,1638.33,1657.14
28-Jan-18,1636.41,1762.34,1636.41,1746.25
27-Jan-18,1602.50,1665.81,1567.78,1628.63
26-Jan-18,1637.19,1678.63,1500.37,1603.90
25-Jan-18,1661.04,1707.70,1611.04,1642.12
24-Jan-18,1622.15,1703.34,1575.42,1639.13
23-Jan-18,1623.14,1700.34,1504.72,1621.46
22-Jan-18,1794.46,1815.42,1525.50,1621.92
21-Jan-18,2033.70,2033.70,1733.99,1776.64
20-Jan-18,1784.26,2124.45,1780.45,2032.12
19-Jan-18,1740.17,1870.78,1723.87,1769.62
18-Jan-18,1752.27,1893.47,1696.25,1756.75
17-Jan-18,1767.58,1875.08,1361.02,1748.05
16-Jan-18,2406.86,2406.86,1555.97,1772.07
15-Jan-18,2541.58,2576.13,2328.31,2401.54
14-Jan-18,2687.10,2746.61,2490.04,2553.32
13-Jan-18,2617.66,2850.27,2589.03,2685.29
12-Jan-18,2475.90,2648.23,2413.33,2620.99
11-Jan-18,2891.55,2976.49,2396.84,2462.61
10-Jan-18,2390.02,2961.20,2332.48,2895.38
9-Jan-18,2412.36,2502.87,2346.68,2391.56
8-Jan-18,2786.60,2810.32,2275.07,2421.47
7-Jan-18,2784.68,3071.16,2730.31,2786.88
6-Jan-18,2583.71,2829.69,2481.36,2786.65
5-Jan-18,2400.74,2648.32,2370.59,2584.48
4-Jan-18,2608.87,2610.20,2359.30,2430.18
3-Jan-18,2700.55,2958.47,2592.56,2608.69
2-Jan-18,2434.50,2867.14,2434.50,2711.00
1-Jan-18,2534.82,2534.86,2389.52,2432.54
31-Dec-17,2376.96,2627.95,2350.03,2533.01
30-Dec-17,2791.55,2791.55,2329.47,2392.41
29-Dec-17,2587.30,2922.41,2389.04,2779.95
28-Dec-17,2888.64,2896.78,2481.30,2566.64
27-Dec-17,3108.32,3108.32,2771.05,2889.52
26-Dec-17,2947.74,3112.64,2915.80,3108.89
25-Dec-17,2929.35,3099.62,2755.60,2954.69
24-Dec-17,3260.55,3260.55,2573.44,2903.12
23-Dec-17,2746.95,3479.71,2684.82,3257.08
22-Dec-17,3324.00,3369.55,1938.36,2696.69
21-Dec-17,3909.00,3909.00,3038.01,3267.17
20-Dec-17,2825.03,4355.62,2825.03,3923.07
19-Dec-17,2199.06,2918.93,2160.92,2805.89
18-Dec-17,1869.21,2353.64,1799.12,2196.64
17-Dec-17,1812.33,1939.93,1806.65,1862.88
16-Dec-17,1824.85,1890.06,1769.50,1801.88
15-Dec-17,1974.66,1974.66,1678.06,1815.43
14-Dec-17,1600.67,2080.41,1593.15,1966.14
13-Dec-17,1616.99,1702.53,1497.94,1607.65
12-Dec-17,1427.38,1638.29,1427.38,1615.03
11-Dec-17,1320.00,1453.49,1316.85,1423.38
10-Dec-17,1411.84,1411.84,1226.21,1323.07
9-Dec-17,1464.63,1526.40,1353.90,1410.06
8-Dec-17,1329.16,1731.32,1247.93,1464.13
7-Dec-17,1430.71,1454.73,1323.75,1330.93
6-Dec-17,1498.49,1530.65,1396.16,1430.10
5-Dec-17,1580.16,1623.16,1498.00,1501.85
4-Dec-17,1560.16,1580.11,1498.98,1576.92
3-Dec-17,1435.36,1649.30,1420.60,1559.93
2-Dec-17,1462.06,1502.37,1415.49,1434.98
1-Dec-17,1381.81,1482.68,1300.46,1462.68
30-Nov-17,1380.36,1468.75,1222.10,1389.78
29-Nov-17,1541.63,1673.23,1332.14,1359.71
28-Nov-17,1621.17,1629.48,1543.08,1546.18
27-Nov-17,1722.93,1742.40,1607.79,1622.57
26-Nov-17,1571.39,1758.61,1563.35,1735.66
25-Nov-17,1634.00,1656.55,1535.77,1571.27
24-Nov-17,1651.86,1782.83,1575.76,1648.51
23-Nov-17,1302.23,1683.81,1299.95,1683.81
22-Nov-17,1175.06,1335.25,1171.60,1303.31
21-Nov-17,1220.78,1224.15,1140.88,1176.97
20-Nov-17,1172.43,1236.01,1167.28,1236.01
19-Nov-17,1260.95,1262.34,1144.08,1172.05
18-Nov-17,1197.43,1388.11,1197.43,1254.53
17-Nov-17,909.16,1217.42,863.98,1185.48
16-Nov-17,1202.17,1210.36,876.57,900.78
15-Nov-17,1269.79,1326.39,1191.98,1212.40
14-Nov-17,1346.73,1390.21,1211.39,1273.53
13-Nov-17,1381.82,1501.16,1043.00,1353.99
12-Nov-17,1346.97,2477.65,1215.58,1388.86
11-Nov-17,1001.64,1403.66,910.72,1340.45
10-Nov-17,651.78,1034.77,651.78,1007.42
9-Nov-17,622.31,670.14,619.26,654.30
8-Nov-17,615.24,646.38,565.60,622.46
7-Nov-17,602.68,626.21,602.45,616.30
6-Nov-17,630.31,657.34,602.65,602.65
5-Nov-17,619.91,635.72,579.13,630.70
4-Nov-17,635.35,642.05,571.12,620.45
3-Nov-17,587.32,684.53,577.86,625.32
2-Nov-17,527.68,610.39,514.52,587.22
1-Nov-17,438.30,538.26,437.91,531.83
31-Oct-17,449.37,454.07,431.76,439.05
30-Oct-17,458.45,478.42,417.62,448.23
29-Oct-17,420.47,526.12,408.40,451.92
28-Oct-17,369.54,425.45,369.06,423.35
27-Oct-17,338.30,372.81,338.24,367.57
26-Oct-17,332.11,350.94,331.21,338.20
25-Oct-17,326.59,334.38,320.38,332.13
24-Oct-17,315.90,340.45,311.48,326.89
23-Oct-17,330.67,332.28,309.87,315.60
22-Oct-17,323.50,355.52,323.50,331.66
21-Oct-17,326.75,328.45,317.46,323.36
20-Oct-17,330.90,332.98,323.08,327.44
19-Oct-17,339.27,339.27,326.27,330.81
18-Oct-17,373.65,376.18,313.77,339.17
17-Oct-17,313.70,394.96,309.64,371.73
16-Oct-17,315.26,318.02,310.52,313.64
15-Oct-17,322.42,323.59,307.68,314.95
14-Oct-17,321.54,327.42,317.35,321.96
13-Oct-17,314.15,323.08,304.38,321.46
12-Oct-17,315.47,330.13,310.71,313.21
11-Oct-17,320.20,321.27,312.13,314.90
10-Oct-17,313.22,352.02,311.70,321.59
9-Oct-17,342.76,342.76,289.04,314.16
8-Oct-17,360.09,362.46,337.00,342.21
7-Oct-17,363.60,364.88,356.07,360.78
6-Oct-17,355.43,371.28,354.96,363.01
5-Oct-17,358.42,371.19,348.45,355.75
4-Oct-17,404.20,404.45,354.55,358.45
3-Oct-17,421.79,421.79,395.74,404.18
2-Oct-17,415.87,430.86,411.84,421.19
1-Oct-17,433.38,436.94,415.15,415.15
30-Sep-17,436.64,445.62,432.53,432.63
29-Sep-17,447.66,447.92,426.99,436.77
28-Sep-17,456.71,465.20,433.50,447.81
27-Sep-17,441.86,460.00,439.41,457.31
26-Sep-17,445.36,458.25,441.83,441.83
25-Sep-17,419.65,450.13,419.65,445.80
24-Sep-17,428.80,433.04,419.25,421.03
23-Sep-17,415.31,432.96,407.45,428.50
22-Sep-17,417.92,435.45,402.77,415.09
21-Sep-17,475.83,480.01,413.75,416.26
20-Sep-17,526.74,527.72,471.09,476.05
19-Sep-17,480.64,550.41,450.05,527.88
18-Sep-17,422.09,479.69,422.09,479.32
17-Sep-17,438.90,438.90,384.06,419.86
16-Sep-17,424.49,450.98,388.20,440.22
15-Sep-17,369.49,448.39,301.69,424.02
14-Sep-17,504.22,510.47,367.04,367.04
13-Sep-17,509.47,519.20,471.22,503.61
12-Sep-17,539.03,559.22,505.01,510.41
11-Sep-17,537.19,556.25,515.67,537.81
10-Sep-17,546.47,546.75,484.09,537.07
9-Sep-17,584.73,586.18,539.15,547.47
8-Sep-17,654.37,687.30,557.51,583.10
7-Sep-17,636.85,707.98,603.50,652.85
6-Sep-17,541.28,642.69,539.96,638.18
5-Sep-17,514.90,550.95,458.78,541.71
4-Sep-17,608.26,608.26,500.76,517.24
3-Sep-17,578.27,617.41,563.59,607.43
2-Sep-17,621.96,642.05,560.58,575.90
1-Sep-17,588.40,645.52,586.73,622.17
31-Aug-17,576.25,603.69,572.14,588.17
30-Aug-17,549.32,604.69,535.92,575.21
29-Aug-17,596.13,599.30,528.32,552.93
28-Aug-17,619.70,626.88,595.52,596.18
27-Aug-17,625.89,654.87,589.64,620.90
26-Aug-17,641.88,646.93,622.36,625.32
25-Aug-17,627.06,665.41,624.30,641.05
24-Aug-17,670.03,697.32,617.31,628.11
23-Aug-17,690.96,715.67,651.32,669.40
22-Aug-17,596.19,734.88,570.27,690.88
21-Aug-17,723.70,756.59,573.47,599.64
20-Aug-17,772.42,858.96,683.94,712.87
19-Aug-17,697.04,1091.97,625.16,754.56
18-Aug-17,458.67,764.07,458.67,690.24
17-Aug-17,301.02,460.53,293.10,460.53
16-Aug-17,297.97,307.62,290.21,300.21
15-Aug-17,298.18,306.52,292.88,297.86
14-Aug-17,296.10,327.39,293.50,297.68
13-Aug-17,316.29,317.47,298.05,298.05
12-Aug-17,327.82,341.85,313.70,317.09
11-Aug-17,275.88,351.16,275.02,328.24
10-Aug-17,305.21,311.68,274.68,275.95
9-Aug-17,345.28,349.32,298.61,303.89
8-Aug-17,321.35,386.29,309.61,345.49
7-Aug-17,223.76,373.87,223.76,319.69
6-Aug-17,212.18,223.70,203.45,220.66
5-Aug-17,231.11,273.04,200.98,213.15
4-Aug-17,362.18,386.93,233.05,233.05
3-Aug-17,448.49,519.28,364.05,364.05
2-Aug-17,382.38,756.93,309.33,452.66
1-Aug-17,294.60,426.11,210.38,380.01
