30-Apr-19,5247.73,5363.26,5224.19,5350.73
29-Apr-19,5284.86,5311.27,5216.49,5247.35
28-Apr-19,5271.75,5326.23,5255.68,5285.14
27-Apr-19,5279.47,5310.75,5233.64,5268.29
26-Apr-19,5210.30,5383.63,5177.37,5279.35
25-Apr-19,5466.52,5542.24,5181.34,5210.52
24-Apr-19,5571.51,5642.04,5418.26,5464.87
23-Apr-19,5399.37,5633.80,5389.41,5572.36
22-Apr-19,5312.49,5422.69,5280.28,5399.37
21-Apr-19,5335.88,5359.93,5257.34,5314.53
20-Apr-19,5304.16,5358.49,5295.88,5337.89
19-Apr-19,5298.15,5336.68,5233.34,5303.81
18-Apr-19,5251.48,5319.99,5250.51,5298.39
17-Apr-19,5236.14,5274.28,5219.21,5251.94
16-Apr-19,5066.58,5238.95,5055.19,5235.56
15-Apr-19,5167.32,5196.61,5024.07,5067.11
14-Apr-19,5095.76,5184.02,5053.57,5167.72
13-Apr-19,5088.85,5127.12,5061.59,5096.59
12-Apr-19,5061.20,5103.27,4955.85,5089.54
11-Apr-19,5325.08,5354.23,5017.30,5064.49
10-Apr-19,5204.11,5421.65,5193.38,5324.55
9-Apr-19,5289.92,5289.92,5167.42,5204.96
8-Apr-19,5199.84,5318.84,5148.21,5289.77
7-Apr-19,5062.79,5235.19,5050.41,5198.90
6-Apr-19,5036.79,5205.82,4992.22,5059.82
5-Apr-19,4922.81,5053.51,4919.49,5036.68
4-Apr-19,4971.31,5063.16,4836.79,4922.80
3-Apr-19,4879.96,5307.00,4876.62,4973.02
2-Apr-19,4156.92,4905.95,4155.32,4879.88
1-Apr-19,4105.36,4164.95,4096.90,4158.18
31-Mar-19,4105.46,4113.02,4094.10,4105.40
30-Mar-19,4092.14,4296.81,4053.91,4106.66
29-Mar-19,4068.30,4113.50,4034.10,4098.37
28-Mar-19,4087.58,4094.90,4040.27,4069.11
27-Mar-19,3984.24,4087.07,3977.81,4087.07
26-Mar-19,3969.23,3985.08,3944.75,3985.08
25-Mar-19,4024.11,4038.84,3934.03,3963.07
24-Mar-19,4035.16,4040.70,4006.19,4022.17
23-Mar-19,4022.71,4049.88,4015.96,4035.83
22-Mar-19,4028.51,4053.91,4021.54,4023.97
21-Mar-19,4083.95,4097.36,4005.15,4029.33
20-Mar-19,4070.79,4089.46,4031.11,4087.48
19-Mar-19,4032.69,4082.22,4023.81,4071.19
18-Mar-19,4029.97,4071.56,4009.12,4032.51
17-Mar-19,4047.72,4054.12,4006.41,4025.23
16-Mar-19,3963.90,4077.04,3961.66,4048.73
15-Mar-19,3926.66,3968.54,3914.02,3960.91
14-Mar-19,3905.58,3946.50,3901.30,3924.37
13-Mar-19,3913.05,3926.60,3891.90,3906.72
12-Mar-19,3903.76,3926.89,3863.56,3909.16
11-Mar-19,3953.74,3966.38,3889.24,3905.23
10-Mar-19,3966.17,3966.17,3924.38,3951.60
9-Mar-19,3894.55,3987.24,3892.39,3963.31
8-Mar-19,3913.23,3950.43,3875.23,3901.13
7-Mar-19,3903.38,3939.37,3894.11,3911.48
6-Mar-19,3897.08,3919.51,3871.46,3903.94
5-Mar-19,3759.83,3903.92,3745.18,3896.38
4-Mar-19,3845.09,3867.38,3733.75,3761.56
3-Mar-19,3862.27,3875.48,3836.91,3847.18
2-Mar-19,3855.32,3874.61,3832.13,3864.42
1-Mar-19,3853.76,3907.80,3851.69,3859.58
28-Feb-19,3848.26,3906.06,3845.82,3854.79
27-Feb-19,3857.48,3888.80,3787.06,3851.05
26-Feb-19,3878.70,3891.58,3837.99,3854.36
25-Feb-19,3807.00,3913.71,3807.00,3882.70
24-Feb-19,4145.46,4210.64,3793.71,3810.43
23-Feb-19,3998.92,4166.29,3968.73,4142.53
22-Feb-19,3952.41,4006.54,3950.82,4005.53
21-Feb-19,4000.26,4010.01,3940.11,3954.12
20-Feb-19,3946.68,4000.49,3926.25,3999.82
19-Feb-19,3911.66,4010.88,3908.15,3947.09
18-Feb-19,3671.37,3936.67,3669.98,3915.71
17-Feb-19,3633.36,3680.54,3619.18,3673.84
16-Feb-19,3615.27,3652.84,3615.27,3629.79
15-Feb-19,3617.37,3647.80,3608.21,3620.81
14-Feb-19,3631.17,3646.26,3607.70,3616.88
13-Feb-19,3653.60,3669.75,3617.25,3632.07
12-Feb-19,3642.75,3668.59,3618.56,3653.53
11-Feb-19,3695.61,3695.61,3642.29,3648.43
10-Feb-19,3673.20,3695.04,3640.98,3690.19
9-Feb-19,3671.59,3679.94,3646.56,3671.20
8-Feb-19,3401.38,3695.61,3391.02,3666.78
7-Feb-19,3414.93,3427.95,3394.22,3399.47
6-Feb-19,3469.09,3469.09,3398.57,3413.77
5-Feb-19,3454.95,3478.15,3451.94,3466.36
4-Feb-19,3467.21,3476.22,3442.59,3459.15
3-Feb-19,3516.14,3521.39,3447.92,3464.01
2-Feb-19,3484.63,3523.29,3467.57,3521.06
1-Feb-19,3460.55,3501.95,3431.59,3487.95
31-Jan-19,3485.41,3504.80,3447.92,3457.79
30-Jan-19,3443.90,3495.17,3429.39,3486.18
29-Jan-19,3468.87,3476.07,3400.82,3448.12
28-Jan-19,3584.28,3586.75,3439.23,3470.45
27-Jan-19,3604.69,3612.67,3567.25,3583.97
26-Jan-19,3599.72,3654.93,3593.35,3602.46
25-Jan-19,3607.39,3612.93,3575.60,3599.77
24-Jan-19,3584.50,3616.09,3569.09,3600.87
23-Jan-19,3605.56,3623.07,3565.31,3585.12
22-Jan-19,3575.08,3620.75,3539.72,3604.58
21-Jan-19,3600.37,3608.84,3558.54,3576.03
20-Jan-19,3725.45,3743.39,3583.02,3601.01
19-Jan-19,3652.38,3758.53,3652.38,3728.57
18-Jan-19,3677.99,3682.52,3637.08,3657.84
17-Jan-19,3651.87,3680.14,3621.96,3678.56
16-Jan-19,3631.51,3685.78,3624.67,3655.01
15-Jan-19,3704.22,3720.15,3619.95,3630.68
14-Jan-19,3557.31,3727.84,3552.29,3706.05
13-Jan-19,3658.87,3674.76,3544.93,3552.95
12-Jan-19,3686.97,3698.98,3653.81,3661.30
11-Jan-19,3674.02,3713.88,3653.07,3687.37
10-Jan-19,4034.41,4064.07,3659.17,3678.92
9-Jan-19,4031.55,4068.40,4022.66,4035.30
8-Jan-19,4028.47,4109.02,3996.96,4030.85
7-Jan-19,4078.59,4092.61,4020.89,4025.25
6-Jan-19,3836.52,4093.30,3826.51,4076.63
5-Jan-19,3851.97,3904.90,3836.90,3845.19
4-Jan-19,3832.04,3865.93,3783.85,3857.72
3-Jan-19,3931.05,3935.69,3826.22,3836.74
2-Jan-19,3849.22,3947.98,3817.41,3943.41
1-Jan-19,3746.71,3850.91,3707.23,3843.52
31-Dec-18,3866.84,3868.74,3725.87,3742.70
30-Dec-18,3822.38,3901.91,3797.22,3865.95
29-Dec-18,3932.49,3963.76,3820.41,3820.41
28-Dec-18,3653.13,3956.14,3642.63,3923.92
27-Dec-18,3854.69,3874.42,3645.45,3654.83
26-Dec-18,3819.67,3893.36,3769.86,3857.30
25-Dec-18,4081.03,4089.56,3760.02,3815.49
24-Dec-18,4000.33,4271.79,4000.33,4078.60
23-Dec-18,4020.99,4085.72,3976.41,3998.98
22-Dec-18,3898.08,4014.18,3855.74,4014.18
21-Dec-18,4133.70,4198.43,3850.95,3896.54
20-Dec-18,3742.20,4191.23,3728.97,4134.44
19-Dec-18,3706.82,3949.32,3687.23,3745.95
18-Dec-18,3544.76,3701.35,3487.17,3696.06
17-Dec-18,3253.12,3597.92,3253.12,3545.86
16-Dec-18,3236.27,3305.75,3233.82,3252.84
15-Dec-18,3244.00,3275.38,3191.30,3236.76
14-Dec-18,3311.75,3329.56,3206.54,3242.48
13-Dec-18,3487.88,3489.74,3298.13,3313.68
12-Dec-18,3421.46,3534.23,3413.48,3486.95
11-Dec-18,3497.55,3513.18,3392.25,3424.59
10-Dec-18,3612.05,3647.33,3470.14,3502.66
9-Dec-18,3473.23,3685.31,3469.09,3614.23
8-Dec-18,3421.91,3506.04,3350.65,3476.11
7-Dec-18,3512.59,3512.59,3280.23,3419.94
6-Dec-18,3754.07,3874.97,3521.10,3521.10
5-Dec-18,3958.89,3969.54,3753.99,3753.99
4-Dec-18,3886.29,4075.63,3832.75,3956.89
3-Dec-18,4147.32,4155.98,3840.45,3894.13
2-Dec-18,4200.73,4301.52,4110.98,4139.88
1-Dec-18,4024.46,4309.38,3969.71,4214.67
30-Nov-18,4289.09,4322.98,3942.82,4017.27
29-Nov-18,4269.00,4413.02,4145.77,4278.85
28-Nov-18,3822.47,4385.90,3822.47,4257.42
27-Nov-18,3765.95,3862.96,3661.01,3820.72
26-Nov-18,4015.07,4107.14,3643.92,3779.13
25-Nov-18,3880.78,4120.87,3585.06,4009.97
24-Nov-18,4347.69,4413.09,3795.16,3880.76
23-Nov-18,4360.70,4396.42,4195.68,4347.11
22-Nov-18,4611.57,4629.64,4365.64,4365.94
21-Nov-18,4465.54,4675.73,4343.98,4602.17
20-Nov-18,4863.93,4951.61,4272.11,4451.87
19-Nov-18,5620.78,5620.78,4842.91,4871.49
18-Nov-18,5559.74,5653.61,5559.74,5623.54
17-Nov-18,5578.58,5578.58,5519.56,5554.33
16-Nov-18,5645.32,5657.02,5498.94,5575.55
15-Nov-18,5736.15,5774.82,5358.38,5648.03
14-Nov-18,6351.24,6371.55,5544.09,5738.35
13-Nov-18,6373.19,6395.27,6342.67,6359.49
12-Nov-18,6411.76,6434.21,6360.47,6371.27
11-Nov-18,6413.63,6423.25,6350.17,6411.27
10-Nov-18,6386.13,6437.28,6385.31,6409.22
9-Nov-18,6442.60,6456.46,6373.37,6385.62
8-Nov-18,6522.27,6536.92,6438.53,6453.72
7-Nov-18,6468.50,6552.16,6468.31,6530.14
6-Nov-18,6433.38,6463.55,6408.16,6461.01
5-Nov-18,6363.62,6480.59,6363.62,6419.66
4-Nov-18,6365.47,6388.63,6294.57,6376.13
3-Nov-18,6387.24,6400.07,6342.37,6361.26
2-Nov-18,6378.92,6396.86,6327.38,6388.44
1-Nov-18,6318.14,6547.14,6311.83,6377.78
31-Oct-18,6336.99,6349.16,6316.88,6317.61
30-Oct-18,6337.04,6364.99,6310.14,6334.27
29-Oct-18,6492.35,6503.60,6306.99,6332.63
28-Oct-18,6482.66,6502.28,6447.91,6486.39
27-Oct-18,6480.84,6507.41,6453.53,6480.38
26-Oct-18,6468.44,6498.29,6449.61,6474.75
25-Oct-18,6484.65,6504.65,6447.03,6476.29
24-Oct-18,6478.89,6521.99,6468.86,6495.84
23-Oct-18,6472.36,6506.01,6451.27,6475.74
22-Oct-18,6486.05,6543.80,6462.98,6487.16
21-Oct-18,6490.09,6556.38,6476.00,6482.35
20-Oct-18,6460.92,6497.72,6449.00,6489.19
19-Oct-18,6478.07,6493.68,6445.31,6465.41
18-Oct-18,6542.33,6567.54,6450.04,6476.71
17-Oct-18,6590.52,6601.21,6517.45,6544.43
16-Oct-18,6601.41,6673.59,6571.37,6596.11
15-Oct-18,6292.64,6965.06,6258.68,6596.54
14-Oct-18,6288.49,6363.21,6280.15,6290.93
13-Oct-18,6278.08,6308.51,6259.81,6285.99
12-Oct-18,6239.25,6328.50,6236.47,6274.58
11-Oct-18,6586.74,6586.74,6243.74,6256.24
10-Oct-18,6640.29,6640.29,6538.96,6585.53
9-Oct-18,6653.08,6661.41,6606.94,6642.64
8-Oct-18,6600.19,6675.06,6576.04,6652.23
7-Oct-18,6590.68,6641.49,6557.04,6602.95
6-Oct-18,6622.45,6628.54,6577.80,6588.31
5-Oct-18,6574.15,6623.62,6557.41,6622.48
4-Oct-18,6497.91,6603.31,6497.91,6576.69
3-Oct-18,6553.86,6571.46,6454.03,6502.59
2-Oct-18,6593.24,6611.84,6537.90,6556.10
1-Oct-18,6619.85,6653.30,6549.08,6589.62
30-Sep-18,6604.71,6643.78,6566.54,6625.56
29-Sep-18,6643.10,6643.10,6511.65,6601.96
28-Sep-18,6678.75,6785.03,6598.32,6644.13
27-Sep-18,6495.29,6712.10,6464.95,6676.75
26-Sep-18,6452.79,6585.91,6397.89,6495.00
25-Sep-18,6603.64,6603.64,6381.86,6446.47
24-Sep-18,6704.77,6713.56,6580.90,6595.41
23-Sep-18,6715.32,6766.15,6679.42,6710.63
22-Sep-18,6735.05,6814.56,6616.80,6721.98
21-Sep-18,6513.87,6794.33,6496.36,6734.95
20-Sep-18,6398.85,6529.26,6395.95,6519.67
19-Sep-18,6371.85,6448.46,6208.34,6398.54
18-Sep-18,6280.91,6384.18,6265.71,6371.30
17-Sep-18,6514.06,6540.21,6257.52,6281.20
16-Sep-18,6536.68,6544.33,6460.10,6517.18
15-Sep-18,6509.40,6561.72,6493.55,6543.20
14-Sep-18,6515.41,6596.10,6456.17,6512.71
13-Sep-18,6354.24,6535.41,6354.24,6517.31
12-Sep-18,6317.01,6363.87,6265.09,6351.80
11-Sep-18,6331.88,6398.92,6260.21,6321.20
10-Sep-18,6301.57,6374.98,6292.76,6329.70
9-Sep-18,6223.38,6446.26,6201.22,6300.86
8-Sep-18,6460.17,6534.25,6197.52,6225.98
7-Sep-18,6528.92,6555.29,6396.87,6467.07
6-Sep-18,6755.14,6755.14,6404.72,6529.17
5-Sep-18,7361.46,7388.43,6792.83,6792.83
4-Sep-18,7263.00,7388.26,7255.44,7361.66
3-Sep-18,7279.03,7317.94,7208.15,7260.06
2-Sep-18,7189.58,7306.31,7132.16,7272.72
1-Sep-18,7044.81,7242.29,7038.05,7193.25
31-Aug-18,6973.97,7057.17,6920.16,7037.58
30-Aug-18,7043.76,7072.69,6834.69,6978.23
29-Aug-18,7091.71,7113.30,6970.82,7047.16
28-Aug-18,6891.08,7109.56,6882.34,7096.28
27-Aug-18,6710.80,6884.64,6689.71,6884.64
26-Aug-18,6754.64,6774.75,6620.75,6707.26
25-Aug-18,6719.95,6789.63,6700.96,6763.19
24-Aug-18,6551.52,6719.96,6498.64,6719.96
23-Aug-18,6371.34,6546.54,6371.34,6534.88
22-Aug-18,6486.25,6816.79,6310.11,6376.71
21-Aug-18,6301.07,6500.87,6298.24,6488.76
20-Aug-18,6500.51,6536.92,6297.93,6308.53
19-Aug-18,6422.57,6537.98,6361.55,6506.07
18-Aug-18,6583.43,6617.35,6353.73,6423.76
17-Aug-18,6340.91,6582.50,6324.97,6580.63
16-Aug-18,6294.23,6473.50,6276.41,6334.73
15-Aug-18,6221.42,6588.49,6221.42,6308.52
14-Aug-18,6287.66,6287.94,5971.05,6199.71
13-Aug-18,6341.36,6537.05,6225.72,6297.57
12-Aug-18,6283.65,6409.85,6237.50,6322.69
11-Aug-18,6185.79,6455.74,6109.03,6295.73
10-Aug-18,6571.42,6591.26,6124.52,6184.71
9-Aug-18,6305.56,6625.73,6249.07,6568.23
8-Aug-18,6746.85,6746.85,6226.22,6305.80
7-Aug-18,6958.32,7146.56,6748.24,6753.12
6-Aug-18,7062.94,7166.55,6890.54,6951.80
5-Aug-18,7031.08,7102.77,6940.70,7068.48
4-Aug-18,7438.67,7497.49,6984.07,7032.85
3-Aug-18,7562.14,7562.14,7328.65,7434.39
2-Aug-18,7634.19,7712.77,7523.44,7567.15
1-Aug-18,7769.04,7769.04,7504.95,7624.91
31-Jul-18,8181.20,8181.53,7696.93,7780.44
30-Jul-18,8221.58,8235.50,7917.50,8180.48
29-Jul-18,8205.82,8272.26,8141.18,8218.46
28-Jul-18,8169.06,8222.85,8110.77,8192.15
27-Jul-18,7950.40,8262.66,7839.76,8165.01
26-Jul-18,8176.85,8290.33,7878.71,7951.58
25-Jul-18,8379.66,8416.87,8086.36,8181.39
24-Jul-18,7716.51,8424.27,7705.50,8424.27
23-Jul-18,7414.71,7771.50,7409.10,7711.11
22-Jul-18,7417.80,7537.95,7383.82,7418.49
21-Jul-18,7352.72,7437.64,7262.41,7419.29
20-Jul-18,7467.40,7594.67,7323.26,7354.13
19-Jul-18,7378.20,7494.46,7295.46,7466.86
18-Jul-18,7315.32,7534.99,7280.47,7370.78
17-Jul-18,6739.65,7387.24,6684.17,7321.04
16-Jul-18,6357.01,6741.75,6357.01,6741.75
15-Jul-18,6272.70,6403.46,6256.51,6359.64
14-Jul-18,6247.50,6298.19,6212.22,6276.12
13-Jul-18,6235.03,6310.55,6192.24,6238.05
12-Jul-18,6396.78,6397.10,6136.42,6228.81
11-Jul-18,6330.77,6444.96,6330.47,6394.71
10-Jul-18,6739.21,6767.74,6320.72,6329.95
9-Jul-18,6775.08,6838.68,6724.34,6741.75
8-Jul-18,6857.80,6885.91,6747.98,6773.88
7-Jul-18,6668.71,6863.99,6579.24,6856.93
6-Jul-18,6638.69,6700.94,6533.55,6673.50
5-Jul-18,6599.71,6749.54,6546.65,6639.14
4-Jul-18,6550.87,6771.92,6450.46,6597.55
3-Jul-18,6596.66,6671.37,6447.75,6529.59
2-Jul-18,6380.38,6683.86,6305.70,6614.18
1-Jul-18,6411.68,6432.85,6289.29,6385.82
30-Jun-18,6214.22,6465.51,6214.22,6404.00
29-Jun-18,5898.13,6261.66,5835.75,6218.30
28-Jun-18,6153.16,6170.41,5873.05,5903.44
27-Jun-18,6084.40,6180.00,6052.85,6157.13
26-Jun-18,6253.55,6290.16,6093.67,6093.67
25-Jun-18,6171.97,6327.37,6119.68,6249.18
24-Jun-18,6164.28,6223.78,5826.41,6173.23
23-Jun-18,6090.10,6224.82,6071.81,6162.48
22-Jun-18,6737.88,6747.08,6006.60,6083.69
21-Jun-18,6780.09,6810.94,6715.17,6729.74
20-Jun-18,6770.76,6821.56,6611.88,6776.55
19-Jun-18,6742.39,6822.50,6709.92,6769.94
18-Jun-18,6510.07,6781.14,6446.68,6734.82
17-Jun-18,6545.53,6589.11,6499.27,6499.27
16-Jun-18,6455.45,6592.49,6402.29,6550.16
15-Jun-18,6674.08,6681.08,6433.87,6456.58
14-Jun-18,6342.75,6707.14,6334.46,6675.35
13-Jun-18,6596.88,6631.66,6285.63,6349.90
12-Jun-18,6905.82,6907.96,6542.08,6582.36
11-Jun-18,6799.29,6910.18,6706.63,6906.92
10-Jun-18,7499.55,7499.55,6709.07,6786.02
9-Jun-18,7632.52,7683.58,7531.98,7531.98
8-Jun-18,7685.14,7698.19,7558.40,7624.92
7-Jun-18,7650.82,7741.27,7650.82,7678.24
6-Jun-18,7625.97,7680.43,7502.01,7653.98
5-Jun-18,7500.90,7643.23,7397.00,7633.76
4-Jun-18,7722.53,7753.82,7474.04,7514.47
3-Jun-18,7632.09,7754.89,7613.04,7720.25
2-Jun-18,7536.72,7695.83,7497.26,7643.45
1-Jun-18,7500.70,7604.73,7407.34,7541.45
31-May-18,7406.15,7608.90,7361.13,7494.17
30-May-18,7469.73,7573.77,7313.60,7406.52
29-May-18,7129.46,7526.42,7090.68,7472.59
28-May-18,7371.31,7419.05,7100.89,7135.99
27-May-18,7362.08,7381.74,7270.96,7368.22
26-May-18,7486.48,7595.16,7349.12,7355.88
25-May-18,7592.30,7659.14,7392.65,7480.14
24-May-18,7561.12,7738.60,7331.14,7587.34
23-May-18,8037.08,8054.66,7507.88,7557.82
22-May-18,8419.87,8423.25,8004.58,8041.78
21-May-18,8522.33,8557.52,8365.12,8418.99
20-May-18,8246.99,8562.41,8205.24,8513.25
19-May-18,8255.73,8372.06,8183.35,8247.18
18-May-18,8091.83,8274.12,7974.82,8250.97
17-May-18,8370.05,8445.54,8054.12,8094.32
16-May-18,8504.41,8508.43,8175.49,8368.83
15-May-18,8705.19,8836.19,8456.45,8510.38
14-May-18,8713.10,8881.12,8367.97,8716.79
13-May-18,8515.49,8773.55,8395.12,8723.94
12-May-18,8441.44,8664.86,8223.50,8504.89
11-May-18,9052.96,9052.96,8394.46,8441.49
10-May-18,9325.96,9396.04,9040.52,9043.94
9-May-18,9223.73,9374.76,9031.62,9325.18
8-May-18,9380.87,9462.75,9127.77,9234.82
7-May-18,9645.67,9665.85,9231.53,9373.01
6-May-18,9845.31,9940.14,9465.25,9654.80
5-May-18,9700.28,9964.50,9695.12,9858.15
4-May-18,9695.50,9779.20,9585.96,9700.76
3-May-18,9233.97,9798.33,9188.15,9743.86
2-May-18,9104.60,9256.52,9015.14,9235.92
1-May-18,9251.47,9255.88,8891.05,9119.01
30-Apr-18,9426.11,9477.14,9166.81,9240.55
29-Apr-18,9346.41,9531.49,9193.71,9419.08
28-Apr-18,8939.27,9412.09,8931.99,9348.48
27-Apr-18,9290.63,9375.47,8987.05,8987.05
26-Apr-18,8867.32,9281.51,8727.09,9281.51
25-Apr-18,9701.03,9745.32,8799.84,8845.74
24-Apr-18,8934.34,9732.61,8927.83,9697.50
23-Apr-18,8794.39,8958.55,8788.81,8930.88
22-Apr-18,8925.06,9001.64,8779.61,8802.46
21-Apr-18,8848.79,8997.57,8652.15,8895.58
20-Apr-18,8286.88,8880.23,8244.54,8845.83
19-Apr-18,8159.27,8298.69,8138.78,8294.31
18-Apr-18,7944.43,8197.80,7886.01,8163.42
17-Apr-18,8071.66,8285.96,7881.72,7902.09
16-Apr-18,8337.57,8371.15,7925.73,8058.67
15-Apr-18,7999.33,8338.42,7999.33,8329.11
14-Apr-18,7874.67,8140.71,7846.00,7986.24
13-Apr-18,7901.09,8183.96,7758.93,7895.96
12-Apr-18,6955.38,7899.23,6806.51,7889.25
11-Apr-18,6843.47,6968.32,6817.59,6968.32
10-Apr-18,6795.44,6872.41,6704.15,6834.76
9-Apr-18,7044.32,7178.11,6661.99,6770.73
8-Apr-18,6919.98,7111.56,6919.98,7023.52
7-Apr-18,6630.51,7050.54,6630.51,6911.09
6-Apr-18,6815.96,6857.49,6575.00,6636.32
5-Apr-18,6848.65,6933.82,6644.80,6811.47
4-Apr-18,7456.41,7469.88,6803.88,6853.84
3-Apr-18,7102.26,7530.94,7072.49,7456.11
2-Apr-18,6844.86,7135.47,6816.58,7083.80
1-Apr-18,7003.06,7060.95,6526.87,6844.23
31-Mar-18,6892.48,7207.85,6863.52,6973.53
30-Mar-18,7171.45,7276.66,6683.93,6890.52
29-Mar-18,7979.07,7994.33,7081.38,7165.70
28-Mar-18,7836.83,8122.89,7809.17,7954.48
27-Mar-18,8200.00,8232.78,7797.28,7833.04
26-Mar-18,8498.47,8530.08,7921.43,8209.40
25-Mar-18,8612.81,8682.01,8449.10,8495.78
24-Mar-18,8901.95,8996.18,8665.70,8668.12
23-Mar-18,8736.25,8879.62,8360.62,8879.62
22-Mar-18,8939.44,9100.71,8564.90,8728.47
21-Mar-18,8937.48,9177.37,8846.33,8929.28
20-Mar-18,8619.67,9051.02,8389.89,8913.47
19-Mar-18,8344.12,8675.87,8182.40,8630.65
18-Mar-18,7890.52,8245.51,7397.99,8223.68
17-Mar-18,8321.91,8346.53,7812.82,7916.88
16-Mar-18,8322.91,8585.15,8005.31,8338.35
15-Mar-18,8290.76,8428.35,7783.05,8300.86
14-Mar-18,9214.65,9355.85,8068.59,8269.81
13-Mar-18,9173.04,9470.38,8958.19,9194.85
12-Mar-18,9602.93,9937.50,8956.43,9205.12
11-Mar-18,8852.78,9711.89,8607.12,9578.63
10-Mar-18,9350.59,9531.32,8828.47,8866.00
9-Mar-18,9414.69,9466.35,8513.03,9337.55
8-Mar-18,9951.44,10147.40,9335.87,9395.01
7-Mar-18,10803.90,10929.50,9692.12,9965.57
6-Mar-18,11500.10,11500.10,10694.30,10779.90
5-Mar-18,11532.40,11704.10,11443.90,11573.30
4-Mar-18,11497.40,11512.60,11136.10,11512.60
3-Mar-18,11101.90,11528.20,11002.40,11489.70
2-Mar-18,10977.40,11189.00,10850.10,11086.40
1-Mar-18,10385.00,11052.30,10352.70,10951.00
28-Feb-18,10687.20,11089.80,10393.10,10397.90
27-Feb-18,10393.90,10878.50,10246.10,10725.60
26-Feb-18,9669.43,10475.00,9501.73,10366.70
25-Feb-18,9796.42,9923.22,9407.06,9664.73
24-Feb-18,10287.70,10597.20,9546.97,9813.07
23-Feb-18,9937.07,10487.30,9734.56,10301.10
22-Feb-18,10660.40,11039.10,9939.09,10005.00
21-Feb-18,11372.20,11418.50,10479.10,10690.40
20-Feb-18,11231.80,11958.50,11231.80,11403.70
19-Feb-18,10552.60,11273.80,10513.20,11225.30
18-Feb-18,11123.40,11349.80,10326.00,10551.80
17-Feb-18,10207.50,11139.50,10149.40,11112.70
16-Feb-18,10135.70,10324.10,9824.82,10233.90
15-Feb-18,9488.32,10234.80,9395.58,10166.40
14-Feb-18,8599.92,9518.54,8599.92,9494.63
13-Feb-18,8926.72,8958.47,8455.41,8598.31
12-Feb-18,8141.43,8985.92,8141.43,8926.57
11-Feb-18,8616.13,8616.13,7931.10,8129.97
10-Feb-18,8720.08,9122.55,8295.47,8621.90
9-Feb-18,8271.84,8736.98,7884.71,8736.98
8-Feb-18,7637.86,8558.77,7637.86,8265.59
7-Feb-18,7755.49,8509.11,7236.79,7621.30
6-Feb-18,7051.75,7850.70,6048.26,7754.00
5-Feb-18,8270.54,8364.84,6756.68,6955.27
4-Feb-18,9175.70,9334.87,8031.22,8277.01
3-Feb-18,8852.12,9430.75,8251.63,9174.91
2-Feb-18,9142.28,9142.28,7796.49,8830.75
1-Feb-18,10237.30,10288.80,8812.28,9170.54
31-Jan-18,10108.20,10381.60,9777.42,10221.10
30-Jan-18,11306.80,11307.20,10036.20,10106.30
29-Jan-18,11755.50,11875.60,11179.20,11296.40
28-Jan-18,11475.30,12040.30,11475.30,11786.30
27-Jan-18,11174.90,11614.90,10989.20,11440.70
26-Jan-18,11256.00,11656.70,10470.30,11171.40
25-Jan-18,11421.70,11785.70,11057.40,11259.40
24-Jan-18,10903.40,11501.40,10639.80,11359.40
23-Jan-18,10944.50,11377.60,10129.70,10868.40
22-Jan-18,11633.10,11966.40,10240.20,10931.40
21-Jan-18,12889.20,12895.90,11288.20,11600.10
20-Jan-18,11656.20,13103.00,11656.20,12899.20
19-Jan-18,11429.80,11992.80,11172.10,11607.40
18-Jan-18,11198.80,12107.30,10942.50,11474.90
17-Jan-18,11431.10,11678.00,9402.29,11188.60
16-Jan-18,13836.10,13843.10,10194.90,11490.50
15-Jan-18,13767.30,14445.50,13641.70,13819.80
14-Jan-18,14370.80,14511.80,13268.00,13772.00
13-Jan-18,13952.40,14659.50,13952.40,14360.20
12-Jan-18,13453.90,14229.90,13158.10,13980.60
11-Jan-18,14968.20,15018.80,13105.90,13405.80
10-Jan-18,14588.50,14973.30,13691.20,14973.30
9-Jan-18,15123.70,15497.50,14424.00,14595.40
8-Jan-18,16476.20,16537.90,14208.20,15170.10
7-Jan-18,17527.30,17579.60,16087.70,16477.60
6-Jan-18,17462.10,17712.40,16764.60,17527.00
5-Jan-18,15477.20,17705.20,15202.80,17429.50
4-Jan-18,15270.70,15739.70,14522.20,15599.20
3-Jan-18,14978.20,15572.80,14844.50,15201.00
2-Jan-18,13625.00,15444.60,13163.60,14982.10
1-Jan-18,14112.20,14112.20,13154.70,13657.20
31-Dec-17,12897.70,14377.40,12755.60,14156.40
30-Dec-17,14681.90,14681.90,12350.10,12952.20
29-Dec-17,14695.80,15279.00,14307.00,14656.20
28-Dec-17,15864.10,15888.40,13937.30,14606.50
27-Dec-17,16163.50,16930.90,15114.30,15838.50
26-Dec-17,14036.60,16461.20,14028.90,16099.80
25-Dec-17,13995.90,14593.00,13448.90,14026.60
24-Dec-17,14608.20,14626.00,12747.70,13925.80
23-Dec-17,13948.70,15603.20,13828.80,14699.20
22-Dec-17,15898.00,15943.40,11833.00,13831.80
21-Dec-17,16642.40,17567.70,15342.70,15802.90
20-Dec-17,17760.30,17934.70,16077.70,16624.60
19-Dec-17,19118.30,19177.80,17275.40,17776.70
18-Dec-17,19106.40,19371.00,18355.90,19114.20
17-Dec-17,19475.80,20089.00,18974.10,19140.80
16-Dec-17,17760.30,19716.70,17515.30,19497.40
15-Dec-17,16601.30,18154.10,16601.30,17706.90
14-Dec-17,16384.60,17085.80,16185.90,16564.00
13-Dec-17,17500.00,17653.10,16039.70,16408.20
12-Dec-17,16919.80,17781.80,16571.60,17415.40
11-Dec-17,15427.40,17513.90,15404.80,16936.80
10-Dec-17,15168.40,15850.60,13226.60,15455.40
9-Dec-17,16523.30,16783.00,13674.90,15178.20
8-Dec-17,17802.90,18353.40,14336.90,16569.40
7-Dec-17,14266.10,17899.70,14057.30,17899.70
6-Dec-17,11923.40,14369.10,11923.40,14291.50
5-Dec-17,11685.70,12032.00,11604.60,11916.70
4-Dec-17,11315.40,11657.20,11081.80,11657.20
3-Dec-17,11082.70,11858.70,10862.00,11323.20
2-Dec-17,10978.30,11320.20,10905.10,11074.60
1-Dec-17,10198.60,11046.70,9694.65,10975.60
30-Nov-17,9906.79,10801.00,9202.05,10233.60
29-Nov-17,10077.40,11517.40,9601.03,9888.61
28-Nov-17,9823.43,10125.70,9736.30,10058.80
27-Nov-17,9352.72,9818.35,9352.72,9818.35
26-Nov-17,8789.04,9522.93,8775.59,9330.55
25-Nov-17,8241.71,8790.92,8191.15,8790.92
24-Nov-17,8074.02,8374.16,7940.93,8253.69
23-Nov-17,8232.38,8267.40,8038.77,8038.77
22-Nov-17,8077.95,8302.26,8075.47,8253.55
21-Nov-17,8205.74,8348.66,7762.71,8071.26
20-Nov-17,8039.07,8336.86,7949.36,8200.64
19-Nov-17,7766.03,8101.91,7694.10,8036.49
18-Nov-17,7697.21,7884.99,7463.44,7790.15
17-Nov-17,7853.57,8004.59,7561.09,7708.99
16-Nov-17,7323.24,7967.38,7176.58,7871.69
15-Nov-17,6634.76,7342.25,6634.76,7315.54
14-Nov-17,6561.48,6764.98,6461.75,6635.75
13-Nov-17,5938.25,6811.19,5844.29,6559.49
12-Nov-17,6295.45,6625.05,5519.01,5950.07
11-Nov-17,6618.61,6873.15,6204.22,6357.60
10-Nov-17,7173.73,7312.00,6436.87,6618.14
9-Nov-17,7446.83,7446.83,7101.52,7143.58
8-Nov-17,7141.38,7776.42,7114.02,7459.69
7-Nov-17,7023.10,7253.32,7023.10,7144.38
6-Nov-17,7403.22,7445.77,7007.31,7022.76
5-Nov-17,7404.52,7617.48,7333.19,7407.41
4-Nov-17,7164.48,7492.86,7031.28,7379.95
3-Nov-17,7087.53,7461.29,7002.94,7207.76
2-Nov-17,6777.77,7367.33,6758.72,7078.50
1-Nov-17,6440.97,6767.31,6377.88,6767.31
31-Oct-17,6132.02,6470.43,6103.33,6468.40
30-Oct-17,6114.85,6214.99,6040.85,6130.53
29-Oct-17,5754.44,6255.71,5724.58,6153.85
28-Oct-17,5787.82,5876.72,5689.19,5753.09
27-Oct-17,5899.74,5988.39,5728.82,5780.90
26-Oct-17,5747.95,5976.80,5721.22,5904.83
25-Oct-17,5524.60,5754.33,5397.88,5750.80
24-Oct-17,5935.52,5935.52,5504.18,5526.64
23-Oct-17,6006.00,6075.59,5732.47,5930.32
22-Oct-17,6036.66,6076.26,5792.34,6008.42
21-Oct-17,5996.79,6194.88,5965.07,6031.60
20-Oct-17,5708.11,6060.11,5627.23,6011.45
19-Oct-17,5583.74,5744.35,5531.06,5708.52
18-Oct-17,5603.82,5603.82,5151.44,5590.69
17-Oct-17,5741.58,5800.35,5472.72,5605.51
16-Oct-17,5687.57,5776.23,5544.21,5725.59
15-Oct-17,5835.96,5852.48,5478.61,5678.19
14-Oct-17,5643.53,5837.70,5591.64,5831.79
13-Oct-17,5464.16,5840.30,5436.85,5647.21
12-Oct-17,4829.58,5446.91,4822.00,5446.91
11-Oct-17,4789.25,4873.73,4751.63,4826.48
10-Oct-17,4776.21,4922.17,4765.10,4781.99
9-Oct-17,4614.52,4878.71,4564.25,4772.02
8-Oct-17,4429.67,4624.14,4405.64,4610.48
7-Oct-17,4369.35,4443.88,4321.05,4426.89
6-Oct-17,4324.46,4413.27,4320.53,4370.81
5-Oct-17,4229.88,4362.64,4164.05,4328.41
4-Oct-17,4319.37,4352.31,4210.42,4229.36
3-Oct-17,4408.46,4432.47,4258.89,4317.48
2-Oct-17,4395.81,4470.23,4377.46,4409.32
1-Oct-17,4341.05,4403.74,4269.81,4403.74
30-Sep-17,4166.11,4358.43,4160.86,4338.71
29-Sep-17,4171.62,4214.63,4039.29,4163.07
28-Sep-17,4197.13,4279.31,4109.70,4174.73
27-Sep-17,3892.94,4210.05,3884.82,4200.67
26-Sep-17,3928.41,3969.89,3869.90,3892.35
25-Sep-17,3681.58,3950.25,3681.58,3926.07
24-Sep-17,3796.15,3796.15,3666.90,3682.84
23-Sep-17,3629.92,3819.21,3594.58,3792.40
22-Sep-17,3628.02,3758.27,3553.53,3630.70
21-Sep-17,3901.47,3916.42,3613.63,3631.04
20-Sep-17,3916.36,4031.39,3857.73,3905.95
19-Sep-17,4073.79,4094.07,3868.87,3924.97
18-Sep-17,3591.09,4079.23,3591.09,4065.20
17-Sep-17,3606.28,3664.81,3445.64,3582.88
16-Sep-17,3637.75,3808.84,3487.79,3625.04
15-Sep-17,3166.30,3733.45,2946.62,3637.52
14-Sep-17,3875.37,3920.60,3153.86,3154.95
13-Sep-17,4131.98,4131.98,3789.92,3882.59
12-Sep-17,4168.88,4344.65,4085.22,4130.81
11-Sep-17,4122.47,4261.67,4099.40,4161.27
10-Sep-17,4229.34,4245.44,3951.04,4122.94
9-Sep-17,4229.81,4308.82,4114.11,4226.06
8-Sep-17,4605.16,4661.00,4075.18,4228.75
7-Sep-17,4589.14,4655.04,4491.33,4599.88
6-Sep-17,4376.59,4617.25,4376.59,4597.12
5-Sep-17,4228.29,4427.84,3998.11,4376.53
4-Sep-17,4591.63,4591.63,4108.40,4236.31
3-Sep-17,4585.27,4714.08,4417.59,4582.96
2-Sep-17,4901.42,4975.04,4469.24,4578.77
1-Sep-17,4701.76,4892.01,4678.53,4892.01
31-Aug-17,4555.59,4736.05,4549.40,4703.39
30-Aug-17,4570.36,4626.52,4471.41,4565.30
29-Aug-17,4389.21,4625.68,4352.13,4579.02
28-Aug-17,4384.45,4403.93,4224.64,4382.66
27-Aug-17,4345.10,4416.59,4317.29,4382.88
26-Aug-17,4372.06,4379.28,4269.52,4352.40
25-Aug-17,4332.82,4455.70,4307.35,4371.60
24-Aug-17,4137.60,4376.39,4130.26,4334.68
23-Aug-17,4089.01,4255.78,4078.41,4151.52
22-Aug-17,3998.35,4128.76,3674.58,4100.52
21-Aug-17,4090.48,4109.14,3988.60,4001.74
20-Aug-17,4189.31,4196.29,4069.88,4087.66
19-Aug-17,4137.75,4243.26,3970.55,4193.70
18-Aug-17,4324.34,4370.13,4015.40,4160.62
17-Aug-17,4384.44,4484.70,4243.71,4331.69
16-Aug-17,4200.34,4381.23,3994.42,4376.63
15-Aug-17,4326.99,4455.97,3906.18,4181.93
14-Aug-17,4066.10,4325.13,3989.16,4325.13
13-Aug-17,3880.04,4208.39,3857.80,4073.26
12-Aug-17,3650.63,3949.92,3613.70,3884.71
11-Aug-17,3373.82,3679.72,3372.12,3650.62
10-Aug-17,3341.84,3453.45,3319.47,3381.28
9-Aug-17,3420.40,3422.76,3247.67,3342.47
8-Aug-17,3370.22,3484.85,3345.83,3419.94
7-Aug-17,3212.78,3397.68,3180.89,3378.94
6-Aug-17,3257.61,3293.29,3155.60,3213.94
5-Aug-17,2897.63,3290.01,2874.83,3252.91
4-Aug-17,2806.93,2899.33,2743.72,2895.89
3-Aug-17,2709.56,2813.31,2685.14,2804.73
2-Aug-17,2727.13,2762.53,2668.59,2710.67
1-Aug-17,2871.30,2921.35,2685.61,2718.26
31-Jul-17,2763.24,2889.62,2720.61,2875.34
30-Jul-17,2724.39,2758.53,2644.85,2757.18
29-Jul-17,2807.02,2808.76,2692.80,2726.45
28-Jul-17,2679.73,2897.45,2679.73,2809.01
27-Jul-17,2538.71,2693.32,2529.34,2671.78
26-Jul-17,2577.77,2610.76,2450.80,2529.45
25-Jul-17,2757.50,2768.08,2480.96,2576.48
24-Jul-17,2732.70,2777.26,2699.19,2754.86
23-Jul-17,2808.10,2832.18,2653.94,2730.40
22-Jul-17,2668.63,2862.42,2657.71,2810.12
21-Jul-17,2838.41,2838.41,2621.85,2667.76
20-Jul-17,2269.89,2900.70,2269.89,2817.60
19-Jul-17,2323.08,2397.17,2260.23,2273.43
18-Jul-17,2233.52,2387.61,2164.77,2318.88
17-Jul-17,1932.62,2230.49,1932.62,2228.41
16-Jul-17,1991.98,2058.77,1843.03,1929.82
15-Jul-17,2230.12,2231.14,1990.41,1998.86
14-Jul-17,2360.59,2363.25,2183.22,2233.34
13-Jul-17,2402.70,2425.22,2340.83,2357.90
12-Jul-17,2332.77,2423.71,2275.14,2398.84
11-Jul-17,2385.89,2413.47,2296.81,2337.79
10-Jul-17,2525.25,2537.16,2321.13,2372.56
9-Jul-17,2572.61,2635.49,2517.59,2518.44
8-Jul-17,2520.27,2571.34,2492.31,2571.34
7-Jul-17,2608.59,2916.14,2498.87,2518.66
6-Jul-17,2608.10,2616.72,2581.69,2608.56
5-Jul-17,2602.87,2622.65,2538.55,2601.99
4-Jul-17,2561.00,2631.59,2559.35,2601.64
3-Jul-17,2498.56,2595.00,2480.47,2564.06
2-Jul-17,2436.40,2514.28,2394.84,2506.47
1-Jul-17,2492.60,2515.27,2419.23,2434.55
30-Jun-17,2539.24,2559.25,2478.43,2480.84
29-Jun-17,2567.56,2588.83,2510.48,2539.32
28-Jun-17,2553.03,2603.98,2484.42,2574.79
27-Jun-17,2478.45,2552.45,2332.99,2552.45
26-Jun-17,2590.57,2615.25,2376.29,2478.45
25-Jun-17,2607.25,2682.26,2552.12,2589.41
24-Jun-17,2738.52,2757.94,2583.19,2608.72
23-Jun-17,2707.34,2765.17,2706.37,2744.91
22-Jun-17,2691.03,2723.74,2642.36,2705.41
21-Jun-17,2709.43,2772.01,2660.40,2689.10
20-Jun-17,2591.26,2763.45,2589.82,2721.79
19-Jun-17,2549.03,2662.85,2549.03,2589.60
18-Jun-17,2655.35,2662.10,2516.33,2548.29
17-Jun-17,2514.01,2685.19,2484.96,2655.88
16-Jun-17,2469.57,2539.92,2385.15,2518.56
15-Jun-17,2499.58,2534.71,2212.96,2464.58
14-Jun-17,2716.88,2786.83,2412.94,2506.37
13-Jun-17,2680.91,2789.04,2650.38,2717.02
12-Jun-17,2953.22,2997.26,2518.56,2659.63
11-Jun-17,2942.41,2996.60,2840.53,2958.11
10-Jun-17,2828.14,2950.99,2746.55,2947.71
9-Jun-17,2807.44,2901.71,2795.62,2823.81
8-Jun-17,2720.49,2815.30,2670.95,2805.62
7-Jun-17,2869.38,2869.38,2700.56,2732.16
6-Jun-17,2690.84,2999.91,2690.84,2863.20
5-Jun-17,2512.40,2686.81,2510.22,2686.81
4-Jun-17,2547.79,2585.89,2452.54,2511.81
3-Jun-17,2493.72,2581.91,2423.57,2515.35
2-Jun-17,2404.03,2488.55,2373.32,2488.55
1-Jun-17,2288.33,2448.39,2288.33,2407.88
31-May-17,2187.19,2311.08,2145.57,2286.41
30-May-17,2255.36,2301.96,2124.57,2175.47
29-May-17,2159.43,2307.05,2107.17,2255.61
28-May-17,2054.08,2267.34,2054.08,2155.80
27-May-17,2196.27,2260.20,1855.83,2038.87
26-May-17,2320.89,2573.79,2071.99,2202.42
25-May-17,2446.24,2763.71,2285.30,2304.98
24-May-17,2321.37,2523.72,2321.37,2443.64
23-May-17,2191.56,2320.82,2178.50,2320.42
22-May-17,2043.19,2303.90,2017.87,2173.40
21-May-17,2067.03,2119.08,2037.50,2041.20
20-May-17,1984.24,2084.73,1974.92,2084.73
19-May-17,1897.37,2004.52,1890.25,1987.71
18-May-17,1818.70,1904.48,1807.12,1888.65
17-May-17,1726.73,1864.05,1661.91,1839.09
16-May-17,1741.70,1785.94,1686.54,1734.45
15-May-17,1808.44,1812.80,1708.54,1738.43
14-May-17,1800.86,1831.42,1776.62,1808.91
13-May-17,1723.12,1812.99,1651.08,1804.91
12-May-17,1845.76,1856.15,1694.01,1724.24
11-May-17,1780.37,1873.93,1755.35,1848.57
10-May-17,1756.52,1788.44,1719.10,1787.13
9-May-17,1723.89,1833.49,1716.30,1755.36
8-May-17,1596.92,1723.35,1596.92,1723.35
7-May-17,1579.47,1596.72,1559.76,1596.71
6-May-17,1556.81,1578.80,1542.50,1578.80
5-May-17,1540.87,1618.03,1530.31,1555.45
4-May-17,1490.72,1608.91,1490.72,1537.67
3-May-17,1453.78,1492.77,1447.49,1490.09
2-May-17,1421.03,1473.90,1415.69,1452.82
1-May-17,1348.30,1434.32,1348.30,1421.60
30-Apr-17,1321.87,1347.91,1314.92,1347.89
29-Apr-17,1317.84,1327.20,1315.21,1321.79
28-Apr-17,1317.74,1331.28,1292.37,1316.48
27-Apr-17,1281.88,1319.70,1281.30,1317.73
26-Apr-17,1265.99,1294.83,1265.93,1281.08
25-Apr-17,1250.45,1267.58,1249.97,1265.49
24-Apr-17,1209.63,1250.94,1209.63,1250.15
23-Apr-17,1231.92,1232.20,1203.94,1207.21
22-Apr-17,1222.71,1235.56,1208.47,1231.71
21-Apr-17,1229.42,1235.94,1215.56,1222.05
20-Apr-17,1211.08,1240.79,1208.41,1229.08
19-Apr-17,1212.13,1215.51,1205.08,1210.29
18-Apr-17,1193.77,1217.57,1193.77,1211.67
17-Apr-17,1183.25,1194.90,1172.65,1193.91
16-Apr-17,1172.61,1187.22,1172.61,1182.94
15-Apr-17,1167.30,1188.00,1164.96,1172.52
14-Apr-17,1170.33,1190.80,1159.79,1167.54
13-Apr-17,1201.02,1205.89,1156.44,1169.28
12-Apr-17,1204.81,1207.14,1196.76,1200.37
11-Apr-17,1187.46,1208.07,1187.46,1205.01
10-Apr-17,1187.30,1190.34,1179.04,1187.13
9-Apr-17,1176.57,1197.21,1171.86,1187.87
8-Apr-17,1172.65,1184.98,1162.58,1175.95
7-Apr-17,1178.94,1186.58,1163.39,1176.90
6-Apr-17,1125.81,1188.37,1125.81,1182.68
5-Apr-17,1134.14,1135.09,1113.63,1124.78
4-Apr-17,1145.52,1156.44,1120.52,1133.25
3-Apr-17,1102.95,1151.74,1102.95,1143.81
2-Apr-17,1080.61,1107.59,1075.45,1102.17
1-Apr-17,1071.71,1091.72,1061.09,1080.50
31-Mar-17,1026.64,1074.92,1026.64,1071.79
30-Mar-17,1042.21,1049.29,1020.04,1026.43
29-Mar-17,1046.08,1055.13,1015.88,1039.97
28-Mar-17,1044.58,1064.65,1027.73,1047.15
27-Mar-17,972.05,1046.40,971.98,1045.77
26-Mar-17,974.02,1007.96,954.19,966.72
25-Mar-17,936.54,975.76,903.71,972.78
24-Mar-17,1038.45,1040.47,934.36,937.52
23-Mar-17,1050.05,1058.01,1028.93,1038.59
22-Mar-17,1120.65,1120.65,1014.21,1049.14
21-Mar-17,1055.36,1122.43,1055.36,1120.54
20-Mar-17,1037.24,1063.03,1036.68,1054.23
19-Mar-17,976.73,1069.91,976.73,1036.74
18-Mar-17,1099.69,1114.07,957.66,973.82
17-Mar-17,1180.16,1180.16,1099.57,1100.23
16-Mar-17,1251.33,1257.98,1152.44,1187.81
15-Mar-17,1240.16,1251.61,1239.75,1249.61
14-Mar-17,1232.16,1244.81,1220.72,1240.00
13-Mar-17,1221.78,1237.37,1217.03,1231.92
12-Mar-17,1176.62,1226.98,1175.36,1221.38
11-Mar-17,1116.32,1193.83,1116.32,1175.83
10-Mar-17,1189.36,1270.47,1077.25,1116.72
9-Mar-17,1150.35,1197.46,1141.23,1188.49
8-Mar-17,1223.23,1232.16,1148.08,1150.00
7-Mar-17,1273.21,1275.55,1204.80,1223.54
6-Mar-17,1267.47,1276.00,1264.60,1272.83
5-Mar-17,1254.29,1267.29,1238.06,1267.12
4-Mar-17,1277.43,1279.40,1230.51,1255.15
3-Mar-17,1250.71,1280.31,1250.71,1274.99
2-Mar-17,1224.68,1262.13,1215.62,1251.01
1-Mar-17,1180.04,1222.50,1179.69,1222.50
28-Feb-17,1180.72,1193.25,1171.82,1179.97
27-Feb-17,1163.78,1181.98,1163.38,1179.97
26-Feb-17,1144.27,1167.47,1130.20,1165.20
25-Feb-17,1170.41,1174.85,1124.59,1143.84
24-Feb-17,1172.71,1200.39,1131.96,1173.68
23-Feb-17,1117.27,1176.62,1116.96,1166.72
22-Feb-17,1114.80,1125.39,1100.55,1117.44
21-Feb-17,1079.28,1117.25,1076.93,1115.30
20-Feb-17,1048.69,1080.49,1041.69,1079.98
19-Feb-17,1054.76,1056.81,1043.46,1047.87
18-Feb-17,1049.21,1061.10,1046.96,1054.42
17-Feb-17,1026.12,1053.17,1025.64,1046.21
16-Feb-17,1007.65,1033.37,1007.65,1027.44
15-Feb-17,1006.21,1008.84,1001.58,1007.48
14-Feb-17,991.73,1011.51,986.47,1004.55
13-Feb-17,998.89,1002.10,976.00,990.64
12-Feb-17,1003.52,1004.76,996.92,999.18
11-Feb-17,988.90,1009.29,982.83,1004.45
10-Feb-17,995.63,998.91,946.69,988.67
9-Feb-17,1064.70,1088.99,953.34,994.38
8-Feb-17,1062.32,1078.97,1037.49,1063.07
7-Feb-17,1040.14,1061.93,1040.14,1061.35
6-Feb-17,1028.40,1044.64,1028.16,1038.15
5-Feb-17,1043.52,1043.63,1022.37,1027.34
4-Feb-17,1031.33,1045.90,1015.16,1042.90
3-Feb-17,1011.46,1033.87,1008.79,1029.91
2-Feb-17,990.00,1013.52,983.22,1011.80
1-Feb-17,970.94,989.11,970.74,989.02
31-Jan-17,920.96,972.02,920.96,970.40
30-Jan-17,920.15,923.05,919.47,920.38
29-Jan-17,922.07,923.42,919.15,919.50
28-Jan-17,919.81,923.91,919.81,921.59
27-Jan-17,918.36,923.22,915.85,919.75
26-Jan-17,902.40,919.33,902.22,917.59
25-Jan-17,891.92,903.25,891.69,901.54
24-Jan-17,910.68,924.15,892.29,892.69
23-Jan-17,925.50,928.27,916.74,921.01
22-Jan-17,922.21,937.53,897.56,924.67
21-Jan-17,895.55,927.37,895.53,921.79
20-Jan-17,898.17,899.40,887.01,895.03
19-Jan-17,888.34,904.61,884.34,899.07
18-Jan-17,909.37,917.50,858.30,886.62
17-Jan-17,830.95,910.56,830.80,907.94
16-Jan-17,821.78,834.53,820.27,831.53
15-Jan-17,818.14,823.31,812.87,821.80
14-Jan-17,825.14,835.09,812.46,818.41
13-Jan-17,803.74,829.00,780.00,823.98
12-Jan-17,775.18,826.25,755.76,804.83
11-Jan-17,908.11,919.45,762.77,777.76
10-Jan-17,902.44,914.87,901.06,907.68
9-Jan-17,913.24,913.69,879.81,902.83
8-Jan-17,908.17,942.72,887.25,911.20
7-Jan-17,903.49,908.59,823.56,908.59
6-Jan-17,1014.24,1046.81,883.94,902.20
5-Jan-17,1156.73,1191.10,910.42,1013.38
4-Jan-17,1044.40,1159.42,1044.40,1154.73
3-Jan-17,1021.60,1044.08,1021.60,1043.84
2-Jan-17,998.62,1031.39,996.70,1021.75
1-Jan-17,963.66,1003.08,958.70,998.33
31-Dec-16,960.63,963.74,947.24,963.74
30-Dec-16,972.53,972.53,934.83,961.24
29-Dec-16,975.13,979.40,954.50,973.50
28-Dec-16,934.83,975.92,934.83,975.92
27-Dec-16,908.35,940.05,904.26,933.20
26-Dec-16,896.91,913.18,896.90,907.61
25-Dec-16,899.65,899.65,862.42,896.18
24-Dec-16,922.18,923.48,886.34,898.82
23-Dec-16,864.89,925.12,864.68,921.98
22-Dec-16,834.18,875.78,834.15,864.54
21-Dec-16,800.64,834.28,799.41,834.28
20-Dec-16,792.25,801.34,791.50,800.88
19-Dec-16,790.69,793.61,790.32,792.71
18-Dec-16,791.01,794.74,788.03,790.53
17-Dec-16,785.17,792.51,784.86,790.83
16-Dec-16,778.96,785.03,778.96,784.91
15-Dec-16,780.07,781.43,777.80,778.09
14-Dec-16,780.01,782.03,776.84,781.48
13-Dec-16,780.65,788.46,777.96,780.56
12-Dec-16,770.04,781.92,770.04,780.09
11-Dec-16,774.75,774.80,765.41,769.73
10-Dec-16,773.02,777.09,772.91,774.65
9-Dec-16,769.94,774.53,769.65,772.79
8-Dec-16,768.08,774.70,765.95,770.81
7-Dec-16,764.21,771.54,759.75,768.13
6-Dec-16,758.72,765.62,758.72,764.22
5-Dec-16,773.39,773.47,751.71,758.70
4-Dec-16,771.64,773.87,768.16,773.87
3-Dec-16,778.25,778.25,764.86,771.16
2-Dec-16,757.54,781.30,757.54,777.94
1-Dec-16,746.05,758.28,746.05,756.77
30-Nov-16,736.28,747.93,736.27,745.69
29-Nov-16,736.33,737.47,734.56,735.60
28-Nov-16,732.48,738.01,732.48,735.81
27-Nov-16,735.44,739.02,731.09,732.03
26-Nov-16,741.51,742.21,729.63,735.38
25-Nov-16,740.44,741.65,734.59,741.65
24-Nov-16,744.62,746.83,733.49,740.29
23-Nov-16,751.74,752.25,738.92,744.59
22-Nov-16,739.64,753.87,736.53,751.35
21-Nov-16,731.27,741.72,730.51,739.25
20-Nov-16,751.88,755.48,717.94,731.03
19-Nov-16,751.83,756.24,744.47,751.62
18-Nov-16,740.71,752.88,736.89,751.59
17-Nov-16,744.88,755.65,739.51,740.98
16-Nov-16,711.17,747.61,709.04,744.20
15-Nov-16,705.79,715.72,705.26,711.62
14-Nov-16,702.00,706.28,699.81,705.02
13-Nov-16,705.20,705.26,687.32,702.03
12-Nov-16,716.75,717.15,704.03,705.05
11-Nov-16,715.55,718.32,714.41,716.41
10-Nov-16,722.84,723.02,711.21,715.53
9-Nov-16,709.83,740.05,708.61,723.27
8-Nov-16,703.09,712.99,702.39,709.85
7-Nov-16,710.74,710.74,699.90,703.13
6-Nov-16,703.81,714.26,699.56,711.52
5-Nov-16,703.53,707.51,697.74,703.42
4-Nov-16,689.12,706.93,685.56,703.23
3-Nov-16,742.35,745.77,678.16,688.70
2-Nov-16,730.07,740.83,722.35,740.83
1-Nov-16,701.34,736.45,701.34,729.79
31-Oct-16,702.64,709.29,691.68,700.97
30-Oct-16,714.12,714.12,696.47,701.86
29-Oct-16,690.29,720.40,690.05,714.48
28-Oct-16,688.00,690.44,684.16,689.65
27-Oct-16,678.21,688.59,678.04,688.31
26-Oct-16,657.68,679.73,657.68,678.30
25-Oct-16,654.00,664.42,653.70,657.59
24-Oct-16,657.16,657.25,652.59,653.76
23-Oct-16,657.62,661.13,653.89,657.07
22-Oct-16,633.14,658.20,632.85,657.29
21-Oct-16,630.83,634.09,630.69,632.83
20-Oct-16,630.66,631.92,628.26,630.86
19-Oct-16,638.13,638.87,628.01,630.52
18-Oct-16,639.41,640.74,636.00,637.96
17-Oct-16,641.82,642.33,638.66,639.19
16-Oct-16,639.08,642.90,638.90,641.63
15-Oct-16,640.31,642.10,637.39,638.65
14-Oct-16,637.01,641.28,637.01,640.38
13-Oct-16,636.03,638.83,635.03,636.79
12-Oct-16,640.87,641.34,635.97,636.19
11-Oct-16,619.24,642.08,618.50,641.07
10-Oct-16,616.82,621.32,616.20,618.99
9-Oct-16,619.17,619.20,616.61,616.75
8-Oct-16,617.34,619.85,617.34,619.11
7-Oct-16,612.61,617.91,611.82,617.12
6-Oct-16,612.47,613.82,611.47,613.02
5-Oct-16,610.22,613.81,609.62,612.51
4-Oct-16,612.05,612.05,609.48,610.20
3-Oct-16,610.97,612.57,610.46,612.13
2-Oct-16,613.95,614.01,609.68,610.89
1-Oct-16,609.93,615.24,609.93,613.98
30-Sep-16,605.72,609.73,604.14,609.73
29-Sep-16,605.02,606.82,604.85,605.69
28-Sep-16,606.24,606.59,604.61,604.73
27-Sep-16,608.02,608.25,604.11,606.17
26-Sep-16,600.81,608.14,600.35,608.04
25-Sep-16,602.75,603.38,599.71,600.83
24-Sep-16,602.96,604.58,602.04,602.63
23-Sep-16,596.20,603.21,595.79,602.84
22-Sep-16,597.28,598.49,596.21,596.30
21-Sep-16,603.59,603.59,595.88,597.15
20-Sep-16,609.25,609.53,607.94,608.31
19-Sep-16,609.87,610.93,608.27,609.23
18-Sep-16,606.28,610.16,605.86,609.87
17-Sep-16,607.22,607.86,605.19,605.98
16-Sep-16,607.25,609.26,606.73,606.97
15-Sep-16,610.59,611.09,607.16,607.16
14-Sep-16,608.84,611.95,608.41,610.68
13-Sep-16,608.03,611.19,606.92,609.24
12-Sep-16,607.01,608.46,605.41,608.24
11-Sep-16,623.42,628.82,600.51,606.72
10-Sep-16,622.93,625.09,622.40,623.51
9-Sep-16,626.35,626.83,620.26,622.86
8-Sep-16,614.64,628.77,613.84,626.32
7-Sep-16,610.57,614.54,608.51,614.54
6-Sep-16,606.51,610.83,605.09,610.44
5-Sep-16,608.99,609.05,602.24,606.59
4-Sep-16,598.59,611.84,596.85,608.63
3-Sep-16,575.55,599.50,574.06,598.21
2-Sep-16,572.41,575.64,570.81,575.54
1-Sep-16,575.55,576.31,571.81,572.30
31-Aug-16,577.59,577.86,573.64,575.47
30-Aug-16,574.11,578.36,574.11,577.50
29-Aug-16,574.07,576.28,573.47,574.11
28-Aug-16,569.83,574.04,569.74,573.91
27-Aug-16,579.45,579.84,568.63,569.95
26-Aug-16,577.75,580.62,576.86,579.65
25-Aug-16,580.18,580.45,575.17,577.76
24-Aug-16,583.41,583.59,579.85,580.18
23-Aug-16,586.77,589.47,581.63,583.41
22-Aug-16,581.31,588.45,580.59,586.75
21-Aug-16,581.94,584.16,580.22,581.31
20-Aug-16,576.08,582.82,575.46,581.70
19-Aug-16,574.34,578.24,574.18,575.63
18-Aug-16,573.71,577.79,573.43,574.32
17-Aug-16,577.76,580.89,571.43,573.22
16-Aug-16,567.24,581.74,566.72,577.44
15-Aug-16,570.49,573.58,563.24,567.24
14-Aug-16,585.59,585.67,564.78,570.47
13-Aug-16,587.36,589.77,584.98,585.59
12-Aug-16,588.80,589.91,583.81,587.56
11-Aug-16,592.12,597.54,589.12,589.12
10-Aug-16,587.65,599.98,586.37,592.10
9-Aug-16,591.04,591.09,584.79,587.80
8-Aug-16,592.74,592.99,588.05,591.05
7-Aug-16,587.77,597.51,586.82,592.69
6-Aug-16,575.03,588.40,569.47,587.78
5-Aug-16,578.28,578.28,569.98,575.04
4-Aug-16,566.33,579.50,565.78,578.29
3-Aug-16,548.66,573.36,541.55,566.35
2-Aug-16,606.40,612.85,531.33,547.47
1-Aug-16,624.60,626.12,605.88,606.27
31-Jul-16,655.10,655.28,624.36,624.68
30-Jul-16,657.01,658.22,654.21,655.05
29-Jul-16,655.11,657.80,654.79,656.99
28-Jul-16,654.49,657.59,654.49,655.03
27-Jul-16,651.63,657.46,648.45,654.35
26-Jul-16,654.23,656.22,645.88,651.78
25-Jul-16,661.26,661.83,653.40,654.10
24-Jul-16,655.41,663.11,652.79,661.28
23-Jul-16,650.73,656.37,648.52,655.56
22-Jul-16,664.92,666.58,646.72,650.62
21-Jul-16,665.23,666.22,660.41,665.01
20-Jul-16,672.81,672.93,663.36,665.68
19-Jul-16,672.74,673.28,667.63,672.86
18-Jul-16,679.81,681.55,668.63,673.11
17-Jul-16,661.99,682.36,661.99,679.46
16-Jul-16,663.78,666.46,659.33,660.77
15-Jul-16,659.17,667.08,659.04,663.26
14-Jul-16,652.92,662.90,652.92,658.08
13-Jul-16,664.80,668.70,654.47,654.47
12-Jul-16,648.28,675.26,646.78,664.55
11-Jul-16,648.48,659.63,644.98,647.66
10-Jul-16,650.60,652.29,641.26,649.36
9-Jul-16,666.38,666.38,633.40,650.96
8-Jul-16,640.69,666.71,636.47,666.52
7-Jul-16,678.09,682.43,611.83,640.56
6-Jul-16,670.42,681.90,670.42,677.33
5-Jul-16,683.21,683.49,665.07,670.63
4-Jul-16,658.80,683.66,650.51,683.66
3-Jul-16,704.97,704.97,649.01,658.66
2-Jul-16,676.73,703.70,676.40,703.70
1-Jul-16,672.52,686.15,669.59,676.30
30-Jun-16,640.59,675.40,636.61,673.34
29-Jun-16,644.12,644.68,628.28,639.89
28-Jun-16,658.10,659.25,637.77,647.00
27-Jun-16,629.35,655.28,620.52,655.28
26-Jun-16,665.93,665.98,616.93,629.37
25-Jun-16,665.28,691.73,646.56,665.12
24-Jun-16,625.58,681.73,625.27,665.30
23-Jun-16,597.44,629.33,558.14,623.98
22-Jun-16,665.91,678.67,587.48,596.12
21-Jun-16,735.88,735.88,639.07,666.65
20-Jun-16,763.93,764.08,732.73,737.23
19-Jun-16,756.69,766.62,745.63,763.78
18-Jun-16,748.76,777.99,733.93,756.23
17-Jun-16,768.49,775.36,716.56,748.91
16-Jun-16,696.52,773.72,696.52,766.31
15-Jun-16,685.68,696.30,672.56,694.47
14-Jun-16,704.50,704.50,662.80,685.56
13-Jun-16,671.65,716.00,664.49,704.38
12-Jun-16,609.68,684.84,607.04,672.78
11-Jun-16,578.67,607.12,578.67,606.73
10-Jun-16,575.84,579.13,573.33,577.47
9-Jun-16,582.20,582.20,570.95,574.63
8-Jun-16,577.17,582.84,573.13,581.65
7-Jun-16,585.45,590.26,567.51,576.60
6-Jun-16,574.60,586.47,574.60,585.54
5-Jun-16,573.31,582.81,569.18,574.98
4-Jun-16,569.71,590.13,564.24,572.73
3-Jun-16,537.68,574.64,536.92,569.19
2-Jun-16,536.52,540.35,533.08,537.97
1-Jun-16,531.11,543.08,525.64,536.92
31-May-16,534.19,546.62,520.66,531.39
30-May-16,528.47,544.35,522.96,533.86
29-May-16,527.48,553.96,512.18,526.23
28-May-16,473.03,533.47,472.70,530.04
27-May-16,453.52,478.15,453.52,473.46
26-May-16,449.67,453.64,447.90,453.38
25-May-16,446.06,450.30,446.06,449.60
24-May-16,444.29,447.10,443.93,445.98
23-May-16,439.35,444.35,438.82,444.15
22-May-16,443.22,443.43,439.04,439.32
21-May-16,442.97,443.78,441.71,443.19
20-May-16,437.79,444.05,437.39,442.68
19-May-16,454.52,454.63,438.71,438.71
18-May-16,453.69,456.00,453.30,454.62
17-May-16,454.01,455.07,453.61,453.78
16-May-16,457.59,458.20,452.95,454.16
15-May-16,455.76,458.69,455.46,457.57
14-May-16,455.82,456.84,454.79,455.67
13-May-16,454.85,457.05,453.45,455.67
12-May-16,452.45,454.95,449.25,454.77
11-May-16,450.86,454.58,450.86,452.73
10-May-16,460.52,461.93,448.95,450.89
9-May-16,458.21,462.48,456.53,460.48
8-May-16,458.43,459.42,455.98,458.55
7-May-16,459.64,460.67,457.32,458.54
6-May-16,447.94,461.38,447.07,459.60
5-May-16,446.71,448.51,445.88,447.98
4-May-16,450.18,450.38,445.63,446.72
3-May-16,444.73,451.10,442.62,450.30
2-May-16,451.93,452.45,441.78,444.67
1-May-16,448.48,452.48,447.93,451.88
30-Apr-16,455.18,455.59,447.70,448.32
29-Apr-16,449.41,455.38,446.02,455.10
28-Apr-16,445.04,449.55,436.65,449.01
27-Apr-16,466.26,467.08,444.13,444.69
26-Apr-16,461.65,467.96,461.62,466.09
25-Apr-16,459.12,466.62,453.59,461.43
24-Apr-16,450.56,460.15,448.93,458.55
23-Apr-16,445.86,450.28,444.33,450.28
22-Apr-16,449.69,449.81,444.15,445.74
21-Apr-16,441.42,450.55,440.95,449.42
20-Apr-16,435.32,443.05,434.41,441.39
19-Apr-16,428.70,436.02,428.10,435.51
18-Apr-16,427.61,429.27,427.09,428.59
17-Apr-16,430.64,431.37,426.08,427.40
16-Apr-16,429.58,432.63,428.98,430.57
15-Apr-16,424.43,429.93,424.43,429.71
14-Apr-16,423.93,425.37,423.01,424.28
13-Apr-16,425.63,426.66,422.92,423.73
12-Apr-16,422.84,427.28,422.84,425.19
11-Apr-16,421.87,422.74,420.53,422.48
10-Apr-16,419.59,422.43,419.26,421.56
9-Apr-16,420.81,420.89,416.52,419.41
8-Apr-16,422.91,425.36,419.64,420.35
7-Apr-16,423.62,423.66,420.52,422.74
6-Apr-16,424.28,424.53,422.73,423.41
5-Apr-16,421.02,424.26,420.61,424.03
4-Apr-16,421.30,422.34,419.60,421.44
3-Apr-16,421.17,421.58,419.70,420.90
2-Apr-16,418.42,422.08,418.42,420.87
1-Apr-16,416.76,418.17,415.83,417.96
31-Mar-16,415.26,418.37,415.26,416.73
30-Mar-16,416.83,416.83,412.50,414.82
29-Mar-16,424.30,426.20,412.68,416.52
28-Mar-16,426.55,426.86,423.29,424.23
27-Mar-16,418.14,428.80,417.71,426.77
26-Mar-16,417.36,418.99,416.26,417.95
25-Mar-16,416.51,418.08,415.56,417.18
24-Mar-16,418.42,418.68,415.49,416.39
23-Mar-16,418.16,419.27,417.36,418.04
22-Mar-16,413.13,418.38,412.53,418.09
21-Mar-16,413.42,413.42,410.38,413.31
20-Mar-16,410.40,414.63,410.40,413.76
19-Mar-16,409.27,410.98,407.23,410.44
18-Mar-16,420.55,420.55,406.14,409.55
17-Mar-16,417.89,421.00,417.89,420.62
16-Mar-16,416.89,417.69,415.91,417.01
15-Mar-16,416.39,418.13,414.98,416.83
14-Mar-16,414.20,416.68,414.20,416.44
13-Mar-16,411.65,416.60,411.64,414.07
12-Mar-16,421.61,421.80,410.09,411.62
11-Mar-16,417.24,423.93,417.01,421.69
10-Mar-16,414.74,417.51,413.25,417.13
9-Mar-16,413.89,416.03,411.61,414.86
8-Mar-16,414.46,416.24,411.09,413.97
7-Mar-16,407.76,415.92,406.31,414.32
6-Mar-16,400.52,411.91,395.78,407.71
5-Mar-16,410.78,411.26,394.04,400.57
4-Mar-16,421.84,425.18,410.94,410.94
3-Mar-16,423.91,425.37,419.41,421.65
2-Mar-16,435.13,435.92,423.99,423.99
1-Mar-16,437.92,439.65,432.32,435.12
29-Feb-16,433.44,441.51,431.69,437.70
28-Feb-16,432.57,435.68,423.82,433.50
27-Feb-16,432.84,434.23,428.10,432.52
26-Feb-16,424.63,432.15,421.62,432.15
25-Feb-16,425.04,427.72,420.42,424.54
24-Feb-16,420.96,425.55,413.91,424.95
23-Feb-16,438.26,439.86,417.82,420.74
22-Feb-16,438.99,439.05,432.92,437.75
21-Feb-16,437.77,448.05,429.08,438.80
20-Feb-16,421.60,441.98,421.60,437.16
19-Feb-16,422.73,423.10,417.60,420.79
18-Feb-16,416.57,426.00,415.64,422.37
17-Feb-16,407.66,421.17,406.78,416.32
16-Feb-16,401.43,408.95,401.43,407.49
15-Feb-16,407.57,410.38,397.75,400.18
14-Feb-16,392.93,407.23,392.93,407.23
13-Feb-16,384.64,391.86,384.64,391.86
12-Feb-16,379.69,384.95,379.60,384.26
11-Feb-16,382.11,383.13,376.40,379.65
10-Feb-16,376.15,385.48,375.78,381.65
9-Feb-16,373.42,377.25,372.90,376.03
8-Feb-16,376.76,379.88,373.33,373.45
7-Feb-16,376.51,380.87,374.90,376.62
6-Feb-16,386.59,386.63,372.39,376.52
5-Feb-16,388.90,391.09,385.57,386.55
4-Feb-16,370.17,391.61,369.99,389.59
3-Feb-16,374.65,374.95,368.05,369.95
2-Feb-16,372.92,375.88,372.92,374.45
1-Feb-16,369.35,378.07,367.96,373.06
31-Jan-16,378.29,380.35,367.83,368.77
30-Jan-16,378.86,380.92,376.49,378.26
29-Jan-16,380.11,384.38,365.45,379.47
28-Jan-16,395.15,395.50,379.73,380.29
27-Jan-16,392.44,396.84,391.78,394.97
26-Jan-16,392.00,397.77,390.58,392.15
25-Jan-16,402.32,402.32,388.55,391.73
24-Jan-16,388.10,405.48,387.51,402.97
23-Jan-16,382.43,394.54,381.98,387.49
22-Jan-16,409.75,410.41,375.28,382.49
21-Jan-16,419.63,422.88,406.30,410.26
20-Jan-16,379.74,425.27,376.60,420.23
19-Jan-16,387.03,387.73,378.97,380.15
18-Jan-16,381.73,388.10,376.67,387.17
17-Jan-16,387.15,390.96,380.09,382.30
16-Jan-16,365.07,390.56,354.91,387.54
15-Jan-16,430.26,430.26,364.33,364.33
14-Jan-16,432.29,433.32,427.85,430.31
13-Jan-16,434.67,435.19,424.44,432.37
12-Jan-16,448.18,448.18,435.69,435.69
11-Jan-16,448.70,450.66,443.86,448.43
10-Jan-16,448.24,448.31,440.35,447.99
9-Jan-16,453.38,454.64,446.89,447.61
8-Jan-16,457.54,462.93,447.94,453.23
7-Jan-16,430.01,458.77,429.08,458.05
6-Jan-16,431.86,431.86,426.34,429.11
5-Jan-16,433.07,434.18,429.68,431.96
4-Jan-16,430.06,434.52,429.08,433.09
3-Jan-16,433.58,433.74,424.71,430.01
2-Jan-16,434.62,436.06,431.87,433.44
1-Jan-16,430.72,436.25,427.52,434.33
31-Dec-15,425.88,432.92,418.73,430.57
30-Dec-15,433.30,434.39,422.08,426.62
29-Dec-15,422.10,432.98,420.63,432.98
28-Dec-15,423.34,429.77,418.48,422.28
27-Dec-15,416.51,424.01,408.88,422.82
26-Dec-15,455.76,457.49,405.76,417.27
25-Dec-15,454.86,458.30,452.08,455.65
24-Dec-15,443.09,458.46,443.08,454.98
23-Dec-15,436.72,444.53,436.62,442.40
22-Dec-15,437.44,443.69,435.52,436.57
21-Dec-15,442.84,444.73,427.31,438.64
20-Dec-15,462.23,462.64,434.34,442.68
19-Dec-15,463.55,465.58,456.77,462.32
18-Dec-15,455.85,465.18,454.94,463.62
17-Dec-15,454.78,457.86,448.86,456.08
16-Dec-15,465.21,465.21,443.85,454.93
15-Dec-15,443.88,465.32,443.88,465.32
14-Dec-15,433.27,447.14,430.46,444.18
13-Dec-15,431.66,441.68,426.27,433.76
12-Dec-15,452.33,469.10,410.74,435.00
11-Dec-15,415.28,451.94,415.28,451.94
10-Dec-15,417.99,419.51,411.55,415.48
9-Dec-15,414.44,423.12,406.29,417.56
8-Dec-15,395.75,415.56,389.95,415.56
7-Dec-15,389.98,399.97,385.41,395.54
6-Dec-15,389.55,402.81,387.09,388.78
5-Dec-15,363.72,389.79,363.23,388.95
4-Dec-15,361.26,363.52,355.76,363.18
3-Dec-15,359.33,370.27,357.41,361.05
2-Dec-15,361.85,362.23,349.46,359.19
1-Dec-15,377.41,378.93,356.56,362.49
30-Nov-15,371.44,382.36,370.38,377.32
29-Nov-15,357.47,371.94,355.67,371.29
28-Nov-15,357.14,359.54,352.17,357.38
27-Nov-15,351.86,363.59,347.87,358.04
26-Nov-15,328.30,366.76,328.23,352.68
25-Nov-15,320.05,329.13,316.77,328.21
24-Nov-15,323.01,323.06,318.12,320.05
23-Nov-15,324.35,325.12,321.29,323.05
22-Nov-15,326.98,327.01,321.26,324.54
21-Nov-15,322.09,328.16,319.60,326.93
20-Nov-15,326.41,326.47,312.22,322.02
19-Nov-15,334.68,335.33,325.27,326.15
18-Nov-15,334.59,336.53,330.64,334.59
17-Nov-15,330.36,338.35,329.61,335.09
16-Nov-15,319.73,331.63,315.90,330.75
15-Nov-15,333.05,334.66,317.49,320.17
14-Nov-15,336.62,338.18,329.97,332.91
13-Nov-15,338.50,340.91,326.08,336.75
12-Nov-15,314.08,345.08,313.36,338.15
11-Nov-15,339.82,340.58,301.00,311.08
10-Nov-15,379.98,381.39,329.11,336.82
9-Nov-15,374.32,385.28,362.89,380.26
8-Nov-15,384.28,389.89,368.70,373.37
7-Nov-15,374.27,390.59,372.43,386.48
6-Nov-15,388.05,395.84,354.02,374.47
5-Nov-15,408.08,447.56,374.58,386.35
4-Nov-15,403.66,495.56,380.55,411.56
3-Nov-15,361.87,417.90,357.65,403.42
2-Nov-15,325.94,365.36,323.21,361.19
1-Nov-15,315.01,327.47,311.88,325.43
31-Oct-15,328.51,332.78,309.25,314.17
30-Oct-15,313.94,334.17,313.94,328.02
29-Oct-15,304.32,318.17,301.82,313.86
28-Oct-15,293.70,306.33,293.70,304.62
27-Oct-15,285.18,296.21,285.01,293.79
26-Oct-15,283.63,285.30,280.51,285.30
25-Oct-15,281.45,294.06,281.45,283.68
24-Oct-15,276.50,281.71,276.50,281.65
23-Oct-15,273.65,278.68,273.54,276.50
22-Oct-15,266.50,276.51,266.14,274.02
21-Oct-15,269.31,270.77,263.84,266.27
20-Oct-15,263.57,270.83,263.23,269.46
19-Oct-15,261.86,264.82,260.95,263.44
18-Oct-15,270.91,271.67,260.78,261.64
17-Oct-15,262.75,273.58,262.37,270.64
16-Oct-15,254.30,266.14,253.93,262.87
15-Oct-15,252.11,255.96,252.05,254.32
14-Oct-15,249.49,254.27,248.90,251.99
13-Oct-15,245.20,250.24,243.76,249.51
12-Oct-15,246.88,247.45,245.18,245.31
11-Oct-15,244.74,247.24,244.15,247.05
10-Oct-15,243.74,245.32,243.07,244.94
9-Oct-15,242.50,244.23,242.12,243.93
8-Oct-15,243.07,244.25,242.18,242.30
7-Oct-15,246.17,246.68,242.59,242.97
6-Oct-15,240.36,246.93,240.14,246.06
5-Oct-15,238.15,240.38,237.04,240.38
4-Oct-15,238.53,238.97,237.94,238.26
3-Oct-15,237.20,239.32,236.94,238.73
2-Oct-15,237.26,238.54,236.60,237.29
1-Oct-15,236.00,238.45,235.62,237.55
30-Sep-15,236.64,237.73,235.63,236.06
29-Sep-15,239.02,239.80,235.93,236.69
28-Sep-15,232.84,239.34,232.47,239.14
27-Sep-15,234.14,234.53,232.48,232.76
26-Sep-15,235.08,235.40,233.36,234.34
25-Sep-15,234.36,237.43,233.68,235.14
24-Sep-15,230.36,235.65,230.29,234.53
23-Sep-15,230.94,231.84,229.59,230.28
22-Sep-15,226.97,232.39,225.12,230.62
21-Sep-15,231.22,231.22,226.52,227.09
20-Sep-15,231.40,232.37,230.91,231.21
19-Sep-15,232.86,233.21,231.09,231.49
18-Sep-15,233.52,234.35,232.18,232.98
17-Sep-15,229.08,230.29,228.93,229.81
16-Sep-15,230.25,231.21,227.40,229.09
15-Sep-15,230.49,259.18,229.82,230.30
14-Sep-15,230.61,232.44,227.96,230.64
13-Sep-15,235.24,235.93,229.33,230.51
12-Sep-15,239.85,240.12,234.75,235.23
11-Sep-15,238.33,241.17,238.33,240.11
10-Sep-15,238.34,241.29,235.79,238.48
9-Sep-15,243.41,244.42,237.82,238.17
8-Sep-15,239.85,245.78,239.68,243.61
7-Sep-15,239.93,242.11,238.72,239.85
6-Sep-15,234.87,242.91,234.68,239.84
5-Sep-15,230.20,236.14,229.44,235.02
4-Sep-15,227.21,230.90,227.05,230.30
3-Sep-15,229.32,229.60,226.67,227.18
2-Sep-15,228.03,230.58,226.48,229.28
1-Sep-15,230.26,231.22,226.86,228.12
31-Aug-15,229.11,231.96,225.91,230.06
30-Aug-15,229.90,232.07,226.25,228.76
29-Aug-15,231.55,233.22,227.33,229.78
28-Aug-15,224.70,235.22,220.93,231.40
27-Aug-15,226.05,228.64,223.68,224.77
26-Aug-15,222.08,231.18,220.20,225.83
25-Aug-15,210.07,226.32,199.57,221.61
24-Aug-15,228.11,228.14,210.44,210.49
23-Aug-15,230.38,232.71,225.58,228.17
22-Aug-15,232.66,234.96,222.70,230.39
21-Aug-15,235.35,236.43,231.72,232.57
20-Aug-15,226.90,237.37,226.90,235.35
19-Aug-15,225.67,237.41,222.77,226.68
18-Aug-15,257.93,257.99,211.08,211.08
17-Aug-15,258.49,260.51,257.12,257.98
16-Aug-15,261.87,262.44,257.04,258.51
15-Aug-15,265.53,266.67,261.30,261.55
14-Aug-15,264.13,267.47,261.48,265.68
13-Aug-15,266.18,266.23,262.84,264.08
12-Aug-15,270.60,270.67,265.47,266.38
11-Aug-15,264.34,270.39,264.09,270.39
10-Aug-15,265.48,267.03,262.60,264.47
9-Aug-15,261.12,267.00,260.47,265.08
8-Aug-15,279.74,279.93,260.71,261.00
7-Aug-15,278.74,280.39,276.37,279.58
6-Aug-15,281.91,281.91,278.40,278.58
5-Aug-15,284.85,285.50,281.49,281.88
4-Aug-15,281.23,285.71,281.23,285.22
3-Aug-15,282.81,285.47,280.23,281.23
2-Aug-15,280.45,283.03,277.53,282.61
1-Aug-15,284.69,284.93,278.11,281.60
31-Jul-15,287.70,288.96,282.34,284.65
30-Jul-15,289.10,290.13,286.57,287.72
29-Jul-15,294.48,294.54,288.78,289.59
28-Jul-15,293.63,296.65,293.42,294.43
27-Jul-15,292.64,297.77,287.45,293.62
26-Jul-15,288.64,293.05,287.71,292.69
25-Jul-15,288.16,290.73,286.00,288.70
24-Jul-15,276.01,289.25,275.25,288.28
23-Jul-15,277.34,278.11,275.72,276.05
22-Jul-15,275.66,277.67,274.38,277.22
21-Jul-15,278.88,280.55,275.42,275.83
20-Jul-15,273.50,278.98,272.96,278.98
19-Jul-15,274.77,275.67,272.51,273.61
18-Jul-15,279.33,282.53,274.08,274.90
17-Jul-15,278.09,280.28,272.04,279.47
16-Jul-15,286.04,291.18,275.24,278.09
15-Jul-15,288.05,293.25,285.37,285.83
14-Jul-15,292.03,296.15,286.64,287.46
13-Jul-15,310.83,310.95,281.01,292.05
12-Jul-15,293.14,314.39,292.51,310.87
11-Jul-15,284.88,298.51,283.53,293.11
10-Jul-15,269.16,294.59,268.80,284.89
9-Jul-15,270.83,272.33,267.09,269.23
8-Jul-15,265.98,272.97,264.39,270.79
7-Jul-15,269.96,271.34,264.83,266.21
6-Jul-15,271.11,277.42,267.60,269.03
5-Jul-15,260.80,274.51,258.70,271.91
4-Jul-15,256.49,261.46,254.20,260.89
3-Jul-15,255.46,257.08,253.51,256.34
2-Jul-15,258.55,261.63,254.12,255.41
1-Jul-15,263.35,265.17,255.77,258.62
30-Jun-15,257.04,267.87,255.95,263.07
29-Jun-15,248.72,257.17,248.58,257.06
28-Jun-15,250.96,251.17,247.43,249.01
27-Jun-15,243.55,251.34,243.12,250.99
26-Jun-15,242.60,243.75,241.55,243.59
25-Jun-15,240.37,243.33,240.37,242.80
24-Jun-15,244.28,244.34,240.51,240.51
23-Jun-15,246.93,247.30,243.13,244.30
22-Jun-15,243.97,247.92,243.78,246.99
21-Jun-15,245.10,245.22,241.88,243.94
20-Jun-15,244.53,245.83,240.63,245.21
19-Jun-15,249.04,250.98,243.79,244.61
18-Jun-15,249.43,252.11,244.13,249.01
17-Jun-15,250.82,256.85,246.48,249.28
16-Jun-15,236.76,251.74,236.12,250.90
15-Jun-15,233.42,237.84,233.42,236.82
14-Jun-15,232.44,234.86,232.00,233.54
13-Jun-15,229.92,232.65,229.21,232.40
12-Jun-15,229.71,231.06,229.31,229.98
11-Jun-15,228.85,230.29,228.77,229.71
10-Jun-15,228.99,229.78,228.01,228.80
9-Jun-15,228.54,230.95,227.93,229.05
8-Jun-15,222.88,229.46,222.84,228.49
7-Jun-15,225.60,226.19,222.65,222.88
6-Jun-15,225.01,225.72,224.38,225.62
5-Jun-15,224.15,225.97,223.18,224.95
4-Jun-15,225.77,226.58,224.05,224.32
3-Jun-15,225.74,227.40,223.93,225.87
2-Jun-15,222.89,226.42,222.42,225.80
1-Jun-15,230.23,231.71,221.30,222.93
31-May-15,233.13,233.25,229.54,230.19
30-May-15,237.09,237.09,232.05,233.35
29-May-15,237.38,237.52,235.73,237.10
28-May-15,237.26,237.82,236.65,237.41
27-May-15,237.07,238.64,236.70,237.28
26-May-15,237.10,238.24,235.69,237.12
25-May-15,240.93,241.02,236.64,237.11
24-May-15,238.98,241.98,238.81,240.95
23-May-15,240.29,241.02,238.69,238.87
22-May-15,235.32,240.97,235.06,240.35
21-May-15,234.02,236.24,233.84,235.34
20-May-15,231.89,234.68,231.84,234.02
19-May-15,233.04,234.15,231.82,231.95
18-May-15,236.89,237.21,232.46,233.13
17-May-15,236.01,238.02,236.01,236.80
16-May-15,237.64,237.70,235.29,236.15
15-May-15,236.96,238.75,236.79,237.60
14-May-15,236.21,237.80,234.06,236.93
13-May-15,241.40,243.70,235.04,236.38
12-May-15,242.15,242.88,240.10,241.11
11-May-15,240.30,244.27,239.38,242.16
10-May-15,241.73,244.07,238.85,240.30
9-May-15,243.77,247.80,239.64,241.83
8-May-15,237.20,246.27,236.27,243.86
7-May-15,229.66,239.10,228.57,237.33
6-May-15,236.25,236.45,229.23,229.78
5-May-15,238.85,239.20,232.05,236.12
4-May-15,240.36,242.64,237.81,239.02
3-May-15,234.88,243.24,234.08,240.36
2-May-15,232.34,235.73,232.34,234.93
1-May-15,235.94,238.97,232.08,232.08
30-Apr-15,225.69,239.56,224.99,236.15
29-Apr-15,225.59,227.04,223.43,225.81
28-Apr-15,228.97,229.49,223.07,225.85
27-Apr-15,219.43,233.30,218.02,229.29
26-Apr-15,226.41,226.94,214.87,219.43
25-Apr-15,231.24,232.56,226.34,226.39
24-Apr-15,235.97,236.30,229.93,231.27
23-Apr-15,234.05,236.48,233.20,236.46
22-Apr-15,235.60,237.91,233.48,234.18
21-Apr-15,224.62,235.27,224.30,235.27
20-Apr-15,222.61,226.35,221.98,224.63
19-Apr-15,223.46,226.35,222.37,222.60
18-Apr-15,222.85,224.32,220.88,223.36
17-Apr-15,228.57,228.91,221.94,222.88
16-Apr-15,223.92,229.67,223.92,228.57
15-Apr-15,219.07,223.83,218.65,223.83
14-Apr-15,224.76,224.98,216.32,219.16
13-Apr-15,235.95,236.93,222.00,224.59
12-Apr-15,236.54,237.73,233.49,236.15
11-Apr-15,236.02,239.54,234.18,236.55
10-Apr-15,243.69,243.69,232.77,236.07
9-Apr-15,244.75,246.12,239.40,243.68
8-Apr-15,253.06,253.85,244.21,245.02
7-Apr-15,255.27,255.80,252.21,253.18
6-Apr-15,260.72,261.80,254.57,255.49
5-Apr-15,253.76,260.67,251.94,260.60
4-Apr-15,254.29,255.26,251.10,253.70
3-Apr-15,253.07,256.04,251.88,254.32
2-Apr-15,247.09,254.46,245.42,253.01
1-Apr-15,244.22,247.54,241.16,247.27
31-Mar-15,247.45,248.73,242.74,244.22
30-Mar-15,242.88,249.24,239.21,247.53
29-Mar-15,252.74,253.14,240.85,242.71
28-Mar-15,246.98,254.21,246.98,252.80
27-Mar-15,248.57,256.81,245.21,247.03
26-Mar-15,246.28,254.35,244.90,248.53
25-Mar-15,247.47,249.19,236.51,246.20
24-Mar-15,266.58,267.00,244.15,245.60
23-Mar-15,267.89,277.30,261.74,266.74
22-Mar-15,259.92,269.75,259.59,267.96
21-Mar-15,261.64,262.20,255.65,260.02
20-Mar-15,260.96,264.85,259.16,261.75
19-Mar-15,255.88,264.24,248.64,260.93
18-Mar-15,285.07,285.34,249.87,256.30
17-Mar-15,290.60,292.36,284.37,285.51
16-Mar-15,285.68,294.11,285.68,290.59
15-Mar-15,281.42,286.53,281.00,286.39
14-Mar-15,284.44,286.34,280.98,281.89
13-Mar-15,294.12,294.50,285.34,285.34
12-Mar-15,296.13,297.09,292.41,294.35
11-Mar-15,291.52,297.39,290.51,296.38
10-Mar-15,289.86,300.04,289.74,291.76
9-Mar-15,274.81,292.70,273.89,289.61
8-Mar-15,276.43,277.86,272.57,274.35
7-Mar-15,272.29,277.85,270.13,276.26
6-Mar-15,275.60,277.61,270.02,272.72
5-Mar-15,272.74,281.67,264.77,276.18
4-Mar-15,281.99,284.23,268.13,273.09
3-Mar-15,275.05,285.80,268.16,281.70
2-Mar-15,260.36,276.30,258.31,275.67
1-Mar-15,254.28,261.66,245.93,260.20
28-Feb-15,253.52,254.69,249.48,254.26
27-Feb-15,236.44,256.65,236.44,253.83
26-Feb-15,237.34,237.71,234.26,236.43
25-Feb-15,238.89,239.34,235.53,237.47
24-Feb-15,239.00,239.90,236.40,238.74
23-Feb-15,235.99,240.11,232.42,238.89
22-Feb-15,244.54,246.39,233.85,235.98
21-Feb-15,243.75,255.32,243.18,244.53
20-Feb-15,240.25,247.10,239.30,243.78
19-Feb-15,236.41,242.67,235.59,240.28
18-Feb-15,243.78,244.25,232.34,236.33
17-Feb-15,233.42,245.77,232.31,243.61
16-Feb-15,234.82,239.52,229.02,233.84
15-Feb-15,257.51,265.61,227.68,234.82
14-Feb-15,235.53,259.81,235.53,257.32
13-Feb-15,221.97,240.26,221.26,235.43
12-Feb-15,219.21,222.20,217.61,221.76
11-Feb-15,219.73,223.41,218.07,219.18
10-Feb-15,220.28,221.81,215.33,219.84
9-Feb-15,223.39,223.98,217.02,220.11
8-Feb-15,227.69,229.44,221.08,223.41
7-Feb-15,222.63,230.30,222.61,227.75
6-Feb-15,216.92,230.51,216.23,222.27
5-Feb-15,227.66,239.40,214.73,217.11
4-Feb-15,227.51,230.06,221.11,226.85
3-Feb-15,237.45,245.96,224.48,227.27
2-Feb-15,226.49,242.18,222.66,238.23
1-Feb-15,216.87,231.57,212.01,226.97
31-Jan-15,226.44,233.50,216.31,217.46
30-Jan-15,232.77,242.85,225.84,226.43
29-Jan-15,233.35,238.71,220.71,233.51
28-Jan-15,263.35,266.54,227.05,233.91
27-Jan-15,273.17,275.48,250.65,263.48
26-Jan-15,254.08,309.38,254.08,273.47
25-Jan-15,247.35,255.07,243.89,253.72
24-Jan-15,232.70,248.21,230.02,247.85
23-Jan-15,233.52,234.85,225.20,232.88
22-Jan-15,227.32,237.02,226.43,233.41
21-Jan-15,211.38,227.79,211.21,226.90
20-Jan-15,212.91,215.24,205.15,211.32
19-Jan-15,211.47,216.73,207.32,214.86
18-Jan-15,200.05,218.70,194.51,210.34
17-Jan-15,207.83,211.73,194.88,199.26
16-Jan-15,209.07,221.59,199.77,208.10
15-Jan-15,176.90,229.07,176.90,209.84
14-Jan-15,223.89,223.89,171.51,178.10
13-Jan-15,267.39,268.28,219.91,225.86
12-Jan-15,266.15,272.20,265.20,267.80
11-Jan-15,274.61,279.64,265.04,265.66
10-Jan-15,287.30,288.13,273.97,274.80
9-Jan-15,282.38,291.11,280.53,290.41
8-Jan-15,294.14,294.14,282.17,283.35
7-Jan-15,286.08,298.75,283.08,294.34
6-Jan-15,274.61,287.55,272.70,286.19
5-Jan-15,265.08,278.34,265.08,274.47
4-Jan-15,281.15,287.23,257.61,264.20
3-Jan-15,314.85,315.15,281.08,281.08
2-Jan-15,314.08,315.84,313.57,315.03
1-Jan-15,320.43,320.43,314.00,314.25
