4/30/2019,152.36,161.2,152.32,160.4
4/29/2019,153.19,154.69,148.81,152.36
4/28/2019,155.66,156.45,152.16,153.19
4/27/2019,153.41,159,152.54,155.66
4/26/2019,152.05,156,148.26,153.41
4/25/2019,165.75,166.34,146,152.05
4/24/2019,170.14,171.08,160.3,165.75
4/23/2019,171.6,176.94,169.01,170.14
4/22/2019,169.9,173.65,168.21,171.6
4/21/2019,173.73,174.45,166.33,169.9
4/20/2019,173.83,177.84,170.87,173.73
4/19/2019,174.15,174.84,169.21,173.83
4/18/2019,166.54,176.17,166.01,174.15
4/17/2019,166.38,168.73,164.55,166.54
4/16/2019,160.24,168.6,159.46,166.38
4/15/2019,168.27,169.76,156,160.24
4/14/2019,163.75,169.25,161.83,168.27
4/13/2019,164.27,166.45,161.08,163.75
4/12/2019,164.92,168.87,159.27,164.27
4/11/2019,177.55,177.9,160.56,164.92
4/10/2019,175.83,185.62,169.52,177.55
4/9/2019,180.74,180.83,174.34,175.83
4/8/2019,174.84,187.62,173.95,180.74
4/7/2019,165.79,177.17,164.27,174.84
4/6/2019,166.08,173.19,160.48,165.79
4/5/2019,157.65,169.2,155.5,166.08
4/4/2019,161.33,164.84,153.5,157.65
4/3/2019,164.69,180.1,150.53,161.33
4/2/2019,141,167.5,140.71,164.69
4/1/2019,141.2,143,138.81,141
3/31/2019,142.14,142.19,140.7,141.51
3/30/2019,142.36,149.61,141.03,142.09
3/29/2019,139.34,142.55,138.05,142.5
3/28/2019,141.01,141.01,138.43,139.42
3/27/2019,135.45,141.08,135.34,140.99
3/26/2019,135.05,135.46,133.76,135.46
3/25/2019,137.08,137.7,133.49,135.03
3/24/2019,138.32,138.38,136.31,136.99
3/23/2019,137.04,139.39,136.91,138.24
3/22/2019,136.56,138.79,136.23,137.18
3/21/2019,140.48,141,135.86,136.64
3/20/2019,140.48,140.95,138.31,140.69
3/19/2019,137.01,138.65,136.76,137.59
3/18/2019,138.07,141.3,135.67,137.01
3/17/2019,140.48,140.56,136.3,138.07
3/16/2019,135.99,147,135.98,140.48
3/15/2019,131.4,136.91,131.4,135.99
3/14/2019,131.16,135.09,128.9,131.4
3/13/2019,132.8,132.94,130.2,131.16
3/12/2019,132.05,134.3,127.19,132.8
3/11/2019,134.66,135.37,130.57,132.05
3/10/2019,136.41,136.73,133.42,134.66
3/9/2019,132.75,138.01,132.09,136.41
3/8/2019,136.29,138.6,130.13,132.75
3/7/2019,137,139.68,134.84,136.29
3/6/2019,136.3,140,131.99,137
3/5/2019,125.24,137.49,124.78,136.3
3/4/2019,129.78,130.22,122.75,125.24
3/3/2019,132.32,134.41,127.49,129.78
3/2/2019,134.72,135.39,128.95,132.32
3/1/2019,134.48,137.53,133.52,134.72
2/28/2019,134.46,139,131.66,134.48
2/27/2019,135.76,140,125.77,134.46
2/26/2019,137.64,138.85,133.03,135.76
2/25/2019,131.76,141.09,131.03,137.64
2/24/2019,157.56,165.62,131.23,131.76
2/23/2019,146.68,159.91,144.89,157.56
2/22/2019,144.21,147.5,142.26,146.68
2/21/2019,147.19,148.6,141.76,144.21
2/20/2019,142.69,148.4,138.65,147.19
2/19/2019,144.56,149.47,142.46,142.69
2/18/2019,132.34,147.8,131.1,144.56
2/17/2019,121.56,134.14,121.38,132.34
2/16/2019,120.42,123.6,120.42,121.56
2/15/2019,119.39,123.57,119.13,120.42
2/14/2019,120.74,123.22,118.73,119.39
2/13/2019,120.82,125,119.51,120.74
2/12/2019,119.55,122.3,117,120.82
2/11/2019,123.94,124.11,118.27,119.55
2/10/2019,118.06,125.28,115.04,123.94
2/9/2019,117.98,119.77,116.55,118.06
2/8/2019,103.21,122,102.29,117.98
2/7/2019,103.36,104.77,102.75,103.21
2/6/2019,106,106.31,100.15,103.36
2/5/2019,106.08,106.5,105.08,106
2/4/2019,105.94,107.85,105.29,106.08
2/3/2019,109.3,110,104.52,105.94
2/2/2019,105.88,109.98,105.16,109.3
2/1/2019,105.79,107.69,103,105.88
1/31/2019,107.61,109.97,104.83,105.79
1/30/2019,104.02,109.45,102.9,107.61
1/29/2019,105.47,105.98,102.16,104.02
1/28/2019,111.35,112.1,100.9,105.47
1/27/2019,115.01,115.45,110.3,111.35
1/26/2019,114.95,117.47,114.78,115.01
1/25/2019,116.4,117.09,114.04,114.95
1/24/2019,116.55,117.11,113.62,116.4
1/23/2019,118.1,118.9,115.02,116.55
1/22/2019,115.86,119.41,110.86,118.1
1/21/2019,117.43,118.02,113.68,115.86
1/20/2019,123.17,123.7,115.7,117.43
1/19/2019,119.53,126.3,119.53,123.17
1/18/2019,122.55,122.88,118.18,119.53
1/17/2019,122.12,123.83,117.12,122.55
1/16/2019,120.06,127.6,119,122.12
1/15/2019,128.37,130.61,116.91,120.06
1/14/2019,115.55,131.7,115.34,128.37
1/13/2019,124.59,125.21,113.5,115.55
1/12/2019,125.83,127.24,123.4,124.59
1/11/2019,126.41,128.84,121.74,125.83
1/10/2019,149.5,150.9,122.15,126.41
1/9/2019,148.97,152.88,148.36,149.5
1/8/2019,150.62,152.9,146.71,148.97
1/7/2019,155.92,157.15,148.59,150.62
1/6/2019,154.21,159.58,148.5,155.92
1/5/2019,153.24,160.61,152.92,154.21
1/4/2019,147.23,155.51,145.14,153.24
1/3/2019,153.5,154.44,144.49,147.23
1/2/2019,139.75,156.69,138.75,153.5
1/1/2019,130.53,140.9,129.55,139.75
12/31/2018,138.78,138.9,128.5,130.53
12/30/2018,134.15,140.64,128.3,138.78
12/29/2018,136.82,147.3,131.72,134.15
12/28/2018,114.63,138.58,113.31,136.82
12/27/2018,130.47,131.78,112.26,114.63
12/26/2018,128.82,136.72,123.54,130.47
12/25/2018,139.03,140.26,122.15,128.82
12/24/2018,129.61,159.51,129.53,139.03
12/23/2018,116.09,133,116.01,129.61
12/22/2018,107.74,116.3,105.5,116.09
12/21/2018,114.6,120,105.3,107.74
12/20/2018,99.34,119,98.5,114.6
12/19/2018,101,107.88,98.16,99.34
12/18/2018,93.79,101.5,91.55,101
12/17/2018,83.74,96.74,83.51,93.79
12/16/2018,83.03,86.72,82.82,83.74
12/15/2018,83,84.29,81,83.03
12/14/2018,85.35,85.98,80.6,83
12/13/2018,89.09,90.25,83.48,85.35
12/12/2018,86.96,91,86.06,89.09
12/11/2018,89.23,91.03,85.15,87.23
12/10/2018,92.79,94.62,87.42,89.23
12/9/2018,89.99,98.3,88.15,92.79
12/8/2018,92.45,97.52,84,89.99
12/7/2018,89.25,96.86,81.02,92.45
12/6/2018,100.71,102.85,88.92,89.25
12/5/2018,108.61,109.37,99.5,100.71
12/4/2018,107.21,112,104.78,108.61
12/3/2018,114.76,115.12,104.74,107.21
12/2/2018,116.82,119.45,114.06,114.76
12/1/2018,111.65,119.48,110,116.82
11/30/2018,116.38,119,109.24,111.88
11/29/2018,121.95,123.05,113,116.38
11/28/2018,108.58,126.45,108.58,121.95
11/27/2018,106.95,111.6,99.26,108.58
11/26/2018,114.3,116.88,102.26,106.95
11/25/2018,110.08,118.83,98.2,114.3
11/24/2018,121.44,125.89,106.25,110.08
11/23/2018,123.2,125.15,116.24,121.44
11/22/2018,134.73,136.71,122.54,123.2
11/21/2018,127.55,137.5,122.65,134.73
11/20/2018,145.21,149.5,121.5,127.55
11/19/2018,175.87,175.92,142,145.21
11/18/2018,172.48,180.2,172.15,175.87
11/17/2018,172.4,174.41,170.34,172.48
11/16/2018,178.89,179.76,169.22,172.4
11/15/2018,177.79,181,165.33,178.89
11/14/2018,203.2,204.9,165.2,177.79
11/13/2018,208.77,208.77,202.76,203.2
11/12/2018,209.88,211.22,207,208.77
11/11/2018,210.29,211.17,206.15,209.88
11/10/2018,208.01,212.52,207.69,210.29
11/9/2018,210.34,212.2,206.2,208.01
11/8/2018,216.84,218.27,209.89,210.34
11/7/2018,218.51,222.78,215.56,216.84
11/6/2018,208.53,219.08,207.13,218.51
11/5/2018,210.06,211.2,205.53,208.53
11/4/2018,198.35,217.77,198.1,210.06
11/3/2018,199.75,200,197.62,198.35
11/2/2018,197.96,201.75,197.8,199.75
11/1/2018,196.95,198.63,196.2,197.96
10/31/2018,195.35,200,191.4,196.95
10/30/2018,194.29,196.41,192.6,195.35
10/29/2018,202.43,202.65,191,194.29
10/28/2018,201.46,202.85,201,202.43
10/27/2018,200.7,201.7,200.42,201.46
10/26/2018,199.65,204.35,198.64,200.7
10/25/2018,200.68,200.72,195.83,199.65
10/24/2018,201.12,202.47,200.38,200.68
10/23/2018,201.25,201.96,197.96,201.12
10/22/2018,202.12,203,198.89,201.25
10/21/2018,202.69,205.66,201.19,202.12
10/20/2018,200,204.66,199.31,202.69
10/19/2018,199.09,201.47,197.8,200
10/18/2018,203.21,205.56,195.15,199.09
10/17/2018,205.43,206.35,201.2,203.21
10/16/2018,204.12,204.12,203.55,203.55
10/15/2018,191.87,220.64,189.96,204.12
10/14/2018,196.72,199.41,189.13,191.87
10/13/2018,194.1,198.37,193.45,196.72
10/12/2018,188.32,198.5,187.15,194.1
10/11/2018,223.61,223.61,185.06,188.32
10/10/2018,226.15,226.25,221.52,223.61
10/9/2018,227.68,228.45,225.06,226.15
10/8/2018,224.82,231.1,222.25,227.68
10/7/2018,223.85,225.95,220.24,224.82
10/6/2018,226.89,227.06,222.32,223.85
10/5/2018,221,230.34,218,226.89
10/4/2018,219.01,225.66,218.31,221
10/3/2018,224.85,224.9,214,219.01
10/2/2018,230.4,231.08,221.45,224.85
10/1/2018,232.27,234.92,223.45,230.4
9/30/2018,231.01,238.69,225.5,232.27
9/29/2018,220.67,235.35,214,231.01
9/28/2018,229,234.59,215,220.67
9/27/2018,214.15,233.5,210.01,229
9/26/2018,219.19,222.43,207.23,214.15
9/25/2018,228.01,228.01,203.38,219.19
9/24/2018,244.35,245.79,225.15,228.01
9/23/2018,240.71,249.79,237.1,244.35
9/22/2018,247.76,255,232.67,240.71
9/21/2018,224.41,252,221,247.76
9/20/2018,209.81,227.34,206.64,224.41
9/19/2018,208.5,214.68,197.34,209.81
9/18/2018,195.97,214.87,194.05,208.5
9/17/2018,220.19,224.9,192.2,195.97
9/16/2018,221.69,223.43,208.01,220.19
9/15/2018,210,227.5,208.26,221.69
9/14/2018,211.39,224.3,202.51,210
9/13/2018,182.79,215,182.79,211.39
9/12/2018,185.15,185.15,167,182.79
9/11/2018,196.94,199.25,175.5,185.15
9/10/2018,195.91,202.7,186.59,196.94
9/9/2018,197,208.5,185.39,195.91
9/8/2018,215.21,220,190.01,197
9/7/2018,229.66,234.23,214,215.21
9/6/2018,227.56,233.6,211,229.66
9/5/2018,285.43,287.95,225.54,227.56
9/4/2018,288.6,292.11,282.1,285.43
9/3/2018,295.06,296.38,285.76,288.6
9/2/2018,294.64,298.72,288.48,295.06
9/1/2018,281.94,302.2,281.94,294.64
8/31/2018,284.52,284.7,276.66,281.94
8/30/2018,289,290.99,272.13,284.52
8/29/2018,295.39,297.32,284.11,289
8/28/2018,287.99,297.64,282.85,295.39
8/27/2018,274.25,288.64,271.32,287.99
8/26/2018,277.97,277.97,270,274.25
8/25/2018,281.35,282.95,276.99,277.97
8/24/2018,275.87,283.38,270.27,281.35
8/23/2018,270.47,280.39,268.6,275.87
8/22/2018,281.49,298.99,259.11,270.47
8/21/2018,270.76,286.42,269.13,281.49
8/20/2018,300.03,304,268.02,270.76
8/19/2018,296.61,307.65,289.33,300.03
8/18/2018,317.54,322.16,283.1,296.61
8/17/2018,286.67,319,285.42,317.54
8/16/2018,281.21,298.89,277.84,286.67
8/15/2018,278.37,305.4,275.93,281.21
8/14/2018,284.11,285,250.28,278.37
8/13/2018,318.15,322.27,281.41,284.11
8/12/2018,312.65,312.65,312.65,312.65
8/11/2018,330.99,332,310.32,312.65
8/10/2018,363.99,366.46,326,330.99
8/9/2018,355.7,371.09,351,363.99
8/8/2018,378.08,380.77,347.18,355.7
8/7/2018,404.99,410,369.1,378.08
8/6/2018,408.83,413.17,401,404.99
8/5/2018,407,413.33,400.5,408.83
8/4/2018,417.8,419.16,401,407
8/3/2018,410.71,420.27,395,417.8
8/2/2018,419.6,424.61,407.29,410.71
8/1/2018,432.16,435.48,407.78,419.6
7/31/2018,456.47,457.3,427.33,432.16
7/30/2018,466.01,469,446,456.47
7/29/2018,468.12,471.37,462,466.01
7/28/2018,469.3,471.01,461.25,468.12
7/27/2018,461.42,473.33,454.25,469.3
7/26/2018,470.81,483.88,460,461.42
7/25/2018,478.78,484.43,463.55,470.81
7/24/2018,449,483.92,447.99,478.78
7/23/2018,456.9,469.3,445.66,449
7/22/2018,461.5,471.74,455,456.9
7/21/2018,448.21,468.85,442,461.5
7/20/2018,468.39,468.73,441,448.21
7/19/2018,478.81,483.88,462.16,468.39
7/18/2018,499.01,515.88,468.85,478.81
7/17/2018,478.18,510.79,466.1,499.01
7/16/2018,449.41,479.92,444.05,478.18
7/15/2018,434.13,454.21,431.29,449.41
7/14/2018,432.8,439.99,428.13,434.13
7/13/2018,431.46,442.31,425.1,432.8
7/12/2018,446.25,447.17,418.23,431.46
7/11/2018,432.59,448.54,425.34,446.25
7/10/2018,471.6,473,427.88,432.59
7/9/2018,486.08,488,469,471.6
7/8/2018,484.48,494.74,479.31,486.08
7/7/2018,469.3,486.69,462,484.48
7/6/2018,467.25,474.99,451.68,469.3
7/5/2018,466.9,477.99,457.85,467.25
7/4/2018,461.75,482.01,451.35,466.9
7/3/2018,476.34,486.76,459.31,461.75
7/2/2018,451.43,481.98,442.79,476.34
7/1/2018,453.29,455.87,444.85,451.43
6/30/2018,434.6,462.49,434.5,453.29
6/29/2018,420,442,404.22,434.6
6/28/2018,441.41,443.78,417,420
6/27/2018,429.08,446,420.12,441.41
6/26/2018,458.41,460.72,429,429.08
6/25/2018,454.79,473.27,445,458.41
6/24/2018,475.17,476.9,421.1,454.79
6/23/2018,462.01,481.74,457.87,475.17
6/22/2018,525.49,525.65,449.02,462.01
6/21/2018,536,544.23,521.5,525.49
6/20/2018,538.5,541.8,516.67,536
6/19/2018,517.47,547.4,514.45,538.5
6/18/2018,496.5,525,488,517.47
6/17/2018,497.31,507.83,493.33,496.5
6/16/2018,487.45,502.81,484.12,497.31
6/15/2018,519.75,521,482,487.45
6/14/2018,476.02,529.34,459.46,519.75
6/13/2018,494.14,502.4,450.11,476.02
6/12/2018,531.68,538.99,485,494.14
6/11/2018,525.25,536.85,509.97,531.68
6/10/2018,593.41,593.41,505,525.25
6/9/2018,598.59,608,591.81,593.41
6/8/2018,603.56,607,591,598.59
6/7/2018,606.18,615.26,594.01,603.56
6/6/2018,607.6,611.69,592.76,606.18
6/5/2018,591.5,612,574.77,607.6
6/4/2018,618.63,626.55,576.28,591.5
6/3/2018,590.46,627.83,590.46,618.63
6/2/2018,578.89,600,571.75,590.46
6/1/2018,577.1,588,561.49,578.89
5/31/2018,557.22,589,553.6,577.1
5/30/2018,566.66,585.92,541.23,557.22
5/29/2018,511.33,573.53,510.91,566.66
5/28/2018,570.75,575,507,511.33
5/27/2018,584.99,589.5,556,570.75
5/26/2018,584.02,606,577.65,584.99
5/25/2018,603,616,568.27,584.02
5/24/2018,577.2,609.21,545.36,603
5/23/2018,640.5,648.46,563.27,577.2
5/22/2018,696.77,699,638,640.5
5/21/2018,714,717,686.52,696.77
5/20/2018,695.96,723,687.7,714
5/19/2018,694.5,715.76,677.7,695.96
5/18/2018,668.56,694.71,656.5,694.5
5/17/2018,707.45,717.17,661,668.56
5/16/2018,706.08,710.44,677.55,707.45
5/15/2018,726.9,738,694.75,706.08
5/14/2018,729.29,745,684.8,726.9
5/13/2018,684.66,740.31,671,729.29
5/12/2018,678.05,692.39,638.88,684.66
5/11/2018,723.51,735.19,662.6,678.05
5/10/2018,750,768,723.01,723.51
5/9/2018,746.99,759.5,708.8,750
5/8/2018,752.42,776,720,746.99
5/7/2018,784.28,789.98,695.12,752.42
5/6/2018,812,828.97,750.7,784.28
5/5/2018,783.01,824.67,778.5,812
5/4/2018,775.51,805.31,757.1,783.01
5/3/2018,685.02,784.76,684,775.51
5/2/2018,670.75,689.98,660.63,685.02
5/1/2018,669.81,675.01,627.2,670.75
4/30/2018,687.51,692.45,662.11,669.81
4/29/2018,682,696.71,666.04,687.51
4/28/2018,642.77,692.58,638.7,682
4/27/2018,661.13,685.91,639.25,642.77
4/26/2018,617.49,666.82,600,661.13
4/25/2018,703.38,704,578.75,617.49
4/24/2018,642.85,711,642.85,703.38
4/23/2018,621,647.47,618.7,642.85
4/22/2018,605.16,643.47,590.7,621
4/21/2018,617.17,624.21,572,605.16
4/20/2018,567.29,622.22,557.4,617.17
4/19/2018,525.89,569.95,521.18,567.29
4/18/2018,502.42,526.49,501.2,525.89
4/17/2018,511.28,521.94,500.49,502.42
4/16/2018,533.74,537.5,498.29,511.28
4/15/2018,502.4,534.57,502.4,533.74
4/14/2018,495.22,513.86,488,502.4
4/13/2018,493.41,529.36,481.18,495.22
4/12/2018,430.81,497,413.81,493.41
4/11/2018,415.45,433.83,410.11,430.81
4/10/2018,398.8,418.26,392.25,415.45
4/9/2018,399.9,432,388,398.8
4/8/2018,384.61,404.1,384.61,399.9
4/7/2018,370.32,395.9,369.2,384.61
4/6/2018,381.55,386.21,363.33,370.32
4/5/2018,378.43,387.2,366.54,381.55
4/4/2018,416.38,418,370.08,378.43
4/3/2018,384,421.59,380.89,416.38
4/2/2018,378.18,393.95,375.36,384
4/1/2018,394.54,400.65,360,378.18
3/31/2018,394.46,435,388.88,394.54
3/30/2018,383.29,411,365,394.46
3/29/2018,445.47,448,379.1,383.29
3/28/2018,449,464.89,439.18,445.47
3/27/2018,486.75,493,445,449
3/26/2018,522.55,525,466.1,486.75
3/25/2018,519.57,536,510.36,522.55
3/24/2018,543.04,545.94,517.7,519.57
3/23/2018,539.89,543.04,507.84,543.04
3/22/2018,559.98,578.73,517.6,539.89
3/21/2018,558,589.75,545.2,559.98
3/20/2018,555.55,567.04,516.53,558
3/19/2018,538,560.9,516.4,555.55
3/18/2018,549.79,574,450,538
3/17/2018,600.52,609.94,541.11,549.79
3/16/2018,610.99,626.13,585,600.52
3/15/2018,614.63,621.47,571.16,610.99
3/14/2018,690.39,702.5,585.52,614.63
3/13/2018,696.51,713.45,679.78,690.39
3/12/2018,719.79,739,678,696.51
3/11/2018,683.6,735,666,719.79
3/10/2018,728.46,749,680.2,683.6
3/9/2018,698.83,734,641.6,728.46
3/8/2018,751.38,774,686,698.83
3/7/2018,815.43,825,724,751.38
3/6/2018,848.83,849.97,801.01,815.43
3/5/2018,861.74,866,848.83,848.83
3/4/2018,854.34,865,836.37,861.74
3/3/2018,854.31,866.72,851.04,854.34
3/2/2018,868.74,873.12,846.97,854.31
3/1/2018,849.99,878,845.54,868.74
2/28/2018,870.98,887.5,848.21,849.99
2/27/2018,867.09,894,860.97,870.98
2/26/2018,841.96,877.5,835,867.09
2/25/2018,833.2,849.26,816.89,841.96
2/24/2018,854.01,874.66,808.37,833.2
2/23/2018,806,883,786.4,854.01
2/22/2018,840.34,870,790.01,806
2/21/2018,884.76,908.15,817.01,840.34
2/20/2018,939.01,958,875,884.76
2/19/2018,912.41,956,911,939.01
2/18/2018,975,982.99,909.1,912.41
2/17/2018,936.02,976.79,934.2,975
2/16/2018,929.3,944.92,910.8,936.02
2/15/2018,920.27,948.23,905.49,929.3
2/14/2018,840.49,924.7,839.45,920.27
2/13/2018,864.4,867.48,826,840.49
2/12/2018,811.35,874.03,810.99,864.4
2/11/2018,849.47,851.77,780,811.35
2/10/2018,875.99,908.76,815,849.47
2/9/2018,812,879.2,780,875.99
2/8/2018,750.04,843,747.82,812
2/7/2018,783.83,864.49,718.03,750.04
2/6/2018,693.54,807.5,555.56,783.83
2/5/2018,826,857.5,615,693.54
2/4/2018,969.4,970.4,783.27,826
2/3/2018,911.99,998,841.61,969.4
2/2/2018,1017.48,1020.48,726.43,911.99
2/1/2018,1105,1143,930,1017.48
1/31/2018,1054.39,1121.03,1013.25,1105
1/30/2018,1162.27,1171,1025,1054.39
1/29/2018,1215.01,1221.74,1137.2,1162.27
1/28/2018,1100,1224,1087.94,1215.01
1/27/2018,1045.57,1118.98,1030,1100
1/26/2018,1040,1071.75,987.54,1045.57
1/25/2018,1056.99,1098.74,1014.9,1040
1/24/2018,984.03,1056.99,952.68,1056.99
1/23/2018,999.68,1019,905,984.03
1/22/2018,1047.13,1080,917,999.68
1/21/2018,1150.02,1151,1011,1047.13
1/20/2018,1037.45,1164.97,1036.08,1150.02
1/19/2018,1025.78,1093,994.4,1037.45
1/18/2018,1028.06,1100,951,1025.78
1/17/2018,1080,1164.4,757,1028.06
1/16/2018,1278.63,1285.57,852.01,1080
1/15/2018,1365.46,1380.97,1269.01,1278.63
1/14/2018,1386.02,1389.11,1256.01,1365.46
1/13/2018,1260,1419.96,1259.99,1386.02
1/12/2018,1137.01,1285,1089.18,1260
1/11/2018,1246.95,1335,1083.97,1137.01
1/10/2018,1290.01,1386.99,1207.61,1246.95
1/9/2018,1137.01,1297.58,1119,1290.01
1/8/2018,1118.3,1228.99,951,1137.01
1/7/2018,1006.68,1118.3,1003.02,1118.3
1/6/2018,969.27,1009.11,961.23,1006.68
1/5/2018,949,1015,935,969.27
1/4/2018,938.31,994.89,906.01,949
1/3/2018,865,949.98,850.11,938.31
1/2/2018,759.03,878.5,759.02,865
1/1/2018,741.27,764.97,727.14,759.03
12/31/2017,710.58,751,699,741.27
12/30/2017,748.89,748.9,691.1,710.58
12/29/2017,719.5,755,713,748.89
12/28/2017,739.99,742.31,676.03,719.5
12/27/2017,755.07,767,706,739.99
12/26/2017,740.5,771,738.07,755.07
12/25/2017,697.04,759.88,693.5,740.5
12/24/2017,732.8,734.86,641.14,697.04
12/23/2017,682.11,774.99,670,732.8
12/22/2017,796.98,799.95,460,682.11
12/21/2017,802.86,845,767.15,796.98
12/20/2017,826.65,833.6,701,802.86
12/19/2017,785.65,875,770.38,826.65
12/18/2017,732.18,798.81,695,785.65
12/17/2017,704.18,746.93,703,732.18
12/16/2017,693.5,735,684.16,704.27
12/15/2017,705.01,706,618.19,693.5
12/14/2017,711.94,758,660.83,705.01
12/13/2017,686.82,784.77,606,711.94
12/12/2017,518,714,501.11,686.82
12/11/2017,447.71,519.49,445.75,518
12/10/2017,485.04,486.13,438,447.71
12/9/2017,463.45,535.1,450,485.04
12/8/2017,433.28,479.1,420.01,463.45
12/7/2017,432.49,448.89,415.01,433.28
12/6/2017,457.3,461.99,425.01,432.49
12/5/2017,468.22,470,451.56,457.3
12/4/2017,464.76,473,449.4,468.22
12/3/2017,460.34,483.5,450,464.76
12/2/2017,463.82,474.96,451.21,460.34
12/1/2017,434.03,468.43,421.58,463.82
11/30/2017,434.01,470,401.5,434.03
11/29/2017,468.52,518.13,410.09,434.01
11/28/2017,477.53,483,463.6,468.52
11/27/2017,473.99,492.99,462.1,477.53
11/26/2017,466.77,477.65,451.81,473.99
11/25/2017,470.98,488,456,466.77
11/24/2017,406.61,479.89,401,470.98
11/23/2017,381.73,428.6,376.04,406.61
11/22/2017,361.51,382.96,361,381.73
11/21/2017,368.24,372.99,350.5,361.51
11/20/2017,354.59,373.75,354.24,368.24
11/19/2017,346.6,374.7,344.01,354.59
11/18/2017,332.31,349,328.22,346.6
11/17/2017,330.21,334.3,326.46,332.31
11/16/2017,331.81,334.8,321.91,330.21
11/15/2017,335.04,340.84,326,331.81
11/14/2017,315.56,336.91,315.5,335.04
11/13/2017,307.1,319,306.5,315.56
11/12/2017,315.69,316.55,301.04,307.1
11/11/2017,298.04,319.94,297.67,315.69
11/10/2017,320.72,325.12,291.3,298.04
11/9/2017,307.91,329.47,307.01,320.72
11/8/2017,292.42,319.89,291,307.91
11/7/2017,297.32,304,287,292.42
11/6/2017,296.57,304.9,292,297.32
11/5/2017,301.66,302,295.64,296.57
11/4/2017,306,306,295,301.66
11/3/2017,285.4,308.06,285.4,306
11/2/2017,290.82,295.51,278.88,285.4
11/1/2017,303.51,305,289.51,290.82
10/31/2017,306.87,309.94,303.49,303.51
10/30/2017,303.38,309.69,302.53,306.87
10/29/2017,295.11,310,294.42,303.38
10/28/2017,297.59,297.9,293.51,295.11
10/27/2017,295.98,298.98,291.57,297.59
10/26/2017,296.76,299.95,293.81,295.98
10/25/2017,296.99,300.97,288.05,296.76
10/24/2017,285.83,311.7,280.3,296.99
10/23/2017,295.14,295.15,275.46,285.83
10/22/2017,300,306.55,291.81,295.14
10/21/2017,303.15,303.74,291.38,300
10/20/2017,308.02,311.53,302,303.15
10/19/2017,313.59,316.21,305.34,308.02
10/18/2017,316.37,316.53,287.4,313.59
10/17/2017,334.36,334.66,310.5,316.37
10/16/2017,336.89,350,330.84,334.36
10/15/2017,338.37,341,320,336.89
10/14/2017,335.89,347,332.53,338.37
10/13/2017,302.12,345,298.29,335.89
10/12/2017,302,307,300.3,302.12
10/11/2017,297.99,303,297.53,302
10/10/2017,297,305,290.23,297.99
10/9/2017,309.2,309.32,285.88,297
10/8/2017,311.12,313.6,308.62,309.2
10/7/2017,307.73,314.62,304.57,311.12
10/6/2017,294.89,308.5,294.21,307.73
10/5/2017,292,296.99,286.69,294.89
10/4/2017,292.36,295,289.62,292
10/3/2017,296.72,299,287.65,292.36
10/2/2017,303.25,303.5,293.73,296.72
10/1/2017,301.57,303.25,295.75,303.25
9/30/2017,291.88,304.69,291.25,301.57
9/29/2017,302.33,302.6,278,291.88
9/28/2017,309.85,310,298.1,302.33
9/27/2017,288.77,312.75,288.25,309.85
9/26/2017,294.41,295.48,286.2,288.77
9/25/2017,283.21,296.7,282.66,294.41
9/24/2017,286.03,294.89,276.23,283.21
9/23/2017,263.88,286.63,260.02,286.03
9/22/2017,258.11,272,254.01,263.88
9/21/2017,283.55,286.99,252.55,258.11
9/20/2017,282.8,293.58,278.04,283.55
9/19/2017,298,301,275.25,282.8
9/18/2017,259.66,303.5,259.65,298
9/17/2017,255.84,271.2,240.15,259.66
9/16/2017,260.88,278,247.1,255.84
9/15/2017,223.85,269.99,202.25,260.88
9/14/2017,275.71,280.75,221.3,223.85
9/13/2017,294.5,294.5,256.41,275.71
9/12/2017,298.47,316.19,286,294.5
9/11/2017,300.33,307.97,288.03,298.47
9/10/2017,304.99,306.5,285.13,300.33
9/9/2017,307.96,313.87,294.51,304.99
9/8/2017,335.56,335.56,292.8,307.96
9/7/2017,339.38,339.38,323.26,335.56
9/6/2017,320.08,345,319.3,339.38
9/5/2017,316.86,325,290.03,320.08
9/4/2017,353.06,353.15,285,316.86
9/3/2017,354.87,372,344.75,353.06
9/2/2017,392.87,393.76,333,354.87
9/1/2017,389.2,396.88,386.98,392.87
8/31/2017,384.1,389.97,381.2,389.2
8/30/2017,372.48,392,368.3,384.1
8/29/2017,347.54,374.91,347.54,372.48
8/28/2017,348.2,349.99,336.35,347.54
8/27/2017,332.99,348.2,332.44,348.2
8/26/2017,330.14,334.51,325.57,332.99
8/25/2017,324.56,336.99,324.38,330.14
8/24/2017,317.5,328,316,324.56
8/23/2017,314.19,324.61,313.72,317.5
8/22/2017,322,329.97,292,314.19
8/21/2017,297.79,344.34,295.27,322
8/20/2017,293.58,298.5,289.5,297.79
8/19/2017,292.87,298.7,287,293.58
8/18/2017,300.67,306.09,287,292.87
8/17/2017,300.45,309.41,298,300.67
8/16/2017,286.71,303.9,280,300.45
8/15/2017,299.16,299.18,267,286.71
8/14/2017,296.66,309.35,294.96,299.16
8/13/2017,308.35,309.95,287,296.66
8/12/2017,309.65,319.7,303.61,308.35
8/11/2017,300.51,310,295.79,309.65
8/10/2017,295.26,309.8,288.34,300.51
8/9/2017,295.95,314.71,276.55,295.26
8/8/2017,269.9,299.45,267,295.95
8/7/2017,263.96,274.81,257.1,269.9
8/6/2017,251.85,273,250.99,263.96
8/5/2017,220.72,258.98,219.54,251.85
8/4/2017,224,226.82,219.51,220.72
8/3/2017,217.92,227.53,217.35,224
8/2/2017,225.73,228.8,215.37,217.92
8/1/2017,200.82,232.73,200.82,225.73
7/31/2017,196.95,201.98,190.78,200.82
7/30/2017,205.9,209.9,193.26,196.95
7/29/2017,190.72,209.77,178.03,205.9
7/28/2017,202.94,203.95,189.34,190.72
7/27/2017,203.23,205,198.85,202.94
7/26/2017,203.78,209.89,193.4,203.23
7/25/2017,225.96,226.59,193,203.78
7/24/2017,228.31,229.99,224,225.96
7/23/2017,230.69,234.35,221.2,228.31
7/22/2017,216.6,237.67,215.1,230.69
7/21/2017,226.06,238,208.5,216.6
7/20/2017,194.73,237,194.73,226.06
7/19/2017,227.01,243.9,186.01,194.73
7/18/2017,190.87,249.4,176.51,227.01
7/17/2017,155.68,191.5,153.25,190.87
7/16/2017,167.72,172.3,130.26,155.68
7/15/2017,197.23,198.97,167,167.72
7/14/2017,205,206.99,183.12,197.23
7/13/2017,224.04,227,193.07,205
7/12/2017,190.57,228.88,181,224.04
7/11/2017,202.86,216.5,175.56,190.57
7/10/2017,238.81,240.33,185.39,202.86
7/9/2017,246.64,253.31,236,238.81
7/8/2017,241.28,249.5,231.25,246.64
7/7/2017,266.01,266.97,235.01,241.28
7/6/2017,266.27,275,261.59,266.01
7/5/2017,269.2,274.97,252.67,266.27
7/4/2017,276.37,282.83,265,269.2
7/3/2017,285,285,273.07,276.37
7/2/2017,263.12,293.73,255.7,285
7/1/2017,280.04,281.98,253.23,263.12
6/30/2017,292.95,306.5,270.5,280.04
6/29/2017,315.32,322.9,286.22,292.95
6/28/2017,287.23,323.69,260.11,315.32
6/27/2017,252.01,288.51,211,287.23
6/26/2017,278.49,293,206.5,252.01
6/25/2017,304.5,310,251.3,278.49
6/24/2017,326.99,330.7,295.55,304.5
6/23/2017,320.02,332.95,316.66,326.99
6/22/2017,325.41,336.68,305,320.02
6/21/2017,350.94,352,0.1,325.41
6/20/2017,358.71,365.79,325,350.94
6/19/2017,351.85,362.5,346.88,358.71
6/18/2017,368.98,381.66,340.11,351.85
6/17/2017,354.26,369,341.65,368.98
6/16/2017,343.71,364,314,354.26
6/15/2017,341.7,356.29,253,343.71
6/14/2017,388,394.47,315,341.7
6/13/2017,397.37,400,359.75,388
6/12/2017,343.01,420,306.11,397.37
6/11/2017,340.2,355,317.05,343.01
6/10/2017,279.38,358.46,278.03,340.2
6/9/2017,258.64,279.39,258.63,279.38
6/8/2017,255.68,261,250,258.64
6/7/2017,264.58,265.63,244.98,255.68
6/6/2017,248,269.36,247,264.58
6/5/2017,245.5,248.98,241.2,248
6/4/2017,224.95,249.04,224,245.5
6/3/2017,222.04,227.5,218.56,224.95
6/2/2017,221.91,229.75,216.5,222.04
6/1/2017,229.14,238.97,206.02,221.91
5/31/2017,228.69,234.76,215.42,229.14
5/30/2017,194.82,233.09,185,228.69
5/29/2017,175.48,199,167,194.82
5/28/2017,159.91,185,159.59,175.48
5/27/2017,163.8,172,115.67,159.91
5/26/2017,181.51,199.99,140,163.8
5/25/2017,196.06,217.85,162.04,181.51
5/24/2017,169.95,202,167.7,196.06
5/23/2017,160.1,177.9,155.7,169.95
5/22/2017,148.78,184.22,131.22,160.1
5/21/2017,123.63,148.97,122,148.78
5/20/2017,125.14,129.34,121,123.63
5/19/2017,96.2,129.98,96.18,125.14
5/18/2017,86.88,96.2,86.5,96.2
5/17/2017,87.98,89.98,82.5,86.88
5/16/2017,91,92.3,87.08,87.98
5/15/2017,89.39,94.7,89.28,91
5/14/2017,88.42,89.94,87.13,89.39
5/13/2017,85.17,88.74,82,88.42
5/12/2017,88.3,90.3,82.2,85.17
5/11/2017,88.36,90.99,87.01,88.3
5/10/2017,86.58,91.98,85.39,88.36
5/9/2017,89.25,90.08,75.89,86.58
5/8/2017,93.82,94.74,85.1,89.25
5/7/2017,95.84,97.95,90,93.82
5/6/2017,91.93,96.42,91.93,95.84
5/5/2017,95.97,98.98,89,91.93
5/4/2017,81.29,96.66,80.31,95.97
5/3/2017,77.55,81.4,75.89,81.29
5/2/2017,79.35,83.07,75.54,77.55
5/1/2017,80.87,85.21,72.24,79.35
4/30/2017,70.4,82.9,70,80.87
4/29/2017,73.14,74.89,68.24,70.4
4/28/2017,63.67,74.9,62.5,73.14
4/27/2017,53.42,63.99,52.66,63.67
4/26/2017,50.31,54.85,50.25,53.42
4/25/2017,50.12,50.75,50,50.31
4/24/2017,48.96,50.44,48.94,50.12
4/23/2017,48.61,49,48.25,48.96
4/22/2017,48.37,49.08,48.22,48.61
4/21/2017,49.38,49.49,48.24,48.37
4/20/2017,47.78,49.5,47.6,49.38
4/19/2017,49.79,50.32,47.25,47.78
4/18/2017,47.94,49.93,47.7,49.79
4/17/2017,48.13,48.29,47.5,47.94
4/16/2017,48.94,49.25,47.5,48.13
4/15/2017,47.2,74.98,46.78,48.94
4/14/2017,49.77,50,46.52,47.2
4/13/2017,46.48,51.11,46.22,49.77
4/12/2017,43.83,47.88,43.58,46.48
4/11/2017,43.92,44.5,43.55,43.83
4/10/2017,43.92,44.65,42.72,43.92
4/9/2017,44.45,44.74,42.72,43.92
4/8/2017,42.32,45.5,42.31,44.45
4/7/2017,43.3,44.64,41.57,42.32
4/6/2017,44.78,45.97,41.1,43.3
4/5/2017,44.47,47.63,44.2,44.78
4/4/2017,44.25,46.25,41.45,44.47
4/3/2017,48.74,48.97,42.39,44.25
4/2/2017,50.71,51.19,48.14,48.74
4/1/2017,50.18,51.85,48.85,50.71
3/31/2017,51.87,52.41,46.98,50.18
3/30/2017,53.1,53.34,51.52,51.87
3/29/2017,50.3,53.97,50.11,53.1
3/28/2017,48.97,50.44,48.51,50.3
3/27/2017,50.73,51.71,48.28,48.97
3/26/2017,50.5,51.5,48.51,50.73
3/25/2017,52.93,53.4,47.29,50.5
3/24/2017,42.99,53.44,42.5,52.93
3/23/2017,41.37,43.97,40.33,42.99
3/22/2017,42.36,42.59,38.26,41.37
3/21/2017,42.31,43.68,41.76,42.36
3/20/2017,43.21,45.25,40.86,42.31
3/19/2017,34.03,45.64,33.64,43.21
3/18/2017,44.62,45,30.7,34.03
3/17/2017,45.96,57.67,35.04,44.62
3/16/2017,35.65,47.03,35.65,45.96
3/15/2017,28.69,35.86,28.5,35.65
3/14/2017,28.63,30,27.16,28.69
3/13/2017,23.39,31.1,23.38,28.63
3/12/2017,21.64,24.25,21.33,23.39
3/11/2017,19.2,21.89,18.91,21.64
3/10/2017,17.82,19.7,17.01,19.2
3/9/2017,16.68,18.29,16.2,17.82
3/8/2017,18.96,18.96,16.65,16.68
3/7/2017,19.68,19.77,18.59,18.96
3/6/2017,19.37,20.24,19.17,19.68
3/5/2017,18.65,19.45,18.18,19.37
3/4/2017,19.68,20.4,18.65,18.65
3/3/2017,19.27,21.49,18.2,19.68
3/2/2017,17.37,19.99,16.88,19.27
3/1/2017,16.4,17.58,15.68,17.37
2/28/2017,15.66,16.94,15.21,16.4
2/27/2017,14.74,16.32,14.37,15.66
2/26/2017,13.65,14.84,13.4,14.74
2/25/2017,13.2,13.87,13.06,13.65
2/24/2017,13.21,13.33,12.81,13.2
2/23/2017,12.75,13.37,12.73,13.21
2/22/2017,12.83,12.99,12.68,12.75
2/21/2017,12.61,12.87,12.3,12.83
2/20/2017,12.9,12.95,12.56,12.61
2/19/2017,12.89,12.95,12.79,12.9
2/18/2017,12.75,12.93,12.75,12.89
2/17/2017,12.89,12.95,12.71,12.75
2/16/2017,12.98,13.03,12.62,12.89
2/15/2017,13.02,14,12.66,12.98
2/14/2017,11.44,14.7,11.39,13.02
2/13/2017,11.48,11.54,11.21,11.44
2/12/2017,11.49,11.54,11.4,11.48
2/11/2017,11.38,11.5,11.34,11.49
2/10/2017,10.99,11.48,10.88,11.38
2/9/2017,11.45,11.54,10.61,10.99
2/8/2017,11.49,11.65,11.15,11.45
2/7/2017,11.34,11.59,11.29,11.49
2/6/2017,11.29,11.42,11.22,11.34
2/5/2017,11.42,11.44,11.15,11.29
2/4/2017,10.95,11.45,10.94,11.42
2/3/2017,10.82,10.95,10.67,10.95
2/2/2017,10.73,10.86,10.62,10.82
2/1/2017,10.74,10.86,10.51,10.73
1/31/2017,10.59,10.79,10.58,10.74
1/30/2017,10.5,10.71,10.37,10.59
1/29/2017,10.57,10.58,10.46,10.5
1/28/2017,10.51,10.58,10.47,10.57
1/27/2017,10.66,10.67,10.42,10.51
1/26/2017,10.52,10.66,10.5,10.66
1/25/2017,10.51,10.66,10.43,10.52
1/24/2017,10.79,10.92,10.51,10.51
1/23/2017,10.78,10.85,10.65,10.79
1/22/2017,10.99,11.07,10.66,10.78
1/21/2017,10.65,11.06,10.58,10.99
1/20/2017,10.47,10.81,10.42,10.65
1/19/2017,10.23,10.5,10.18,10.47
1/18/2017,10.2,10.51,9.99,10.23
1/17/2017,9.62,10.53,9.62,10.2
1/16/2017,9.95,10.23,9.56,9.62
1/15/2017,9.85,10.05,9.8,9.95
1/14/2017,9.79,9.94,9.69,9.85
1/13/2017,9.89,9.91,9.51,9.79
1/12/2017,9.9,10.4,9.12,9.89
1/11/2017,10.66,10.84,9.47,9.9
1/10/2017,10.37,10.75,10.34,10.66
1/9/2017,10.44,10.94,10.23,10.37
1/8/2017,9.96,10.58,9.89,10.44
1/7/2017,10.13,10.21,9.58,9.96
1/6/2017,10.28,10.46,9.52,10.13
1/5/2017,10.98,11.8,9.08,10.28
1/4/2017,9.69,10.99,9.34,10.98
1/3/2017,8.36,10.02,8.24,9.69
1/2/2017,8.18,8.53,8.05,8.36
1/1/2017,8.13,8.6,8.08,8.18
12/31/2016,8.22,8.29,8,8.13
12/30/2016,8.29,8.52,8.01,8.22
12/29/2016,7.62,8.53,7.58,8.29
12/28/2016,7.16,7.72,7.05,7.62
12/27/2016,7.23,7.37,7.05,7.16
12/26/2016,7.22,7.33,7.02,7.23
12/25/2016,7.24,7.34,7.12,7.22
12/24/2016,7.18,7.46,7.01,7.24
12/23/2016,7.65,7.67,7.04,7.18
12/22/2016,7.88,7.95,7.5,7.65
12/21/2016,7.58,7.97,7.58,7.88
12/20/2016,7.62,7.77,7.55,7.58
12/19/2016,7.94,7.95,7.57,7.62
12/18/2016,7.68,7.97,7.68,7.94
12/17/2016,7.89,7.9,7.51,7.68
12/16/2016,7.77,7.95,7.77,7.89
12/15/2016,8.26,8.32,7.64,7.77
12/14/2016,8.4,8.48,8.22,8.26
12/13/2016,8.49,8.57,8.35,8.4
12/12/2016,8.25,8.62,8.18,8.49
12/11/2016,8.12,8.26,8.11,8.25
12/10/2016,8.55,8.55,8.04,8.12
12/9/2016,8.27,8.65,7.97,8.55
12/8/2016,8.37,8.95,8.22,8.27
12/7/2016,7.71,8.6,7.71,8.37
12/6/2016,6.69,7.11,6.41,6.81
12/5/2016,7.54,7.58,6.56,6.69
12/4/2016,7.9,7.95,7.43,7.54
12/3/2016,7.68,8.12,7.34,7.9
12/2/2016,8.46,8.47,7.27,7.68
12/1/2016,8.63,8.68,8.3,8.46
11/30/2016,8.19,8.75,8.14,8.63
11/29/2016,8.66,8.72,7.79,8.19
11/28/2016,8.9,9,8.63,8.66
11/27/2016,9.34,9.34,8.66,8.9
11/26/2016,9.4,9.48,9.26,9.34
11/25/2016,9.21,9.74,9.16,9.4
11/24/2016,9.8,9.82,8.68,9.21
11/23/2016,9.83,9.93,9.73,9.8
11/22/2016,9.53,10.21,9.49,9.83
11/21/2016,9.6,9.65,9.41,9.53
11/20/2016,9.71,9.78,9.52,9.6
11/19/2016,9.53,9.78,9.45,9.71
11/18/2016,9.98,9.98,9.45,9.53
11/17/2016,10.02,10.13,9.8,9.98
11/16/2016,10.28,10.42,9.82,10.02
11/15/2016,10.03,10.3,9.81,10.28
11/14/2016,10.14,10.19,9.93,10.03
11/13/2016,9.96,10.41,9.65,10.14
11/12/2016,10.31,10.34,9.67,9.96
11/11/2016,10.52,10.71,10.16,10.31
11/10/2016,10.66,10.68,10.44,10.52
11/9/2016,10.86,10.86,10.28,10.66
11/8/2016,10.94,11.01,10.81,10.86
11/7/2016,11.02,11.06,10.91,10.94
11/6/2016,11.16,11.2,10.92,11.02
11/5/2016,11.15,11.24,11.01,11.16
11/4/2016,10.88,11.15,10.81,11.15
11/3/2016,10.83,11.14,10.77,10.88
11/2/2016,10.79,11.17,10.72,10.83
11/1/2016,10.95,11.24,10.35,10.79
10/31/2016,11.22,11.44,10.85,10.95
10/30/2016,10.43,11.45,10.35,11.22
10/29/2016,11.1,11.35,9.52,10.43
10/28/2016,11.43,11.63,10.93,11.1
10/27/2016,11.5,11.57,11.22,11.43
10/26/2016,11.32,11.7,11.28,11.5
10/25/2016,11.9,11.95,11.05,11.32
10/24/2016,11.92,11.99,11.89,11.9
10/23/2016,12.04,12.06,11.87,11.92
10/22/2016,12.05,12.14,11.87,12.04
10/21/2016,12.03,12.13,11.96,12.05
10/20/2016,11.97,12.26,11.92,12.03
10/19/2016,12.53,12.65,11.88,11.97
10/18/2016,11.97,12.94,11.91,12.53
10/17/2016,11.94,11.99,11.83,11.97
10/16/2016,11.95,12.05,11.9,11.94
10/15/2016,11.9,11.97,11.78,11.95
10/14/2016,12.05,12.07,11.84,11.9
10/13/2016,11.77,12.11,11.72,12.05
10/12/2016,11.76,12.11,11.68,11.77
10/11/2016,11.78,12.24,11.7,11.76
10/10/2016,12.05,12.18,11.62,11.78
10/9/2016,12.28,12.43,12.02,12.05
10/8/2016,12.69,12.74,12.06,12.28
10/7/2016,12.87,13.08,12.5,12.69
10/6/2016,13.1,13.18,12.68,12.87
10/5/2016,13.34,13.45,13.1,13.1
10/4/2016,13.52,13.58,13.24,13.34
10/3/2016,13.28,13.56,13.25,13.52
10/2/2016,13.24,13.31,13.19,13.28
10/1/2016,13.24,13.31,13.09,13.24
9/30/2016,13.18,13.39,13.08,13.24
9/29/2016,13.31,13.39,13.1,13.18
9/28/2016,13.11,13.58,13.09,13.31
9/27/2016,12.88,13.25,12.83,13.11
9/26/2016,13.07,13.15,12.83,12.88
9/25/2016,12.94,13.18,12.8,13.07
9/24/2016,13.36,13.41,12.62,12.94
9/23/2016,13.1,13.45,13.1,13.36
9/22/2016,13.71,13.89,12.33,13.1
9/21/2016,15.09,15.25,13.16,13.71
9/20/2016,12.92,15.13,12.92,15.09
9/19/2016,12.58,13.2,12.57,12.92
9/18/2016,12.88,12.98,12.33,12.58
9/17/2016,12.6,12.99,12.41,12.88
9/16/2016,11.96,12.76,11.86,12.6
9/15/2016,11.93,12.1,11.9,11.96
9/14/2016,11.92,12.03,11.8,11.93
9/13/2016,11.87,12.08,11.84,11.92
9/12/2016,11.64,11.95,11.64,11.87
9/11/2016,12.07,12.21,11.6,11.64
9/10/2016,11.61,12.07,11.55,12.07
9/9/2016,11.42,11.69,11.34,11.61
9/8/2016,11.6,11.7,11.31,11.42
9/7/2016,11.73,11.9,11.53,11.6
9/6/2016,11.77,11.77,11.5,11.73
9/5/2016,11.76,11.84,11.62,11.77
9/4/2016,11.83,11.9,11.54,11.76
9/3/2016,12.11,12.47,11.6,11.83
9/2/2016,12.24,12.35,11.95,12.11
9/1/2016,11.52,12.5,11.52,12.24
8/31/2016,11.2,11.53,11.09,11.52
8/30/2016,10.95,11.25,10.95,11.2
8/29/2016,10.98,11.16,10.8,10.95
8/28/2016,11.21,11.22,10.98,10.98
8/27/2016,11.29,11.3,11.17,11.21
8/26/2016,11.34,11.47,11.2,11.29
8/25/2016,11,11.34,10.99,11.34
8/24/2016,10.98,11.16,10.98,11
8/23/2016,11.08,11.2,10.85,10.98
8/22/2016,11.17,11.34,11.04,11.08
8/21/2016,11.31,11.32,10.98,11.17
8/20/2016,10.73,11.37,10.7,11.31
8/19/2016,10.77,10.86,10.65,10.73
8/18/2016,10.79,11.06,10.76,10.77
8/17/2016,11.18,11.26,10.69,10.79
8/16/2016,11.22,11.49,11,11.18
8/15/2016,11.29,11.52,11.02,11.22
8/14/2016,11.59,11.76,11.2,11.29
8/13/2016,11.82,11.86,11.54,11.59
8/12/2016,11.73,12.08,11.65,11.82
8/11/2016,12.25,12.39,11.6,11.73
8/10/2016,12.31,12.91,11.87,12.25
8/9/2016,11.34,12.48,11.24,12.31
8/8/2016,11.05,11.42,10.94,11.34
8/7/2016,10.99,11.25,10.84,11.05
8/6/2016,11.18,11.24,10.42,10.99
8/5/2016,11.31,11.4,10.81,11.18
8/4/2016,10.7,11.55,10.42,11.31
8/3/2016,8.46,10.78,8.09,10.7
8/2/2016,11.02,11.31,6.68,8.46
8/1/2016,11.89,12.12,11,11.02
7/31/2016,12.6,12.67,11.61,11.89
7/30/2016,12.9,12.9,12.55,12.6
7/29/2016,12.95,12.98,12.57,12.9
7/28/2016,13.14,13.14,12.53,12.95
7/27/2016,12.1,13.4,11.75,13.14
7/26/2016,14,14.01,11.92,12.1
7/25/2016,12.66,14,12.56,14
7/24/2016,14.5,14.6,12.05,12.66
7/23/2016,14.99,15.39,14,14.5
7/22/2016,12.84,15,12.73,14.99
7/21/2016,12.58,13.09,12.1,12.84
7/20/2016,11.69,13,11.22,12.58
7/19/2016,11.15,11.98,11.03,11.69
7/18/2016,11.31,11.93,11,11.15
7/17/2016,11.91,11.92,11.02,11.31
7/16/2016,12,12.4,11.8,11.91
7/15/2016,11.68,12.75,11.36,12
7/14/2016,10.5,11.78,10.33,11.68
7/13/2016,10.52,10.65,10.49,10.5
7/12/2016,10.68,10.98,10.5,10.52
7/11/2016,11.02,11.16,10.11,10.68
7/10/2016,11,11.3,10.9,11.02
7/9/2016,11.22,11.57,10.68,11
7/8/2016,10.08,11.8,10.05,11.22
7/7/2016,10.59,10.7,9.75,10.08
7/6/2016,10.5,11,10.24,10.59
7/5/2016,11.43,11.48,9.31,10.5
7/4/2016,11.99,12.02,11.41,11.43
7/3/2016,12.16,12.16,11.65,11.99
7/2/2016,12.3,12.45,12,12.16
7/1/2016,12.49,12.54,11.8,12.3
6/30/2016,12.81,13.06,12.19,12.49
6/29/2016,12.17,13.13,11.62,12.81
6/28/2016,14.07,14.25,11.52,12.17
6/27/2016,14.04,14.59,13.6,14.07
6/26/2016,14.39,14.49,13.75,14.04
6/25/2016,14.52,14.74,14,14.39
6/24/2016,13.87,14.8,13.25,14.52
6/23/2016,13.35,14.5,12.68,13.87
6/22/2016,12.8,15.89,12.76,13.35
6/21/2016,11.8,12.8,11.2,12.8
6/20/2016,12.36,12.74,10.8,11.8
6/19/2016,11.55,13.4,10.72,12.36
6/18/2016,15.75,15.75,10,11.55
6/17/2016,21.09,22,13.75,15.75
6/16/2016,18.58,21.35,18.42,21.09
6/15/2016,18.7,18.81,17.89,18.58
6/14/2016,17.9,19.08,16.96,18.7
6/13/2016,15.9,17.93,15.49,17.9
6/12/2016,14.1,15.9,13.92,15.9
6/11/2016,14.11,14.29,13.86,14.1
6/10/2016,14.71,14.74,13.76,14.11
6/9/2016,14.61,14.85,14.55,14.71
6/8/2016,14.65,14.87,14.4,14.61
6/7/2016,14.22,14.69,13.97,14.65
6/6/2016,14.04,14.3,13.83,14.22
6/5/2016,13.81,14.06,13.8,14.04
6/4/2016,13.88,14.03,13.56,13.81
6/3/2016,14.02,14.12,13.49,13.88
6/2/2016,13.93,14.18,13.76,14.02
6/1/2016,14,14.45,13.5,13.93
31-May-16,12.74,14.27,12.64,14.08
30-May-16,12.33,12.88,12.27,12.73
29-May-16,12.11,12.69,11.78,12.35
28-May-16,11.33,12.36,10.37,11.89
27-May-16,12.39,12.39,10.5,11.3
26-May-16,12.52,12.99,12.06,12.43
25-May-16,12.79,12.9,11.77,12.53
24-May-16,13.31,13.77,12.01,12.73
23-May-16,14.28,14.49,13.19,13.46
22-May-16,14.04,14.35,13.77,14.29
21-May-16,13.69,14.05,13.12,14.02
20-May-16,14.85,15.05,13.38,13.64
19-May-16,13.54,14.87,13.34,14.77
18-May-16,12.18,14.26,12.18,13.56
17-May-16,11.19,12.49,11.15,12.2
16-May-16,9.97,11.44,9.97,11.17
15-May-16,10.24,10.44,9.93,9.96
14-May-16,10.51,10.61,9.81,10.24
13-May-16,10.06,11.05,10.02,10.51
12-May-16,10,10.51,9.86,10.06
11-May-16,9.43,10.01,9.39,10
10-May-16,9.28,9.48,9.26,9.36
9-May-16,9.49,9.64,9.2,9.3
8-May-16,9.37,9.6,8.93,9.48
7-May-16,9.32,9.48,9.21,9.37
6-May-16,9.81,9.95,9.04,9.35
5-May-16,9.4,10.05,9.29,9.83
4-May-16,9.38,10.03,9.27,9.41
3-May-16,10.17,10.17,9.28,9.31
2-May-16,8.89,10.32,8.85,10.16
1-May-16,8.78,9.01,8.43,8.85
30-Apr-16,7.45,9.37,7.45,8.81
29-Apr-16,7.21,7.73,7.17,7.46
28-Apr-16,7.74,7.91,7.17,7.17
27-Apr-16,7.39,7.97,7.32,7.76
26-Apr-16,7.53,7.55,7.06,7.4
25-Apr-16,8.01,8.09,7.24,7.55
24-Apr-16,8.29,8.47,7.96,8
23-Apr-16,7.79,8.55,7.74,8.29
22-Apr-16,8.15,8.27,7.67,7.82
21-Apr-16,8.45,8.72,7.96,8.1
20-Apr-16,8.69,8.83,8.31,8.47
19-Apr-16,9.08,9.31,8.6,8.71
18-Apr-16,9.33,9.51,8.5,9.04
17-Apr-16,8.62,9.7,8.56,9.31
16-Apr-16,8.24,8.65,8.11,8.61
15-Apr-16,8.39,8.62,8.1,8.24
14-Apr-16,8.08,8.76,8.02,8.39
13-Apr-16,7.44,8.72,7.07,8.04
12-Apr-16,8.64,8.64,7.15,7.44
11-Apr-16,8.94,8.95,8,8.64
10-Apr-16,9.15,9.22,7.46,8.94
9-Apr-16,9.69,10.09,9.07,9.15
8-Apr-16,10.08,10.39,9.66,9.72
7-Apr-16,10.7,10.81,9.95,10.07
6-Apr-16,10.45,10.97,10.28,10.69
5-Apr-16,11.21,11.21,10.13,10.44
4-Apr-16,11.62,11.62,11.02,11.16
3-Apr-16,11.63,11.71,11.51,11.62
2-Apr-16,11.63,11.69,11.4,11.6
1-Apr-16,11.4,11.85,11.4,11.66
31-Mar-16,11.92,12.01,11.32,11.4
30-Mar-16,11.61,12.18,11.47,11.95
29-Mar-16,11.75,11.91,11.35,11.66
28-Mar-16,10.43,11.86,10.41,11.67
27-Mar-16,10.99,11.05,10.11,10.42
26-Mar-16,10.77,11.18,10.59,10.97
25-Mar-16,11.26,11.37,10.53,10.74
24-Mar-16,12.44,12.5,10.8,11.23
23-Mar-16,11.33,12.43,11.24,12.42
22-Mar-16,11.88,12.03,11.18,11.27
21-Mar-16,10.3,12.01,10.16,11.86
20-Mar-16,10.52,10.9,9.57,10.32
19-Mar-16,11.2,11.2,9.78,10.53
18-Mar-16,11.11,11.18,8.52,11
17-Mar-16,12.56,12.64,10.44,11.08
16-Mar-16,13.02,13.73,12.5,12.52
15-Mar-16,13,13.2,12.05,13.01
14-Mar-16,14.51,15.01,11.58,12.45
13-Mar-16,13.51,15.26,13.47,14.48
12-Mar-16,11.13,13.53,11.09,13.53
11-Mar-16,11.22,11.6,10.39,11.08
10-Mar-16,11.88,12.24,10.99,11.31
9-Mar-16,9.79,12.05,9.67,11.9
8-Mar-16,9.58,10.17,8.82,9.85
7-Mar-16,11.43,11.65,9.31,9.55
6-Mar-16,11.2,11.84,9.99,11.38
5-Mar-16,10.37,12.27,9.97,11
4-Mar-16,9.24,10.41,8.48,10.41
3-Mar-16,8.44,10.1,8.33,9.29
2-Mar-16,7.63,8.75,7.37,8.47
1-Mar-16,6.32,7.91,6.31,7.65
29-Feb-16,6.46,6.61,6.05,6.34
28-Feb-16,6.41,6.62,6.24,6.47
27-Feb-16,5.96,6.53,5.92,6.43
26-Feb-16,6.04,6.27,5.74,5.92
25-Feb-16,6.19,6.65,5.55,6.1
24-Feb-16,5.6,6.24,5.51,6.24
23-Feb-16,5.68,5.95,5.39,5.59
22-Feb-16,4.66,5.65,4.64,5.62
21-Feb-16,4.36,4.71,4.23,4.65
20-Feb-16,4.68,4.75,4.13,4.34
19-Feb-16,4.38,4.79,4.27,4.74
18-Feb-16,3.77,4.77,3.42,4.4
17-Feb-16,4.29,4.77,3.5,3.76
16-Feb-16,5.33,5.47,4.03,4.32
15-Feb-16,5.33,5.89,5.02,5.29
14-Feb-16,5.4,5.47,4.45,5.24
13-Feb-16,5.69,5.72,4.19,5.39
12-Feb-16,5.95,6.58,5.07,5.55
11-Feb-16,4.5,6.29,4.34,6.01
10-Feb-16,4,4.86,3.78,4.44
9-Feb-16,3.17,4.04,3.17,4.04
8-Feb-16,2.97,3.27,2.88,3.18
7-Feb-16,2.54,3.06,2.54,2.96
6-Feb-16,2.53,2.56,2.47,2.53
5-Feb-16,2.57,2.61,2.47,2.54
4-Feb-16,2.53,2.63,2.44,2.58
3-Feb-16,2.43,2.54,2.34,2.53
2-Feb-16,2.22,2.45,2.16,2.44
1-Feb-16,2.32,2.32,2.12,2.21
31-Jan-16,2.44,2.53,2.19,2.31
30-Jan-16,2.51,2.61,2.4,2.45
29-Jan-16,2.54,2.61,2.3,2.49
28-Jan-16,2.41,2.68,2.34,2.53
27-Jan-16,2.25,2.59,2.19,2.39
26-Jan-16,2.53,2.84,1.99,2.28
25-Jan-16,2.15,2.66,2.06,2.5
24-Jan-16,1.9,2.3,1.9,2.14
23-Jan-16,1.5,2.03,1.5,1.97
22-Jan-16,1.55,1.58,1.47,1.5
21-Jan-16,1.53,1.59,1.49,1.55
20-Jan-16,1.36,1.62,1.35,1.53
19-Jan-16,1.42,1.46,1.31,1.37
18-Jan-16,1.33,1.54,1.32,1.43
17-Jan-16,1.22,1.33,1.21,1.33
16-Jan-16,1.22,1.31,1.17,1.22
15-Jan-16,1.18,1.32,1.14,1.21
14-Jan-16,1.12,1.19,1.1,1.19
13-Jan-16,1.14,1.15,1.08,1.13
12-Jan-16,1.07,1.28,1.05,1.14
11-Jan-16,0.999216,1.07,0.999216,1.06
10-Jan-16,0.985557,1,0.975099,0.999231
9-Jan-16,0.985501,0.992345,0.9736,0.986833
8-Jan-16,0.942752,0.991825,0.939715,0.986789
7-Jan-16,0.955801,0.974623,0.93583,0.942005
6-Jan-16,0.950028,0.960659,0.935708,0.95086
5-Jan-16,0.953147,0.970597,0.946543,0.950176
4-Jan-16,0.972045,0.976438,0.929835,0.95448
3-Jan-16,0.93843,0.991362,0.934313,0.971905
2-Jan-16,0.947401,0.969637,0.93656,0.937124
1-Jan-16,0.933712,0.954822,0.931442,0.948024
31-Dec-15,0.912098,0.975414,0.910277,0.933542
30-Dec-15,0.874258,0.941099,0.866647,0.911958
29-Dec-15,0.843835,0.873054,0.833232,0.873054
28-Dec-15,0.856356,0.872394,0.832932,0.845005
27-Dec-15,0.853166,0.861538,0.841151,0.856365
26-Dec-15,0.870766,0.897453,0.838314,0.854603
25-Dec-15,0.861993,0.882556,0.861993,0.870363
24-Dec-15,0.859433,0.882818,0.8476,0.863262
23-Dec-15,0.861782,0.88294,0.856065,0.858077
22-Dec-15,0.894973,0.909526,0.862059,0.864202
21-Dec-15,0.906065,0.91739,0.891182,0.900771
20-Dec-15,0.90824,0.943185,0.899441,0.903885
19-Dec-15,0.921524,0.925874,0.888916,0.908072
18-Dec-15,0.938327,0.939493,0.908081,0.920127
17-Dec-15,0.993043,0.997611,0.911807,0.940701
16-Dec-15,1.02,1.02,0.974927,0.991182
15-Dec-15,0.990589,1.03,0.98224,1.01
14-Dec-15,0.95662,1.01,0.950178,0.993022
13-Dec-15,0.971538,0.989394,0.937438,0.952884
12-Dec-15,0.931196,1.05,0.928546,0.976973
11-Dec-15,0.839995,0.929762,0.819789,0.929762
10-Dec-15,0.79559,0.86159,0.787291,0.840396
9-Dec-15,0.824454,0.824454,0.770488,0.792167
8-Dec-15,0.806024,0.823645,0.782328,0.822118
7-Dec-15,0.836322,0.850791,0.78765,0.811264
6-Dec-15,0.866417,0.882436,0.833115,0.8355
5-Dec-15,0.841195,0.872821,0.824444,0.862438
4-Dec-15,0.812082,0.859575,0.802373,0.840041
3-Dec-15,0.818546,0.837664,0.785086,0.812143
2-Dec-15,0.873171,0.878017,0.818924,0.82121
1-Dec-15,0.878316,0.886736,0.853937,0.8748
30-Nov-15,0.879951,0.895054,0.847696,0.873119
29-Nov-15,0.914144,0.914153,0.860533,0.878614
28-Nov-15,0.868102,0.929293,0.862122,0.915703
27-Nov-15,0.8821,0.900051,0.860695,0.867951
26-Nov-15,0.863273,0.903643,0.80436,0.884183
25-Nov-15,0.893827,0.899493,0.851106,0.863537
24-Nov-15,0.946442,0.948055,0.895931,0.900191
23-Nov-15,0.967493,0.969057,0.93387,0.946969
22-Nov-15,0.979765,0.984132,0.958982,0.968018
21-Nov-15,0.928758,0.978743,0.92094,0.97614
20-Nov-15,0.955735,0.955735,0.898576,0.92492
19-Nov-15,0.988713,1.01,0.937498,0.955532
18-Nov-15,0.993214,1.01,0.940516,0.993319
17-Nov-15,0.924948,1.03,0.905794,1.01
16-Nov-15,0.906166,0.944732,0.891971,0.928962
15-Nov-15,0.891217,0.921516,0.874957,0.906368
14-Nov-15,0.905469,0.906113,0.876908,0.888812
13-Nov-15,0.907722,0.917309,0.846023,0.904096
12-Nov-15,0.796455,0.913919,0.76351,0.895711
11-Nov-15,0.941296,0.945278,0.729775,0.791829
10-Nov-15,1,1.05,0.920968,0.934348
9-Nov-15,1.03,1.11,0.945263,0.999278
8-Nov-15,0.915661,1.03,0.915661,1.03
7-Nov-15,0.923732,0.943787,0.863539,0.927974
6-Nov-15,0.904772,0.989848,0.852929,0.926032
5-Nov-15,0.900699,0.991259,0.860382,0.895637
4-Nov-15,1.01,1.04,0.725665,0.89905
3-Nov-15,0.994568,1.07,0.936615,1.01
2-Nov-15,1.06,1.1,0.953647,0.989789
1-Nov-15,0.920847,1.08,0.899082,1.06
31-Oct-15,1.05,1.06,0.900171,0.916627
30-Oct-15,1.21,1.35,0.96816,1.04
29-Oct-15,1.01,1.21,0.947374,1.21
28-Oct-15,0.870938,1.06,0.807857,1
27-Oct-15,0.70889,0.898172,0.70889,0.869641
26-Oct-15,0.619743,0.757517,0.597098,0.731317
25-Oct-15,0.563207,0.688192,0.561383,0.616039
24-Oct-15,0.539681,0.577396,0.518688,0.56359
23-Oct-15,0.56637,0.611743,0.504284,0.539657
22-Oct-15,0.444988,0.619466,0.420991,0.567702
21-Oct-15,0.431589,0.482988,0.420897,0.447329
20-Oct-15,0.489629,0.501898,0.431648,0.434829
19-Oct-15,0.517621,0.521546,0.480994,0.489014
18-Oct-15,0.547913,0.552234,0.512861,0.517734
17-Oct-15,0.534117,0.56346,0.526961,0.547178
16-Oct-15,0.562593,0.568861,0.522533,0.536495
15-Oct-15,0.523278,0.572714,0.51473,0.561878
14-Oct-15,0.61224,0.61224,0.483974,0.522968
13-Oct-15,0.627943,0.63024,0.599214,0.607655
12-Oct-15,0.634515,0.657789,0.62603,0.62603
11-Oct-15,0.627461,0.639506,0.618335,0.634963
10-Oct-15,0.641187,0.649022,0.624374,0.627857
9-Oct-15,0.655084,0.692296,0.632116,0.650628
8-Oct-15,0.609501,0.633138,0.591971,0.621716
7-Oct-15,0.650515,0.656301,0.602423,0.609388
6-Oct-15,0.622218,0.653944,0.60623,0.650645
5-Oct-15,0.666784,0.674438,0.62445,0.628643
4-Oct-15,0.686343,0.693126,0.660716,0.668379
3-Oct-15,0.678783,0.709204,0.675482,0.687171
2-Oct-15,0.683732,0.69112,0.654605,0.678574
1-Oct-15,0.734307,0.734307,0.655906,0.690215
30-Sep-15,0.661192,0.746722,0.635861,0.738644
29-Sep-15,0.579414,0.67583,0.558346,0.661146
28-Sep-15,0.723715,0.725677,0.557062,0.582886
27-Sep-15,0.791277,0.791277,0.719169,0.720839
26-Sep-15,0.73763,0.787544,0.709328,0.785964
25-Sep-15,0.820031,0.825665,0.712745,0.736223
24-Sep-15,0.896796,0.908571,0.79346,0.81361
23-Sep-15,0.90356,0.90891,0.885136,0.893406
22-Sep-15,0.919337,0.919337,0.865225,0.901796
21-Sep-15,0.941496,0.957326,0.878301,0.919047
20-Sep-15,0.881191,0.947741,0.873205,0.938445
19-Sep-15,0.849603,0.911883,0.833784,0.882391
18-Sep-15,0.874574,0.888102,0.833908,0.853685
17-Sep-15,0.906865,0.909204,0.831132,0.874231
16-Sep-15,0.941977,0.952698,0.901639,0.907175
15-Sep-15,0.875189,1.05,0.875189,0.94441
14-Sep-15,0.940566,0.949387,0.87176,0.875622
13-Sep-15,1.04,1.04,0.902832,0.936003
12-Sep-15,0.987228,1.11,0.96978,1.04
11-Sep-15,1.16,1.17,0.940675,0.982978
10-Sep-15,1.21,1.22,1.14,1.17
9-Sep-15,1.24,1.26,1.2,1.21
8-Sep-15,1.25,1.28,1.23,1.24
7-Sep-15,1.3,1.31,1.24,1.25
6-Sep-15,1.34,1.37,1.29,1.3
5-Sep-15,1.28,1.34,1.27,1.34
4-Sep-15,1.26,1.3,1.24,1.27
3-Sep-15,1.3,1.31,1.21,1.26
2-Sep-15,1.35,1.35,1.26,1.29
1-Sep-15,1.35,1.39,1.34,1.35
31-Aug-15,1.32,1.4,1.2,1.36
30-Aug-15,1.18,1.37,1.17,1.32
29-Aug-15,1.19,1.21,1.15,1.18
28-Aug-15,1.15,1.21,1.12,1.19
27-Aug-15,1.17,1.19,1.14,1.15
26-Aug-15,1.13,1.2,1.06,1.16
25-Aug-15,1.23,1.24,1.13,1.14
24-Aug-15,1.35,1.36,1.23,1.23
23-Aug-15,1.38,1.41,1.3,1.35
