30-Apr-19,67.95,74.67,67.95,74.28
29-Apr-19,69.78,70.23,67.27,67.96
28-Apr-19,72.12,72.48,69.08,69.73
27-Apr-19,73.21,73.33,71.99,72.12
26-Apr-19,71.36,74.51,70.19,73.12
25-Apr-19,73.25,74.51,71.06,71.25
24-Apr-19,74.75,75.24,71.36,73.31
23-Apr-19,76.85,79.46,74.64,74.85
22-Apr-19,77.29,77.89,75.7,76.95
21-Apr-19,81.52,81.89,75.02,77.33
20-Apr-19,82.55,82.89,80.28,81.51
19-Apr-19,82.1,83.19,80.43,82.57
18-Apr-19,79.39,83.2,79.31,82.07
17-Apr-19,81.35,82,79.08,79.33
16-Apr-19,79.04,81.84,78.03,81.35
15-Apr-19,83.01,83.85,76.98,79.05
14-Apr-19,78.2,82.94,76.98,82.94
13-Apr-19,78.95,81.1,76.69,78.22
12-Apr-19,79.63,80.27,76.44,78.96
11-Apr-19,88.39,88.52,76.66,79.68
10-Apr-19,86.77,90.35,86.75,88.38
9-Apr-19,89.5,89.5,85.01,86.79
8-Apr-19,92.33,93.82,87.06,89.49
7-Apr-19,92.42,95.39,90.09,92.31
6-Apr-19,88.71,96.74,86.31,92.57
5-Apr-19,85.04,89.58,84.92,88.68
4-Apr-19,85.17,89.34,81.57,84.98
3-Apr-19,76.26,97.5,76.01,84.92
2-Apr-19,60.7,77.41,60.54,76.19
1-Apr-19,60.77,60.99,60.41,60.68
31-Mar-19,60.64,60.85,60.21,60.76
30-Mar-19,61.25,64.11,60.37,60.62
29-Mar-19,61.17,61.53,60.26,61.3
28-Mar-19,62.22,62.22,60.75,61.17
27-Mar-19,59.41,62.29,59.33,62.25
26-Mar-19,59.51,59.65,58.33,59.34
25-Mar-19,60.3,60.93,59,59.5
24-Mar-19,61.24,61.25,59.71,60.22
23-Mar-19,59.79,61.71,59.51,61.35
22-Mar-19,59.3,60.28,58.89,59.82
21-Mar-19,60.87,61.08,58.74,59.38
20-Mar-19,60.68,60.96,58.57,60.85
19-Mar-19,60.22,60.95,59.75,60.62
18-Mar-19,61.28,62.77,59.5,60.26
17-Mar-19,61.88,61.99,60.78,61.24
16-Mar-19,58.99,62.09,58.99,61.84
15-Mar-19,56.54,59.39,56.54,58.99
14-Mar-19,55.86,57.76,55.79,56.58
13-Mar-19,57.08,57.21,55.43,55.93
12-Mar-19,55.41,57.26,53.5,57
11-Mar-19,57.19,57.85,54.83,55.42
10-Mar-19,58.1,58.25,56.59,57.18
9-Mar-19,56,59.29,56,58.09
8-Mar-19,57.44,57.65,55.45,56.1
7-Mar-19,55.84,59,55.08,57.19
6-Mar-19,53.02,56.27,52.28,55.78
5-Mar-19,46.52,54.02,46.14,53.13
4-Mar-19,48.33,48.65,45.85,46.43
3-Mar-19,49.02,49.39,48.09,48.38
2-Mar-19,47.48,49.64,47.46,49.02
1-Mar-19,46.24,48.99,46.15,47.49
28-Feb-19,45.62,46.92,45.6,46.24
27-Feb-19,45.5,46.14,44.41,45.58
26-Feb-19,46.18,46.52,45.09,45.49
25-Feb-19,44.58,47.19,44.58,46.21
24-Feb-19,51.68,53.42,43.66,44.68
23-Feb-19,49.67,51.89,48.67,51.68
22-Feb-19,49.13,50.03,48.72,49.81
21-Feb-19,51.84,51.84,48.68,49.15
20-Feb-19,47.82,52.16,47.41,51.79
19-Feb-19,48.14,49.18,47.27,47.86
18-Feb-19,43.88,49.22,43.84,48.04
17-Feb-19,43.4,44.65,42.91,43.93
16-Feb-19,42.76,44.18,42.57,43.59
15-Feb-19,41.64,43.68,41.62,42.7
14-Feb-19,41.88,42.55,41.27,41.64
13-Feb-19,43.83,44.51,41.42,42
12-Feb-19,43.17,44.14,42.54,43.93
11-Feb-19,46.88,46.88,42.4,43.18
10-Feb-19,44.76,47.09,42.9,46.83
9-Feb-19,43.02,45.86,42.27,44.79
8-Feb-19,33.24,43.9,33.01,43.46
7-Feb-19,32.91,33.59,32.88,33.22
6-Feb-19,34.35,34.35,32.54,32.93
5-Feb-19,34.01,34.39,33.78,34.26
4-Feb-19,33.46,34.43,33.46,34.11
3-Feb-19,34.43,34.57,33.12,33.44
2-Feb-19,32.82,34.56,32.73,34.39
1-Feb-19,31.72,33.45,31.13,32.83
31-Jan-19,31.89,32.44,31.4,31.65
30-Jan-19,31.07,32.09,30.86,31.93
29-Jan-19,31.24,31.46,30.44,31.1
28-Jan-19,32.52,32.72,30.52,31.2
27-Jan-19,33.08,33.35,32.08,32.59
26-Jan-19,32.97,33.95,32.87,33.15
25-Jan-19,32.82,33.21,32.27,32.98
24-Jan-19,32.04,33.04,31.43,32.78
23-Jan-19,31.67,32.39,31.56,32
22-Jan-19,31.21,32.02,30.32,31.68
21-Jan-19,31.19,31.39,30.96,31.21
20-Jan-19,32.49,33.35,30.94,31.18
19-Jan-19,31.48,33.11,31.37,32.55
18-Jan-19,31.91,31.94,30.96,31.31
17-Jan-19,31.85,31.95,30.68,31.89
16-Jan-19,31.44,32.25,31.27,31.82
15-Jan-19,32.38,32.71,31.08,31.51
14-Jan-19,30.38,32.73,30.31,32.36
13-Jan-19,32.4,33.14,30.13,30.33
12-Jan-19,32.46,32.94,32.03,32.38
11-Jan-19,33.68,34.1,32.05,32.33
10-Jan-19,38.99,39.52,33.03,33.87
9-Jan-19,39.45,40.28,38.9,38.99
8-Jan-19,37.92,40.95,37.92,39.48
7-Jan-19,39.28,39.65,37.61,37.81
6-Jan-19,34.85,39.96,34.78,39.3
5-Jan-19,32.35,36.14,32.34,34.94
4-Jan-19,32.02,33.02,31.44,32.4
3-Jan-19,33.35,33.42,31.59,32.03
2-Jan-19,32.02,33.79,31.77,33.43
1-Jan-19,30.46,32.1,30.26,31.98
31-Dec-18,31.98,32,30.16,30.47
30-Dec-18,31.42,32.38,31.17,31.98
29-Dec-18,32.56,33.34,31.52,31.57
28-Dec-18,28.3,33.36,28.3,32.51
27-Dec-18,30.96,31.36,28.13,28.29
26-Dec-18,31.09,32.2,29.75,30.99
25-Dec-18,33.4,33.4,30.45,31.13
24-Dec-18,33.47,36.56,33.2,33.2
23-Dec-18,31.99,34.15,31.8,33.46
22-Dec-18,30.83,31.86,30.33,31.86
21-Dec-18,32.73,34.28,30.3,30.8
20-Dec-18,29.6,33.26,29.41,32.82
19-Dec-18,30.33,31.77,29.45,29.68
18-Dec-18,29.27,30.14,28.25,30.14
17-Dec-18,25.68,30.4,25.68,29.27
16-Dec-18,23.79,26.73,23.78,25.6
15-Dec-18,23.46,24.12,23.34,23.78
14-Dec-18,23.65,23.75,22.82,23.46
13-Dec-18,24.53,24.66,23.61,23.67
12-Dec-18,23.8,25.25,23.71,24.49
11-Dec-18,24.6,24.95,23.51,23.8
10-Dec-18,25.91,26.13,24.5,24.62
9-Dec-18,24.8,26.91,24.8,25.95
8-Dec-18,25.13,26.63,23.63,24.86
7-Dec-18,26.91,26.91,23,25.27
6-Dec-18,29.25,30.41,26.92,26.94
5-Dec-18,31.22,31.39,29.28,29.3
4-Dec-18,31.01,32.15,30.39,31.19
3-Dec-18,33.81,33.81,30.49,31.07
2-Dec-18,34.26,35.14,33.43,33.71
1-Dec-18,32.13,35.15,31.51,34.34
30-Nov-18,33.8,34.25,31.43,32.06
29-Nov-18,34.72,35.54,33.22,33.8
28-Nov-18,31.12,35.98,30.97,34.63
27-Nov-18,29.41,31.35,28.82,31.07
26-Nov-18,30.87,32.11,28.38,29.41
25-Nov-18,29.23,31.91,27.07,30.89
24-Nov-18,32.26,33.15,28.76,29.22
23-Nov-18,32.02,33.03,31.14,32.16
22-Nov-18,34.69,34.9,32.2,32.2
21-Nov-18,33.07,34.67,31.89,34.67
20-Nov-18,36.57,37.91,31.41,33.04
19-Nov-18,42.34,42.34,35.97,36.64
18-Nov-18,42.09,42.98,42.01,42.33
17-Nov-18,42.49,42.49,41.66,41.93
16-Nov-18,43.96,43.96,42.09,42.46
15-Nov-18,43.73,44.24,40.78,43.95
14-Nov-18,49.58,50.3,41.94,43.61
13-Nov-18,50.63,50.97,49.26,49.7
12-Nov-18,51.48,51.68,50.47,50.65
11-Nov-18,52.32,52.47,50.25,51.36
10-Nov-18,51.93,52.7,51.84,52.4
9-Nov-18,52.36,52.72,51.67,51.9
8-Nov-18,54.19,54.46,52.37,52.37
7-Nov-18,56.04,56.16,53.71,54.19
6-Nov-18,53.7,55.95,53.48,55.95
5-Nov-18,53.59,54.71,53.11,53.55
4-Nov-18,50.99,55.14,50.82,53.61
3-Nov-18,51.3,51.36,50.76,50.97
2-Nov-18,50.34,51.66,50.32,51.33
1-Nov-18,49.56,51.03,49.42,50.27
31-Oct-18,49.34,49.94,48.32,49.44
30-Oct-18,49,49.48,48.79,49.24
29-Oct-18,51.83,52.03,48.65,49.07
28-Oct-18,52.05,52.17,51.48,51.94
27-Oct-18,52.13,52.36,51.77,51.93
26-Oct-18,52.22,52.48,51.73,52.1
25-Oct-18,52.49,52.51,52.06,52.23
24-Oct-18,52.46,53.01,52.29,52.52
23-Oct-18,52.24,52.87,51.94,52.54
22-Oct-18,52.78,53.11,52.01,52.2
21-Oct-18,53.43,53.77,52.71,52.92
20-Oct-18,53.07,53.46,52.8,53.36
19-Oct-18,52.55,53.6,52.24,53.02
18-Oct-18,53.72,53.99,52.13,52.53
17-Oct-18,54.26,54.26,53.09,53.67
16-Oct-18,54.97,55.48,53.67,54.07
15-Oct-18,52.17,57.46,51.91,54.88
14-Oct-18,53.51,53.84,52.03,52.19
13-Oct-18,53.46,54.28,53.21,53.45
12-Oct-18,50.87,53.82,50.87,53.55
11-Oct-18,57.98,57.98,50.99,51.23
10-Oct-18,58.66,58.66,57.43,57.98
9-Oct-18,59.45,59.53,58.21,58.71
8-Oct-18,58.23,59.82,57.48,59.41
7-Oct-18,57.93,58.36,57.21,58.16
6-Oct-18,58.88,58.92,57.27,57.84
5-Oct-18,58.33,59.13,57.67,58.77
4-Oct-18,57.52,59.05,57.44,58.28
3-Oct-18,59.58,59.58,57.08,57.48
2-Oct-18,60.3,61.25,59.41,59.71
1-Oct-18,61.1,61.73,59.74,60.21
30-Sep-18,61.63,62.39,60.15,61.14
29-Sep-18,61.64,62.03,59.49,61.61
28-Sep-18,63.17,64.42,60.81,61.9
27-Sep-18,57.45,64.3,56.92,62.98
26-Sep-18,57.45,59.62,56.7,57.4
25-Sep-18,58.02,58.15,54.74,57.54
24-Sep-18,61.34,61.34,57.3,57.97
23-Sep-18,60.55,63.19,60,61.37
22-Sep-18,60.81,61.71,57.74,60.44
21-Sep-18,56.78,62.06,56.46,60.72
20-Sep-18,54.37,57.15,53.64,56.63
19-Sep-18,54.02,54.92,52.26,54.33
18-Sep-18,52.29,55.1,51,54.1
17-Sep-18,57.02,57.75,51.85,52.54
16-Sep-18,56.58,57.37,55.06,56.97
15-Sep-18,56.34,58.4,56.18,56.71
14-Sep-18,54.65,58.44,53.32,56.58
13-Sep-18,51.88,55.05,51.76,54.54
12-Sep-18,52.39,52.41,47.67,51.66
11-Sep-18,54.61,54.78,51.08,52.37
10-Sep-18,54.99,56.07,53.5,54.6
9-Sep-18,53.27,56.4,52.72,54.92
8-Sep-18,56.13,57.61,52.58,53.24
7-Sep-18,57.34,58.12,55.51,56.2
6-Sep-18,58.32,58.32,54.91,57.49
5-Sep-18,67.67,68.12,58.44,58.44
4-Sep-18,65.32,68.98,65.23,67.71
3-Sep-18,65.82,66.2,64.32,65.37
2-Sep-18,65.98,66.9,64.33,65.65
1-Sep-18,61.74,67.25,61.74,65.95
31-Aug-18,60.42,62.25,59.32,61.93
30-Aug-18,61.77,62.03,58.92,60.32
29-Aug-18,63.03,63.39,60.74,61.77
28-Aug-18,60.23,63.4,59.62,63.02
27-Aug-18,57.26,60.42,56.93,60.25
26-Aug-18,58.05,58.11,56.24,57.33
25-Aug-18,57.92,58.21,57.37,57.91
24-Aug-18,57.6,58.28,55.95,57.93
23-Aug-18,55.19,57.81,54.39,57.54
22-Aug-18,56.66,59.01,54.38,55.32
21-Aug-18,53.77,56.8,53.77,56.35
20-Aug-18,57.91,58.55,53.98,54
19-Aug-18,57.22,58.74,56.54,57.94
18-Aug-18,61.56,62.03,55.8,57.28
17-Aug-18,55.33,61.51,55.19,61.51
16-Aug-18,54.54,57.43,54.51,55.36
15-Aug-18,54.68,58.95,54.3,54.5
14-Aug-18,57,57.05,51.16,54.56
13-Aug-18,59.48,60.6,56.31,56.85
12-Aug-18,58.22,61.71,57.96,59.33
11-Aug-18,59.49,59.8,55.67,58.36
10-Aug-18,63.98,64.93,58.86,59.39
9-Aug-18,62.47,65.58,61.3,63.98
8-Aug-18,68.16,68.16,62.14,62.49
7-Aug-18,74,75.23,68.13,68.17
6-Aug-18,75.06,76.59,72.79,73.89
5-Aug-18,73.38,75,72.69,74.59
4-Aug-18,77.42,77.82,72.76,73.2
3-Aug-18,76.3,77.57,74.47,77.54
2-Aug-18,77.71,78.54,75.61,76.14
1-Aug-18,80.39,80.73,76.4,77.86
31-Jul-18,82.69,82.94,76.81,79.7
30-Jul-18,84.15,84.71,80.6,82.85
29-Jul-18,84.05,85.21,83.38,84.08
28-Jul-18,84.54,84.63,82.83,83.62
27-Jul-18,83.73,85.22,82.04,84.46
26-Jul-18,86.28,88.02,83.19,84.03
25-Jul-18,88.66,89.92,85.41,86.28
24-Jul-18,82.68,89.29,81.93,89.29
23-Jul-18,83.23,86.05,82.31,82.43
22-Jul-18,84.26,84.63,82.87,83.16
21-Jul-18,82.66,85.25,80.67,84.46
20-Jul-18,86.68,86.68,82.42,82.75
19-Jul-18,86.9,88.83,85.79,86.67
18-Jul-18,89.82,93.65,86.03,86.96
17-Jul-18,84.3,90.31,83,89.81
16-Jul-18,78.96,84.6,78.21,84.6
15-Jul-18,76.7,79.65,76.02,78.94
14-Jul-18,76.97,77.54,76.18,76.72
13-Jul-18,77.29,78.43,76.11,76.94
12-Jul-18,78.59,78.59,75.31,76.81
11-Jul-18,76.13,80.8,76.07,78.7
10-Jul-18,80.78,80.88,75.38,76.08
9-Jul-18,82.54,83.26,80.75,80.86
8-Jul-18,86.26,86.68,82.18,82.4
7-Jul-18,83.4,86.2,80.7,86.2
6-Jul-18,83.84,84.6,81.32,83.38
5-Jul-18,85.65,86.67,82.54,83.76
4-Jul-18,85.17,89.12,84.02,85.49
3-Jul-18,85.39,89.28,84.73,85.1
2-Jul-18,80.27,86.27,78.69,85.26
1-Jul-18,81.5,81.61,78.36,80.24
30-Jun-18,78.95,83.24,78.95,81.37
29-Jun-18,74.81,80.18,73.17,78.77
28-Jun-18,80.63,81.04,74.44,74.93
27-Jun-18,76.93,81.34,75.86,80.66
26-Jun-18,81.82,82.5,76.85,76.87
25-Jun-18,80.37,86.07,79.02,81.83
24-Jun-18,82.74,83.39,74.29,80.78
23-Jun-18,85.09,86.36,81.64,82.6
22-Jun-18,96.94,97.12,81.4,85.08
21-Jun-18,97.88,98.87,96.36,96.93
20-Jun-18,98.96,99.2,95.97,97.99
19-Jun-18,98.73,100.82,97.4,98.84
18-Jun-18,95.77,99.81,93.91,98.82
17-Jun-18,97.72,98.66,95.53,96.1
16-Jun-18,96.58,98.35,93.97,97.58
15-Jun-18,101.11,101.11,95.6,96.68
14-Jun-18,93.99,102.42,93.61,101.15
13-Jun-18,100.8,100.95,91.29,94.08
12-Jun-18,107.43,108.06,99.37,100.75
11-Jun-18,106.54,108.85,104.12,107.52
10-Jun-18,117.56,117.56,104.08,107.04
9-Jun-18,120.11,121.03,117.74,117.74
8-Jun-18,121.52,121.95,118.71,120.08
7-Jun-18,121.34,123.18,119.62,121.43
6-Jun-18,121.89,122.14,118.56,121.18
5-Jun-18,119.9,122.01,116.44,121.7
4-Jun-18,125.21,126.33,118.73,119.9
3-Jun-18,123.29,127.37,122.37,125.5
2-Jun-18,119.83,123.89,118.96,123.31
1-Jun-18,118.03,120.2,117.12,119.92
31-May-18,117.32,120.59,116.64,118.07
30-May-18,119.54,122.38,116.02,117.53
29-May-18,111.84,121.96,110.9,119.57
28-May-18,117.93,119.08,111.48,111.6
27-May-18,118.5,118.85,116.99,117.99
26-May-18,119.35,122.25,117.87,118.28
25-May-18,122.56,124.2,117.82,119.44
24-May-18,119.19,124.37,115.89,122.61
23-May-18,128.81,129.33,117.35,119.31
22-May-18,134.26,135.6,128.33,128.68
21-May-18,139.64,139.64,133.93,134.51
20-May-18,135.27,140.32,133.79,139.7
19-May-18,135.96,137.5,133.87,135.32
18-May-18,132.7,137.05,129.7,136.06
17-May-18,139.56,141.17,131.95,132.77
16-May-18,139.65,140.65,135.28,139.27
15-May-18,147.49,149.38,138.57,139.88
14-May-18,144.62,152.15,136.07,147.71
13-May-18,141.8,147.25,137.65,144.59
12-May-18,137.26,144.42,132.59,141.88
11-May-18,149.45,149.45,134.73,137.12
10-May-18,157.15,160.34,149.34,149.87
9-May-18,159.62,159.62,152.6,157.05
8-May-18,164.83,167.98,158.16,159.62
7-May-18,171.76,171.92,158.93,164.88
6-May-18,178.02,182.88,166.18,171.8
5-May-18,168.35,181.63,168.35,177.76
4-May-18,160.47,170.38,157.94,168.79
3-May-18,151.86,164,151.01,161.46
2-May-18,148.45,152.89,146.98,151.58
1-May-18,148.34,148.54,143.94,148.49
30-Apr-18,153.65,154.08,147.87,148.48
29-Apr-18,152.16,155.62,148.9,153.63
28-Apr-18,145.74,153.33,145.74,152.3
27-Apr-18,153.44,153.62,145.9,145.9
26-Apr-18,144.7,153.82,142.64,153.68
25-Apr-18,165.09,165.09,142.59,144.76
24-Apr-18,152.57,165.94,152.57,165.78
23-Apr-18,146.67,152.77,146.67,152.25
22-Apr-18,148.61,152.23,145.31,146.77
21-Apr-18,155.68,156.61,142.18,148.93
20-Apr-18,146.5,155.72,143.84,155.54
19-Apr-18,140.04,146.87,138.96,146.3
18-Apr-18,132.38,140.85,132.38,140
17-Apr-18,128.71,139.65,128.71,132.93
16-Apr-18,131.97,132.63,125.24,128.34
15-Apr-18,126.67,132.04,126.67,132.04
14-Apr-18,125.22,129.34,124.77,126.29
13-Apr-18,129.27,133.04,124.06,125.35
12-Apr-18,118.29,129.34,113.55,129.34
11-Apr-18,114.29,119.09,113.33,118.29
10-Apr-18,115.21,115.4,112.52,114.26
9-Apr-18,117.78,122.43,113.32,114.99
8-Apr-18,116.29,118.55,115.95,117.67
7-Apr-18,113.14,119.38,113.1,116.26
6-Apr-18,118.82,119.93,112.79,113.15
5-Apr-18,118.21,121.29,114.47,119.13
4-Apr-18,133.91,134.61,116.58,118.41
3-Apr-18,119.51,136.45,118.58,134.47
2-Apr-18,115.24,121.42,114.72,119.31
1-Apr-18,116.9,117.83,110.52,115.22
31-Mar-18,118.64,123.87,116.18,116.61
30-Mar-18,114.8,124.9,110.26,118.6
29-Mar-18,131.93,132.61,113.93,114.68
28-Mar-18,135.49,140.13,131.03,131.75
27-Mar-18,148.96,149.62,135.78,135.78
26-Mar-18,160.16,160.99,143.12,149.22
25-Mar-18,158.86,162.72,157.52,160.08
24-Mar-18,168.53,168.65,159.63,159.63
23-Mar-18,163.58,167.83,157.26,167.83
22-Mar-18,168.72,172.31,161.11,163.67
21-Mar-18,169.56,175.26,166.62,169.05
20-Mar-18,161.52,173.3,156.82,168.82
19-Mar-18,155.48,163.05,151.66,161.14
18-Mar-18,152.54,156.15,138.02,154.07
17-Mar-18,165.19,165.22,151.06,152.97
16-Mar-18,164.82,171.26,158.99,165.45
15-Mar-18,161.2,167.33,151.48,164.48
14-Mar-18,175.94,177.55,158.63,161.1
13-Mar-18,177.6,181.87,172.26,175.78
12-Mar-18,189.02,193.34,175.88,178.23
11-Mar-18,177.51,193.48,172.47,188.95
10-Mar-18,188.11,194.65,176.54,177.73
9-Mar-18,176.48,189.91,160.43,187.17
8-Mar-18,185.7,188.15,176.17,176.51
7-Mar-18,196.83,199.27,175.65,185.84
6-Mar-18,210.51,210.51,193.16,196.6
5-Mar-18,213.74,215.98,209.25,211.18
4-Mar-18,210.24,214.12,205.36,213.8
3-Mar-18,213.84,217.76,209.54,210.64
2-Mar-18,209.55,213.13,204.88,212.56
1-Mar-18,203.12,214.7,201.54,209.75
28-Feb-18,217.28,223.51,202.71,202.9
27-Feb-18,221.71,224.21,215.84,216.6
26-Feb-18,222.14,234.42,218.74,220.96
25-Feb-18,208.13,225.55,202.37,220.48
24-Feb-18,210.64,220.31,197.88,209.42
23-Feb-18,194.19,216.13,184.07,209.31
22-Feb-18,212.84,222.77,191.81,195.31
21-Feb-18,230.95,235.41,208.93,213.35
20-Feb-18,223.09,253.9,222.51,232.85
19-Feb-18,215.41,226.97,215.38,223.06
18-Feb-18,230.51,232.64,214.46,215.74
17-Feb-18,229.5,233.45,225.6,229.46
16-Feb-18,225.5,236.09,212.33,230.12
15-Feb-18,212.35,237.88,211.17,225.43
14-Feb-18,159.58,218.23,159.58,213.36
13-Feb-18,161.77,162.37,153.51,159.55
12-Feb-18,150.1,163.35,150.1,161.57
11-Feb-18,155.39,155.73,142.61,148.99
10-Feb-18,163.49,169.33,149.14,155.59
9-Feb-18,149.73,163.98,142.59,163.95
8-Feb-18,138.34,151.08,138.34,149.47
7-Feb-18,142.48,157.9,131.52,138.2
6-Feb-18,127.52,146.11,106.94,142.99
5-Feb-18,148.73,153.52,118.15,125.33
4-Feb-18,160.38,173.8,139.69,148.02
3-Feb-18,131.4,165.55,121.17,160.25
2-Feb-18,142.56,142.56,105.35,131.38
1-Feb-18,163.68,165.81,131.55,142.3
31-Jan-18,165.3,167.07,157.65,163.35
30-Jan-18,181.45,181.52,163.03,165.28
29-Jan-18,193.75,194.39,179.23,181.66
28-Jan-18,181.42,194.68,181.42,193.87
27-Jan-18,176.66,183.15,174.88,180.89
26-Jan-18,179.82,182.89,167.08,176.73
25-Jan-18,181.56,185.42,176.35,180.27
24-Jan-18,178.43,186.28,173.72,179.99
23-Jan-18,180.28,186.31,165.73,177.81
22-Jan-18,191.79,195.25,166.88,180.01
21-Jan-18,211.24,211.24,184.64,190.42
20-Jan-18,194.38,214.59,194.38,211.02
19-Jan-18,191.19,202.07,186.94,192.96
18-Jan-18,186.95,207.02,176.83,192.84
17-Jan-18,190.15,197.79,141.01,186.52
16-Jan-18,232.82,232.82,152.29,188.33
15-Jan-18,237.29,245,232.77,232.77
14-Jan-18,260.58,270.85,234.27,238.68
13-Jan-18,236.88,263.2,236.88,259.19
12-Jan-18,229.79,243.59,224.82,236.86
11-Jan-18,251.52,255.05,223,229.37
10-Jan-18,248.07,251.05,233.86,250.52
9-Jan-18,254.61,258.5,240.18,247.04
8-Jan-18,287.73,289.07,237.66,255.76
7-Jan-18,296.05,305.53,281.93,288.45
6-Jan-18,249.77,323.11,249.41,296.45
5-Jan-18,241.03,256.15,237.88,249.27
4-Jan-18,245.48,245.48,227.01,241.37
3-Jan-18,255.7,260.74,243.13,245.37
2-Jan-18,228.99,263.63,228.99,255.68
1-Jan-18,231.67,236.63,222.2,229.03
31-Dec-17,216.98,237.79,213.81,232.1
30-Dec-17,245.09,245.43,208.2,218.96
29-Dec-17,250.35,258.04,238.33,245.5
28-Dec-17,272.13,273.18,231.38,249.93
27-Dec-17,286.59,290.94,264.42,272.17
26-Dec-17,273.11,289.51,272.26,286.5
25-Dec-17,277.49,286.79,269.57,273.39
24-Dec-17,291.01,291.01,251.04,275.98
23-Dec-17,269.27,312.67,261.64,288.27
22-Dec-17,319.26,320.3,187.48,264.93
21-Dec-17,314.66,339.74,299.53,317.46
20-Dec-17,349.6,349.6,308.63,314.62
19-Dec-17,359.13,375.29,335.67,350.25
18-Dec-17,318.95,360.93,302,358.34
17-Dec-17,301.78,332.59,301.78,318.72
16-Dec-17,299.34,309.9,290.13,298.97
15-Dec-17,280.97,316.41,251.22,299.78
14-Dec-17,301.2,311.32,265.66,279.33
13-Dec-17,315.36,341.8,287.48,302.6
12-Dec-17,212.46,341.72,209.68,316.16
11-Dec-17,148.26,225.29,147.34,214.2
10-Dec-17,155.63,155.63,130.16,148.66
9-Dec-17,127.48,171.55,126.59,155.24
8-Dec-17,98.33,133.07,95.4,124.85
7-Dec-17,99.98,101.34,92.27,98.29
6-Dec-17,102.48,104.82,97.31,100.35
5-Dec-17,104.28,104.3,101.84,102.4
4-Dec-17,101.4,104.24,96.53,104.24
3-Dec-17,100.19,106.39,98.1,101.26
2-Dec-17,98.94,103.79,98.32,100.28
1-Dec-17,88,100.41,83.74,99
30-Nov-17,86.25,93.54,78.08,88.33
29-Nov-17,96.01,104.61,81.77,85.57
28-Nov-17,91.72,96.03,90.34,96.03
27-Nov-17,85.89,93.29,85.89,91.6
26-Nov-17,88.94,88.94,84.02,85.93
25-Nov-17,77.91,89.37,77.52,88.82
24-Nov-17,73.14,77.97,72.81,77.97
23-Nov-17,71.98,76.4,70.9,73.22
22-Nov-17,70.18,71.95,70.18,71.89
21-Nov-17,72.2,72.53,68.11,70.03
20-Nov-17,71.41,72.92,70.79,72.25
19-Nov-17,69.51,72.98,68.6,71.59
18-Nov-17,67.41,69.77,65.71,69.64
17-Nov-17,70.45,71.12,65.78,67.57
16-Nov-17,63.81,72.48,62.94,71.06
15-Nov-17,62.78,65.52,62.71,63.82
14-Nov-17,61.64,63.81,60.87,62.68
13-Nov-17,59.18,62.76,58.85,61.4
12-Nov-17,62.31,62.31,57.41,59.01
11-Nov-17,59.35,63.71,59.24,62.3
10-Nov-17,64.44,65.9,56.91,59.26
9-Nov-17,62.49,66.84,61.73,64.27
8-Nov-17,61.11,64.07,60.79,62.57
7-Nov-17,54.99,63.81,54.99,61.3
6-Nov-17,54.76,56.17,53.95,55.17
5-Nov-17,55.03,55.48,54.63,54.75
4-Nov-17,56.22,56.37,54.94,55.04
3-Nov-17,54.58,56.29,54.28,56.18
2-Nov-17,53.56,55.28,50.85,54.74
1-Nov-17,55.74,55.74,53.18,53.18
31-Oct-17,56.37,56.79,55.72,55.75
30-Oct-17,56.84,58.55,56.24,56.39
29-Oct-17,54.67,57.75,54.49,57.11
28-Oct-17,55.38,56.13,54.57,54.69
27-Oct-17,55.67,56.25,55.15,55.33
26-Oct-17,56.47,57.15,55.28,55.74
25-Oct-17,55.95,56.58,54.09,56.49
24-Oct-17,54.96,59.1,53.29,55.96
23-Oct-17,56.77,56.77,52.87,54.92
22-Oct-17,58.27,58.65,56.44,56.81
21-Oct-17,60.3,60.52,56.83,58.2
20-Oct-17,59.81,61.88,58.56,60.33
19-Oct-17,60.82,61.29,58.71,59.74
18-Oct-17,59.59,61.75,53.79,60.73
17-Oct-17,64.67,64.7,58.85,59.48
16-Oct-17,65.72,66.34,62.69,64.62
15-Oct-17,64.13,70.09,62.55,65.47
14-Oct-17,59.41,66.19,58.6,63.95
13-Oct-17,60.55,60.96,55.84,59.43
12-Oct-17,50.89,60.11,50.87,60.11
11-Oct-17,50.75,51.14,50.32,50.89
10-Oct-17,50.15,51.67,49.86,50.72
9-Oct-17,53.08,53.39,48.47,50.16
8-Oct-17,52.49,54.51,52.26,53.14
7-Oct-17,52.14,52.75,51.64,52.58
6-Oct-17,51.64,52.6,51.53,52.12
5-Oct-17,51.4,51.87,50.44,51.67
4-Oct-17,52.28,53.05,50.83,51.4
3-Oct-17,53.39,53.59,51.59,52.35
2-Oct-17,54.55,54.78,53.26,53.38
1-Oct-17,55.14,55.16,53.63,54.54
30-Sep-17,52.63,55.23,52.62,55.14
29-Sep-17,54.11,54.16,50.42,52.62
28-Sep-17,56.21,56.67,53.41,54.09
27-Sep-17,51.58,56.54,51.58,56.28
26-Sep-17,51.69,53.7,51.08,51.55
25-Sep-17,47.62,52.44,47.57,51.58
24-Sep-17,49.25,49.27,47.52,47.62
23-Sep-17,48.16,49.79,46.69,49.27
22-Sep-17,46.65,49.09,45.19,48.09
21-Sep-17,51.66,52.31,45.67,46.61
20-Sep-17,52.74,53.83,51.25,51.73
19-Sep-17,55.68,55.88,51.05,52.84
18-Sep-17,48.53,55.61,48.53,55.53
17-Sep-17,48.23,49.88,45.12,48.49
16-Sep-17,48.13,52.83,46.46,48.26
15-Sep-17,41.69,50.65,32.03,48.21
14-Sep-17,61.64,62.43,41.25,41.58
13-Sep-17,64.32,64.6,58.93,61.73
12-Sep-17,66.24,70.25,63.86,64.23
11-Sep-17,61.65,67.23,61.37,66.04
10-Sep-17,65.8,65.95,57.06,61.61
9-Sep-17,67.21,69.55,64.01,66.01
8-Sep-17,78.45,80.13,63.83,67.79
7-Sep-17,79.88,81.06,75.59,78.48
6-Sep-17,71.78,80.64,71.51,80.11
5-Sep-17,65.25,72.44,59.05,71.29
4-Sep-17,76.73,76.73,61.24,65.21
3-Sep-17,78.98,82.83,73.61,76.84
2-Sep-17,85.83,92.07,72.23,79.02
1-Sep-17,70.86,87.41,70.01,86.04
31-Aug-17,64.16,72.28,64.04,71.06
30-Aug-17,63.16,64.21,60.9,64.17
29-Aug-17,62.39,63.29,61.26,63.17
28-Aug-17,61.36,64.92,59.87,62.36
27-Aug-17,51.8,64.44,51.64,61.16
26-Aug-17,51.17,52.26,50.45,51.75
25-Aug-17,50.17,52.13,49.84,51.18
24-Aug-17,52.82,53.28,50.19,50.19
23-Aug-17,46.71,54.78,46.48,53.25
22-Aug-17,47.9,47.9,45.48,46.73
21-Aug-17,46.19,48.75,45.62,47.94
20-Aug-17,45.38,47.55,44.75,46.23
19-Aug-17,47.05,47.08,43.78,45.48
18-Aug-17,43.9,47.86,43.59,47.28
17-Aug-17,44.18,44.83,43.78,43.91
16-Aug-17,43.37,45.06,42.57,44.15
15-Aug-17,45.81,45.84,42.29,43.31
14-Aug-17,45.83,46.51,45.43,45.8
13-Aug-17,46.57,48.07,44.33,45.81
12-Aug-17,47.05,47.62,46.29,46.43
11-Aug-17,46.4,47.33,46.4,47.1
10-Aug-17,48.05,48.51,46.5,46.5
9-Aug-17,48.59,50.23,47.16,48.01
8-Aug-17,45.9,49.37,45.79,48.63
7-Aug-17,45.17,46.48,45.12,45.8
6-Aug-17,46.85,47.3,45.1,45.1
5-Aug-17,43.49,46.92,43.48,46.86
4-Aug-17,42.89,43.71,42.82,43.45
3-Aug-17,42.19,43.17,42.13,42.86
2-Aug-17,43.07,43.21,42.07,42.13
1-Aug-17,43.02,43.77,41.08,43.04
31-Jul-17,40.34,44.03,38.95,43.02
30-Jul-17,41.18,41.82,40.06,40.42
29-Jul-17,40.56,41.34,38.74,41.12
28-Jul-17,42.22,42.47,35.94,40.61
27-Jul-17,42.35,42.62,41.39,42.14
26-Jul-17,42.29,42.7,40.63,42.23
25-Jul-17,44.48,44.79,41.07,42.24
24-Jul-17,44.16,44.81,43.29,44.41
23-Jul-17,46.63,46.64,42.94,44.06
22-Jul-17,45.77,46.8,45.45,46.56
21-Jul-17,45.07,47.45,44.52,45.76
20-Jul-17,40.96,45.45,40.96,45.02
19-Jul-17,44.35,44.42,40.56,40.86
18-Jul-17,42.62,45.33,41.47,44.3
17-Jul-17,41.19,43.07,40.17,42.67
16-Jul-17,38.92,41.97,36.38,40.91
15-Jul-17,42.81,42.81,37.78,38.92
14-Jul-17,46.36,46.48,40.8,42.8
13-Jul-17,48.72,49.05,45.39,46.33
12-Jul-17,45.26,49.07,44.07,48.75
11-Jul-17,46.27,47.39,43.65,45.33
10-Jul-17,49.91,50.53,44.74,46.58
9-Jul-17,52.36,53.31,49.53,49.58
8-Jul-17,46.64,52.75,44.67,52.14
7-Jul-17,51.1,51.14,45.63,46.58
6-Jul-17,53.2,53.2,50.12,51.13
5-Jul-17,55.27,56.03,50.6,53.19
4-Jul-17,46.56,55.42,46.56,55.33
3-Jul-17,41.48,48.4,40.97,46.43
2-Jul-17,38.95,43.27,37.8,41.57
1-Jul-17,40.4,40.58,38.47,38.99
30-Jun-17,41.04,41.75,40.17,40.35
29-Jun-17,42.83,42.83,40.35,41.07
28-Jun-17,40.82,43.61,39.18,42.85
27-Jun-17,41.13,41.39,36.2,40.54
26-Jun-17,44.04,44.35,37.55,41.13
25-Jun-17,44.49,46.22,43.05,43.92
24-Jun-17,47.25,47.44,44.01,44.49
23-Jun-17,47.75,48.42,47.27,47.34
22-Jun-17,47.72,48.85,45.87,47.71
21-Jun-17,47.3,49.73,44.22,47.79
20-Jun-17,50.41,51.47,45.75,47.22
19-Jun-17,46.16,53.55,44.99,50.32
18-Jun-17,47.44,47.44,42.43,46.04
17-Jun-17,36.18,49.3,36.18,47.65
16-Jun-17,30.28,35.7,29.55,35.7
15-Jun-17,30.22,30.37,27.31,30.22
14-Jun-17,30.74,32.06,29.32,30.22
13-Jun-17,29.49,30.64,29.33,30.64
12-Jun-17,33.23,33.23,27.8,29.5
11-Jun-17,30.5,33.56,30.16,33.22
10-Jun-17,29.68,30.59,29.66,30.44
9-Jun-17,30.19,30.59,29.62,29.68
8-Jun-17,28.38,30.34,27.88,30.21
7-Jun-17,30.57,30.68,28.37,28.39
6-Jun-17,30.84,31.33,29.26,30.55
5-Jun-17,28.09,30.99,28.09,30.84
4-Jun-17,27.65,27.94,26.95,27.94
3-Jun-17,29.04,29.17,26.63,27.66
2-Jun-17,28.9,29.89,27.74,28.94
1-Jun-17,25.34,29.62,25.3,28.8
31-May-17,24.29,25.57,23.18,25.3
30-May-17,25.32,26.13,24.03,24.14
29-May-17,24.32,25.69,23.28,25.21
28-May-17,24.01,26.07,22.11,24.22
27-May-17,23.4,25.43,20.1,23.74
26-May-17,30.33,31.32,22.56,23.75
25-May-17,34.47,36.21,28.87,29.9
24-May-17,32.12,35.16,31.71,34.45
23-May-17,25.3,32.11,24.93,32.11
22-May-17,26.14,27.5,23.27,25.38
21-May-17,27.48,28.74,25.73,26.3
20-May-17,27.68,28.16,27.2,27.51
19-May-17,28.29,28.41,26.78,27.7
18-May-17,25.17,29.01,25.12,28.36
17-May-17,23.24,25.95,20.8,25.4
16-May-17,25.34,25.34,22.81,23.33
15-May-17,28.89,28.93,25.19,25.37
14-May-17,29.09,30.45,27.79,28.89
13-May-17,27.22,28.91,25.52,28.91
12-May-17,30.93,31.68,27.37,27.45
11-May-17,32.66,32.91,28.03,30.72
10-May-17,33.3,37.33,31.22,31.96
9-May-17,28.96,33.76,24.49,33.58
8-May-17,30.37,30.74,27.33,28.96
7-May-17,28.2,31.37,28.2,30.29
6-May-17,26.47,28.59,25.49,28.16
5-May-17,23.47,27.85,23.42,26.27
4-May-17,21.04,25.69,20.86,23.39
3-May-17,15.88,21.8,15.67,21.04
2-May-17,15.92,16.23,15.15,15.9
1-May-17,15.71,16.37,14.88,15.92
30-Apr-17,15.7,16.07,15.47,15.71
29-Apr-17,14.4,15.77,14.36,15.74
28-Apr-17,14.59,14.78,14.06,14.34
27-Apr-17,14.84,15,13.47,14.62
26-Apr-17,15.21,15.79,14.56,14.85
25-Apr-17,14.98,15.43,14.24,15.21
24-Apr-17,13.96,14.97,13.33,14.97
23-Apr-17,13.07,14.41,12.95,13.94
22-Apr-17,11.18,13.07,11.11,13.06
21-Apr-17,10.29,11.54,10.16,11.23
20-Apr-17,9.63,10.66,9.59,10.33
19-Apr-17,10.31,10.35,9.59,9.66
18-Apr-17,10.42,10.94,9.97,10.32
17-Apr-17,10.6,11.18,10.39,10.42
16-Apr-17,10.75,10.9,10.67,10.71
15-Apr-17,10.34,11,10.2,10.79
14-Apr-17,10.13,10.51,9.68,10.39
13-Apr-17,10.76,10.77,9.93,10.15
12-Apr-17,8.83,11.06,8.83,10.79
11-Apr-17,8.91,9.28,8.66,8.85
10-Apr-17,8.72,9.2,8.19,8.92
9-Apr-17,9.89,10.01,8.43,8.71
8-Apr-17,9.34,10.35,9.33,9.92
7-Apr-17,10.22,10.56,9.19,9.37
6-Apr-17,11.12,11.45,9.66,10.25
5-Apr-17,8.25,11.42,7.96,11.09
4-Apr-17,8.12,8.96,7.53,8.29
3-Apr-17,7.74,8.64,7.24,8.07
2-Apr-17,6.86,7.94,6.65,7.74
1-Apr-17,6.65,6.98,6.31,6.88
31-Mar-17,7.02,7.07,5.85,6.67
30-Mar-17,4.18,7.04,4.15,6.98
29-Mar-17,4.14,4.2,4.09,4.19
28-Mar-17,4.07,4.18,4.06,4.16
27-Mar-17,4.07,4.14,4.04,4.08
26-Mar-17,4.07,4.1,4.03,4.06
25-Mar-17,4.07,4.12,3.97,4.07
24-Mar-17,3.97,4.13,3.94,4.08
23-Mar-17,3.93,4,3.92,3.98
22-Mar-17,3.99,4.01,3.89,3.94
21-Mar-17,4.04,4.04,3.98,4.01
20-Mar-17,3.95,4.05,3.89,4.03
19-Mar-17,3.96,4.03,3.9,3.96
18-Mar-17,4.04,4.16,3.86,3.97
17-Mar-17,4.23,4.23,4.04,4.06
16-Mar-17,4.15,4.38,4.1,4.24
15-Mar-17,4.05,4.18,4,4.16
14-Mar-17,4.17,4.17,4.01,4.06
13-Mar-17,3.85,4.25,3.83,4.17
12-Mar-17,3.79,3.86,3.78,3.84
11-Mar-17,3.76,3.84,3.75,3.8
10-Mar-17,3.83,3.88,3.73,3.75
9-Mar-17,3.77,3.84,3.76,3.84
8-Mar-17,3.81,3.82,3.75,3.78
7-Mar-17,3.89,3.91,3.8,3.82
6-Mar-17,3.87,3.93,3.86,3.92
5-Mar-17,3.86,3.9,3.84,3.9
4-Mar-17,3.91,3.92,3.86,3.88
3-Mar-17,3.92,4,3.9,3.92
2-Mar-17,3.8,4.11,3.78,3.92
1-Mar-17,3.77,3.81,3.76,3.8
28-Feb-17,3.8,3.82,3.76,3.77
27-Feb-17,3.81,3.83,3.8,3.8
26-Feb-17,3.82,3.85,3.8,3.83
25-Feb-17,3.85,3.86,3.81,3.83
24-Feb-17,3.83,3.88,3.82,3.85
23-Feb-17,3.8,3.85,3.8,3.84
22-Feb-17,3.79,3.84,3.78,3.81
21-Feb-17,3.76,3.8,3.76,3.78
20-Feb-17,3.77,3.78,3.75,3.77
19-Feb-17,3.79,3.79,3.74,3.76
18-Feb-17,3.83,3.83,3.78,3.79
17-Feb-17,3.78,3.84,3.77,3.83
16-Feb-17,3.8,3.82,3.78,3.79
15-Feb-17,3.77,3.82,3.76,3.81
14-Feb-17,3.72,3.77,3.71,3.77
13-Feb-17,3.77,3.77,3.7,3.72
12-Feb-17,3.8,3.8,3.75,3.76
11-Feb-17,3.78,3.8,3.77,3.79
10-Feb-17,3.8,3.81,3.7,3.78
9-Feb-17,4.03,4.08,3.71,3.8
8-Feb-17,4.05,4.08,3.97,4.02
7-Feb-17,4.05,4.08,4.04,4.04
6-Feb-17,4.06,4.08,4.04,4.04
5-Feb-17,4.07,4.07,4.02,4.04
4-Feb-17,4.08,4.1,4.02,4.06
3-Feb-17,4.08,4.11,4.04,4.08
2-Feb-17,4.08,4.09,4.02,4.09
1-Feb-17,4.08,4.13,4.03,4.08
31-Jan-17,4.02,4.1,4.02,4.08
30-Jan-17,3.86,4.02,3.86,4.02
29-Jan-17,3.85,3.86,3.84,3.85
28-Jan-17,3.85,3.87,3.84,3.85
27-Jan-17,3.84,3.86,3.81,3.86
26-Jan-17,3.71,3.84,3.71,3.83
25-Jan-17,3.79,3.8,3.69,3.71
24-Jan-17,3.84,3.84,3.78,3.79
23-Jan-17,3.86,3.86,3.82,3.84
22-Jan-17,3.9,3.92,3.82,3.84
21-Jan-17,3.89,3.92,3.89,3.9
20-Jan-17,3.86,3.91,3.84,3.89
19-Jan-17,3.84,3.93,3.81,3.86
18-Jan-17,3.94,3.95,3.78,3.84
17-Jan-17,3.91,3.95,3.85,3.94
16-Jan-17,3.92,3.96,3.87,3.9
15-Jan-17,3.89,3.95,3.88,3.93
14-Jan-17,3.89,3.95,3.87,3.9
13-Jan-17,3.95,3.96,3.8,3.89
12-Jan-17,3.84,4.02,3.78,3.96
11-Jan-17,4.6,4.64,3.8,3.85
10-Jan-17,4.3,4.68,4.29,4.59
9-Jan-17,4,4.36,3.93,4.3
8-Jan-17,3.96,4.02,3.9,3.99
7-Jan-17,3.86,3.96,3.61,3.96
6-Jan-17,4.3,4.35,3.84,3.86
5-Jan-17,4.91,4.95,4.23,4.29
4-Jan-17,4.63,4.84,4.63,4.84
3-Jan-17,4.66,4.73,4.56,4.63
2-Jan-17,4.52,4.74,4.48,4.65
1-Jan-17,4.33,4.52,4.33,4.51
31-Dec-16,4.39,4.4,4.29,4.33
30-Dec-16,4.56,4.56,4.29,4.39
29-Dec-16,4.58,4.63,4.51,4.56
28-Dec-16,4.49,4.67,4.49,4.57
27-Dec-16,4.37,4.58,4.33,4.47
26-Dec-16,4.35,4.47,4.28,4.36
25-Dec-16,4.56,4.57,4.22,4.35
24-Dec-16,4.65,4.77,4.42,4.55
23-Dec-16,3.72,4.66,3.71,4.66
22-Dec-16,3.67,3.75,3.66,3.71
21-Dec-16,3.66,3.69,3.65,3.65
20-Dec-16,3.66,3.66,3.64,3.66
19-Dec-16,3.68,3.68,3.65,3.66
18-Dec-16,3.7,3.71,3.66,3.68
17-Dec-16,3.63,3.71,3.61,3.7
16-Dec-16,3.63,3.65,3.61,3.63
15-Dec-16,3.61,3.65,3.6,3.62
14-Dec-16,3.66,3.66,3.59,3.62
13-Dec-16,3.67,3.7,3.65,3.65
12-Dec-16,3.64,3.67,3.62,3.66
11-Dec-16,3.69,3.69,3.63,3.64
10-Dec-16,3.69,3.7,3.64,3.68
9-Dec-16,3.69,3.71,3.68,3.69
8-Dec-16,3.6,3.73,3.6,3.69
7-Dec-16,3.54,3.63,3.51,3.62
6-Dec-16,3.49,3.56,3.49,3.54
5-Dec-16,3.88,3.92,3.33,3.53
4-Dec-16,3.93,3.95,3.9,3.9
3-Dec-16,3.95,3.95,3.91,3.92
2-Dec-16,3.92,3.96,3.92,3.95
1-Dec-16,3.91,3.92,3.89,3.91
30-Nov-16,3.89,3.92,3.88,3.89
29-Nov-16,3.89,3.9,3.87,3.87
28-Nov-16,3.9,3.91,3.88,3.88
27-Nov-16,3.91,3.92,3.88,3.88
26-Nov-16,3.92,3.93,3.88,3.89
25-Nov-16,3.91,3.92,3.89,3.92
24-Nov-16,3.93,3.95,3.89,3.91
23-Nov-16,3.97,3.97,3.92,3.93
22-Nov-16,3.95,3.97,3.91,3.95
21-Nov-16,3.93,3.96,3.92,3.94
20-Nov-16,3.97,3.97,3.9,3.92
19-Nov-16,3.98,3.98,3.94,3.95
18-Nov-16,3.96,4,3.94,3.96
17-Nov-16,4.06,4.07,3.94,3.94
16-Nov-16,3.9,4.03,3.9,4.02
15-Nov-16,3.89,3.96,3.86,3.89
14-Nov-16,3.88,3.89,3.86,3.88
13-Nov-16,3.77,3.91,3.69,3.88
12-Nov-16,3.81,3.83,3.75,3.76
11-Nov-16,3.84,3.84,3.8,3.82
10-Nov-16,3.86,3.87,3.81,3.82
9-Nov-16,3.85,3.94,3.81,3.86
8-Nov-16,3.84,3.86,3.82,3.84
7-Nov-16,3.89,3.89,3.79,3.84
6-Nov-16,3.86,3.92,3.84,3.89
5-Nov-16,3.88,3.93,3.85,3.87
4-Nov-16,3.86,3.89,3.82,3.88
3-Nov-16,4.11,4.18,3.81,3.86
2-Nov-16,4.09,4.13,4.05,4.1
1-Nov-16,4,4.15,3.99,4.09
31-Oct-16,4.04,4.05,3.98,3.99
30-Oct-16,4.1,4.1,4.02,4.03
29-Oct-16,3.98,4.1,3.97,4.09
28-Oct-16,4.04,4.04,3.95,3.97
27-Oct-16,3.96,4.06,3.96,4.02
26-Oct-16,3.91,3.97,3.9,3.96
25-Oct-16,3.87,3.92,3.87,3.9
24-Oct-16,3.92,3.92,3.87,3.87
23-Oct-16,3.89,3.94,3.89,3.92
22-Oct-16,3.81,3.91,3.8,3.89
21-Oct-16,3.79,3.83,3.76,3.81
20-Oct-16,3.81,3.82,3.77,3.78
19-Oct-16,3.85,3.86,3.78,3.8
18-Oct-16,3.95,4.23,3.83,3.84
17-Oct-16,3.89,3.92,3.86,3.91
16-Oct-16,3.88,3.91,3.88,3.89
15-Oct-16,3.9,3.91,3.87,3.87
14-Oct-16,3.91,3.92,3.89,3.9
13-Oct-16,3.75,3.92,3.75,3.91
12-Oct-16,3.82,3.83,3.76,3.76
11-Oct-16,3.8,3.84,3.79,3.82
10-Oct-16,3.82,3.83,3.78,3.8
9-Oct-16,3.84,3.85,3.81,3.82
8-Oct-16,3.86,3.87,3.84,3.84
7-Oct-16,3.84,3.86,3.83,3.86
6-Oct-16,3.85,3.86,3.83,3.85
5-Oct-16,3.83,3.85,3.83,3.84
4-Oct-16,3.84,3.84,3.82,3.82
3-Oct-16,3.85,3.85,3.83,3.84
2-Oct-16,3.85,3.88,3.82,3.84
1-Oct-16,3.85,3.86,3.84,3.85
30-Sep-16,3.84,3.85,3.82,3.84
29-Sep-16,3.84,3.86,3.83,3.85
28-Sep-16,3.85,3.87,3.83,3.84
27-Sep-16,3.86,3.87,3.84,3.85
26-Sep-16,3.8,3.87,3.8,3.86
25-Sep-16,3.8,3.81,3.78,3.81
24-Sep-16,3.81,3.84,3.8,3.81
23-Sep-16,3.77,3.82,3.76,3.81
22-Sep-16,3.86,3.86,3.77,3.77
21-Sep-16,3.87,3.87,3.76,3.84
20-Sep-16,3.83,3.86,3.82,3.84
19-Sep-16,4.04,4.2,3.82,3.83
18-Sep-16,3.81,4.09,3.81,4.04
17-Sep-16,3.8,3.82,3.8,3.81
16-Sep-16,3.82,3.83,3.8,3.81
15-Sep-16,3.83,3.84,3.8,3.81
14-Sep-16,3.82,3.85,3.82,3.83
13-Sep-16,3.83,3.85,3.81,3.82
12-Sep-16,3.87,3.87,3.79,3.82
11-Sep-16,3.97,3.99,3.85,3.86
10-Sep-16,3.97,3.98,3.96,3.97
9-Sep-16,3.98,3.99,3.96,3.97
8-Sep-16,3.97,4.01,3.96,3.99
7-Sep-16,3.99,4.13,3.95,3.97
6-Sep-16,3.98,3.99,3.95,3.97
5-Sep-16,4.02,4.03,3.97,3.98
4-Sep-16,3.89,4.04,3.88,4.01
3-Sep-16,3.83,3.91,3.81,3.89
2-Sep-16,3.84,3.84,3.81,3.82
1-Sep-16,3.8,3.85,3.79,3.83
31-Aug-16,3.81,3.81,3.78,3.8
30-Aug-16,3.77,3.82,3.75,3.8
29-Aug-16,3.74,3.79,3.74,3.76
28-Aug-16,3.74,3.76,3.73,3.74
27-Aug-16,3.82,3.83,3.73,3.74
26-Aug-16,3.8,3.85,3.79,3.83
25-Aug-16,3.86,3.87,3.78,3.8
24-Aug-16,3.93,3.95,3.84,3.86
23-Aug-16,3.66,4.01,3.66,3.93
22-Aug-16,3.62,3.66,3.6,3.66
21-Aug-16,3.62,3.63,3.6,3.62
20-Aug-16,3.61,3.63,3.6,3.62
19-Aug-16,3.61,3.62,3.6,3.6
18-Aug-16,3.6,3.64,3.6,3.61
17-Aug-16,3.65,3.65,3.59,3.6
16-Aug-16,3.59,3.65,3.58,3.64
15-Aug-16,3.65,3.68,3.57,3.58
14-Aug-16,3.72,3.72,3.61,3.65
13-Aug-16,3.71,3.75,3.68,3.71
12-Aug-16,3.74,3.75,3.69,3.71
11-Aug-16,3.72,3.75,3.64,3.74
10-Aug-16,3.76,3.81,3.72,3.72
9-Aug-16,3.78,3.78,3.74,3.76
8-Aug-16,3.77,3.8,3.75,3.79
7-Aug-16,3.76,3.81,3.75,3.78
6-Aug-16,3.72,3.77,3.7,3.76
5-Aug-16,3.74,3.74,3.7,3.73
4-Aug-16,3.71,3.75,3.71,3.75
3-Aug-16,3.64,3.74,3.59,3.72
2-Aug-16,3.87,3.89,3.52,3.64
1-Aug-16,4.06,4.06,3.86,3.86
31-Jul-16,4.08,4.08,3.97,4.01
30-Jul-16,4.08,4.09,4.06,4.06
29-Jul-16,3.97,4.1,3.96,4.08
28-Jul-16,3.97,3.99,3.96,3.97
27-Jul-16,3.96,3.99,3.93,3.96
26-Jul-16,4.04,4.05,3.93,3.97
25-Jul-16,4.07,4.08,4.03,4.03
24-Jul-16,4.06,4.08,4.04,4.07
23-Jul-16,4.04,4.06,4.03,4.06
22-Jul-16,4.13,4.14,4.03,4.04
21-Jul-16,4.13,4.14,4.11,4.12
20-Jul-16,4.15,4.16,4.11,4.13
19-Jul-16,4.15,4.17,4.14,4.15
18-Jul-16,4.2,4.2,4.14,4.15
17-Jul-16,4.14,4.21,4.13,4.19
16-Jul-16,4.15,4.16,4.11,4.13
15-Jul-16,4.15,4.18,4.15,4.16
14-Jul-16,4.14,4.18,4.12,4.15
13-Jul-16,4.16,4.18,4.13,4.14
12-Jul-16,4.09,4.21,4.09,4.15
11-Jul-16,4.12,4.19,4.06,4.09
10-Jul-16,4.12,4.15,4.06,4.1
9-Jul-16,4.24,4.24,3.97,4.16
8-Jul-16,4.12,4.23,4.08,4.22
7-Jul-16,4.5,4.53,3.95,4.11
6-Jul-16,4.46,4.51,4.42,4.47
5-Jul-16,4.56,4.56,4.36,4.45
4-Jul-16,4.27,4.54,4.21,4.54
3-Jul-16,4.66,4.66,4.19,4.25
2-Jul-16,4.28,4.61,4.24,4.59
1-Jul-16,4.19,4.33,4.18,4.26
30-Jun-16,4.08,4.21,4.04,4.19
29-Jun-16,4.1,4.1,4.03,4.06
28-Jun-16,4.14,4.18,4.07,4.1
27-Jun-16,4.05,4.16,4.03,4.12
26-Jun-16,4.24,4.24,3.97,4.07
25-Jun-16,4.27,4.44,3.92,4.23
24-Jun-16,3.85,4.33,3.85,4.28
23-Jun-16,3.92,3.95,3.47,3.85
22-Jun-16,4.83,4.92,3.88,3.91
21-Jun-16,5.27,5.29,4.7,4.82
20-Jun-16,5.63,5.63,5.27,5.29
19-Jun-16,5.56,5.63,5.51,5.59
18-Jun-16,5.6,5.69,5.49,5.56
17-Jun-16,5.67,5.95,5.28,5.59
16-Jun-16,5.25,5.66,5.25,5.66
15-Jun-16,5.22,5.24,5.11,5.24
14-Jun-16,5.31,5.31,5.1,5.2
13-Jun-16,5.41,5.54,5.16,5.29
12-Jun-16,5.07,5.46,5.05,5.33
11-Jun-16,4.88,5.01,4.84,5.01
10-Jun-16,4.75,4.85,4.71,4.84
9-Jun-16,4.78,4.78,4.67,4.69
8-Jun-16,4.77,4.79,4.69,4.75
7-Jun-16,4.95,4.98,4.72,4.77
6-Jun-16,4.81,4.97,4.81,4.96
5-Jun-16,4.8,4.84,4.79,4.81
4-Jun-16,4.86,4.9,4.77,4.81
3-Jun-16,4.72,4.87,4.71,4.86
2-Jun-16,4.74,4.76,4.68,4.72
1-Jun-16,4.65,4.77,4.62,4.74
31-May-16,4.69,4.75,4.6,4.65
30-May-16,4.63,4.7,4.59,4.67
29-May-16,4.69,4.86,4.58,4.61
28-May-16,4.51,4.83,4.51,4.7
27-May-16,4.09,4.68,4.09,4.5
26-May-16,4.05,4.1,4.03,4.08
25-May-16,3.95,4.05,3.95,4.05
24-May-16,3.96,3.98,3.94,3.95
23-May-16,3.92,3.97,3.9,3.97
22-May-16,3.96,3.99,3.9,3.93
21-May-16,3.88,3.97,3.88,3.95
20-May-16,3.82,3.92,3.82,3.88
19-May-16,4,4.03,3.83,3.83
18-May-16,3.98,4.04,3.98,4
17-May-16,4,4.03,3.97,3.98
16-May-16,4.06,4.16,3.98,4.01
15-May-16,4.01,4.1,3.97,4.06
14-May-16,3.93,4.05,3.92,4.01
13-May-16,3.86,3.96,3.83,3.93
12-May-16,3.88,3.9,3.8,3.86
11-May-16,3.82,3.91,3.81,3.88
10-May-16,4.06,4.12,3.8,3.82
9-May-16,3.94,4.08,3.9,4.06
8-May-16,3.94,3.94,3.89,3.94
7-May-16,3.82,4,3.82,3.95
6-May-16,3.72,3.82,3.71,3.82
5-May-16,3.74,3.76,3.71,3.71
4-May-16,3.74,3.78,3.73,3.75
3-May-16,3.68,3.76,3.66,3.74
2-May-16,3.71,3.78,3.64,3.68
1-May-16,3.66,3.72,3.64,3.71
30-Apr-16,3.81,3.82,3.64,3.66
29-Apr-16,3.79,3.85,3.72,3.81
28-Apr-16,3.88,3.88,3.69,3.79
27-Apr-16,4.05,4.23,3.87,3.89
26-Apr-16,3.8,4.11,3.79,4.05
25-Apr-16,3.62,3.87,3.55,3.81
24-Apr-16,3.35,3.65,3.35,3.63
23-Apr-16,3.32,3.34,3.31,3.33
22-Apr-16,3.35,3.35,3.31,3.32
21-Apr-16,3.28,3.35,3.27,3.35
20-Apr-16,3.29,3.29,3.27,3.28
19-Apr-16,3.25,3.29,3.24,3.29
18-Apr-16,3.26,3.27,3.24,3.24
17-Apr-16,3.28,3.28,3.25,3.26
16-Apr-16,3.28,3.29,3.27,3.27
15-Apr-16,3.24,3.28,3.24,3.28
14-Apr-16,3.25,3.26,3.23,3.24
13-Apr-16,3.26,3.27,3.24,3.24
12-Apr-16,3.24,3.28,3.23,3.26
11-Apr-16,3.23,3.24,3.21,3.24
10-Apr-16,3.22,3.25,3.21,3.23
9-Apr-16,3.22,3.23,3.2,3.22
8-Apr-16,3.24,3.25,3.21,3.22
7-Apr-16,3.26,3.26,3.23,3.25
6-Apr-16,3.26,3.26,3.24,3.26
5-Apr-16,3.25,3.27,3.24,3.25
4-Apr-16,3.26,3.27,3.22,3.25
3-Apr-16,3.26,3.27,3.25,3.26
2-Apr-16,3.25,3.28,3.24,3.26
1-Apr-16,3.25,3.26,3.23,3.24
31-Mar-16,3.23,3.27,3.22,3.26
30-Mar-16,3.23,3.28,3.2,3.22
29-Mar-16,3.26,3.28,3.2,3.23
28-Mar-16,3.3,3.3,3.26,3.26
27-Mar-16,3.23,3.32,3.23,3.3
26-Mar-16,3.23,3.24,3.21,3.23
25-Mar-16,3.23,3.24,3.21,3.23
24-Mar-16,3.25,3.25,3.22,3.22
23-Mar-16,3.23,3.25,3.22,3.24
22-Mar-16,3.2,3.24,3.2,3.23
21-Mar-16,3.21,3.21,3.19,3.2
20-Mar-16,3.18,3.21,3.18,3.21
19-Mar-16,3.17,3.19,3.16,3.18
18-Mar-16,3.31,3.31,3.15,3.17
17-Mar-16,3.31,3.32,3.3,3.31
16-Mar-16,3.31,3.32,3.3,3.31
15-Mar-16,3.3,3.33,3.29,3.31
14-Mar-16,3.31,3.33,3.29,3.3
13-Mar-16,3.29,3.32,3.28,3.31
12-Mar-16,3.39,3.39,3.27,3.29
11-Mar-16,3.29,3.4,3.29,3.38
10-Mar-16,3.28,3.29,3.25,3.29
9-Mar-16,3.25,3.3,3.24,3.28
8-Mar-16,3.27,3.28,3.23,3.25
7-Mar-16,3.22,3.27,3.2,3.27
6-Mar-16,3.19,3.25,3.17,3.22
5-Mar-16,3.25,3.25,3.13,3.19
4-Mar-16,3.32,3.35,3.25,3.25
3-Mar-16,3.36,3.36,3.31,3.32
2-Mar-16,3.43,3.44,3.37,3.37
1-Mar-16,3.45,3.45,3.41,3.43
29-Feb-16,3.44,3.49,3.42,3.45
28-Feb-16,3.41,3.47,3.36,3.44
27-Feb-16,3.43,3.45,3.39,3.41
26-Feb-16,3.37,3.42,3.32,3.42
25-Feb-16,3.39,3.4,3.33,3.37
24-Feb-16,3.4,3.42,3.32,3.37
23-Feb-16,3.49,3.52,3.38,3.4
22-Feb-16,3.47,3.51,3.43,3.48
21-Feb-16,3.46,3.58,3.4,3.46
20-Feb-16,3.27,3.5,3.26,3.46
19-Feb-16,3.26,3.27,3.23,3.25
18-Feb-16,3.25,3.27,3.23,3.25
17-Feb-16,3.23,3.26,3.2,3.24
16-Feb-16,3.2,3.22,3.18,3.21
15-Feb-16,3.23,3.25,3.17,3.18
14-Feb-16,3.15,3.21,3.15,3.21
13-Feb-16,3.12,3.14,3.11,3.13
12-Feb-16,3.09,3.12,3.08,3.11
11-Feb-16,3.11,3.13,3.07,3.08
10-Feb-16,3.09,3.13,3.08,3.1
9-Feb-16,3.08,3.08,3.05,3.08
8-Feb-16,3.09,3.11,3.06,3.06
7-Feb-16,3.11,3.13,3.08,3.09
6-Feb-16,3.15,3.15,3.08,3.1
5-Feb-16,3.17,3.17,3.14,3.14
4-Feb-16,3.06,3.18,3.06,3.16
3-Feb-16,3.09,3.09,3.04,3.05
2-Feb-16,3.09,3.1,3.07,3.08
1-Feb-16,3.07,3.1,3.06,3.08
31-Jan-16,3.1,3.11,3.04,3.05
30-Jan-16,3.12,3.12,3.08,3.08
29-Jan-16,3.14,3.14,3.06,3.11
28-Jan-16,3.29,3.3,3.11,3.12
27-Jan-16,3.16,3.32,3.16,3.29
26-Jan-16,3.13,3.17,3.12,3.15
25-Jan-16,3.19,3.19,3.11,3.13
24-Jan-16,3.11,3.21,3.1,3.18
23-Jan-16,3.08,3.15,3.08,3.1
22-Jan-16,3.23,3.24,3.05,3.08
21-Jan-16,3.38,3.4,3.21,3.22
20-Jan-16,3.01,3.43,2.99,3.39
19-Jan-16,3.05,3.06,2.99,3.02
18-Jan-16,3.02,3.06,2.98,3.05
17-Jan-16,3.09,3.1,3.02,3.03
16-Jan-16,2.97,3.11,2.92,3.09
15-Jan-16,3.46,3.46,3,3
14-Jan-16,3.47,3.48,3.45,3.47
13-Jan-16,3.49,3.49,3.43,3.48
12-Jan-16,3.55,3.56,3.49,3.49
11-Jan-16,3.53,3.57,3.53,3.56
10-Jan-16,3.56,3.56,3.5,3.54
9-Jan-16,3.57,3.59,3.54,3.56
8-Jan-16,3.6,3.64,3.53,3.57
7-Jan-16,3.45,3.61,3.44,3.6
6-Jan-16,3.47,3.47,3.44,3.45
5-Jan-16,3.49,3.51,3.45,3.47
4-Jan-16,3.48,3.51,3.48,3.5
3-Jan-16,3.5,3.51,3.45,3.48
2-Jan-16,3.52,3.53,3.49,3.5
1-Jan-16,3.48,3.53,3.47,3.51
31-Dec-15,3.46,3.5,3.41,3.48
30-Dec-15,3.51,3.51,3.45,3.46
29-Dec-15,3.47,3.52,3.44,3.5
28-Dec-15,3.48,3.53,3.46,3.47
27-Dec-15,3.42,3.49,3.39,3.48
26-Dec-15,3.64,3.64,3.38,3.42
25-Dec-15,3.65,3.68,3.6,3.62
24-Dec-15,3.59,3.68,3.59,3.64
23-Dec-15,3.43,3.59,3.43,3.58
22-Dec-15,3.46,3.48,3.4,3.42
21-Dec-15,3.55,3.55,3.43,3.46
20-Dec-15,3.74,3.75,3.48,3.54
19-Dec-15,3.77,3.78,3.71,3.72
18-Dec-15,3.75,3.81,3.73,3.76
17-Dec-15,3.7,3.79,3.68,3.74
16-Dec-15,3.84,3.84,3.68,3.7
15-Dec-15,3.62,3.84,3.61,3.83
14-Dec-15,3.64,3.67,3.6,3.61
13-Dec-15,3.6,3.66,3.57,3.63
12-Dec-15,3.84,3.97,3.5,3.61
11-Dec-15,3.67,3.85,3.67,3.84
10-Dec-15,3.67,3.68,3.59,3.66
9-Dec-15,3.68,3.74,3.61,3.67
8-Dec-15,3.65,3.69,3.55,3.69
7-Dec-15,3.45,3.69,3.45,3.65
6-Dec-15,3.53,3.58,3.45,3.47
5-Dec-15,3.37,3.54,3.37,3.52
4-Dec-15,3.38,3.39,3.34,3.36
3-Dec-15,3.35,3.44,3.34,3.38
2-Dec-15,3.43,3.44,3.3,3.34
1-Dec-15,3.63,3.64,3.4,3.43
30-Nov-15,3.66,3.74,3.58,3.62
29-Nov-15,3.53,3.68,3.5,3.67
28-Nov-15,3.58,3.58,3.46,3.52
27-Nov-15,3.6,3.63,3.52,3.58
26-Nov-15,3.35,3.72,3.35,3.61
25-Nov-15,3.11,3.34,3.09,3.34
24-Nov-15,3.13,3.13,3.09,3.11
23-Nov-15,3.14,3.15,3.11,3.12
22-Nov-15,3.16,3.16,3.11,3.14
21-Nov-15,3.12,3.16,3.11,3.15
20-Nov-15,3.14,3.14,3.07,3.12
19-Nov-15,3.19,3.21,3.13,3.13
18-Nov-15,3.2,3.21,3.17,3.19
17-Nov-15,3.19,3.23,3.16,3.2
16-Nov-15,3.07,3.19,3.05,3.19
15-Nov-15,3.2,3.22,3.06,3.07
14-Nov-15,3.22,3.25,3.18,3.19
13-Nov-15,3.27,3.29,3.15,3.23
12-Nov-15,2.97,3.29,2.97,3.28
11-Nov-15,3.12,3.12,2.94,2.97
10-Nov-15,3.4,3.46,3.04,3.12
9-Nov-15,3.43,3.45,3.26,3.4
8-Nov-15,3.62,3.66,3.41,3.42
7-Nov-15,3.55,3.68,3.55,3.6
6-Nov-15,3.95,3.97,3.45,3.55
5-Nov-15,4.2,4.41,3.77,3.96
4-Nov-15,4.58,5.32,4.05,4.23
3-Nov-15,4.17,4.8,4.1,4.59
2-Nov-15,3.98,4.2,3.94,4.16
1-Nov-15,3.82,3.99,3.77,3.96
31-Oct-15,4.08,4.12,3.77,3.8
30-Oct-15,3.77,4.2,3.74,4.06
29-Oct-15,3.1,3.93,3.06,3.78
28-Oct-15,3.1,3.11,3.09,3.1
27-Oct-15,3.11,3.11,3.08,3.09
26-Oct-15,3.07,3.11,3.07,3.1
25-Oct-15,3.11,3.14,3.07,3.07
24-Oct-15,3.11,3.12,3.08,3.1
23-Oct-15,3.12,3.13,3.09,3.11
22-Oct-15,3.08,3.14,3.07,3.11
21-Oct-15,3.09,3.12,3.06,3.08
20-Oct-15,3.05,3.09,3.05,3.09
19-Oct-15,3.03,3.05,3.01,3.05
18-Oct-15,3.07,3.08,3,3.02
17-Oct-15,3.11,3.16,3.04,3.07
16-Oct-15,3.11,3.14,3.09,3.11
15-Oct-15,3.15,3.16,3.1,3.1
14-Oct-15,3.18,3.2,3.1,3.14
13-Oct-15,3.14,3.19,3.11,3.18
12-Oct-15,3.15,3.17,3.13,3.14
11-Oct-15,3.11,3.15,3.08,3.15
10-Oct-15,3.11,3.14,3.09,3.11
9-Oct-15,3.07,3.11,3.06,3.11
8-Oct-15,3.06,3.08,3.05,3.06
7-Oct-15,3.15,3.16,3.06,3.06
6-Oct-15,3.02,3.16,3.01,3.15
5-Oct-15,3.02,3.03,2.99,3.02
4-Oct-15,3.03,3.06,3,3.01
3-Oct-15,3,3.04,2.99,3.03
2-Oct-15,3,3.02,2.98,2.99
1-Oct-15,3.01,3.05,2.96,3
30-Sep-15,2.97,3.05,2.97,3.01
29-Sep-15,3.1,3.17,2.97,2.97
28-Sep-15,2.88,3.08,2.88,3.07
27-Sep-15,2.89,2.9,2.87,2.87
26-Sep-15,2.89,2.9,2.87,2.89
25-Sep-15,2.93,2.95,2.89,2.89
24-Sep-15,2.87,2.95,2.87,2.93
23-Sep-15,2.86,2.9,2.85,2.87
22-Sep-15,2.8,2.88,2.8,2.84
21-Sep-15,2.85,2.86,2.8,2.8
20-Sep-15,2.88,2.88,2.83,2.85
19-Sep-15,2.95,2.96,2.86,2.87
18-Sep-15,2.91,3.01,2.9,2.96
17-Sep-15,2.81,2.93,2.8,2.91
16-Sep-15,2.83,2.85,2.77,2.8
15-Sep-15,2.84,2.93,2.82,2.82
14-Sep-15,2.81,2.86,2.78,2.84
13-Sep-15,2.82,2.85,2.77,2.82
12-Sep-15,2.96,2.97,2.82,2.83
11-Sep-15,2.95,2.98,2.94,2.96
10-Sep-15,2.92,2.97,2.89,2.95
9-Sep-15,3.05,3.05,2.91,2.92
8-Sep-15,3.05,3.13,3.01,3.05
7-Sep-15,3.04,3.1,2.99,3.05
6-Sep-15,2.92,3.12,2.9,3.05
5-Sep-15,2.7,2.94,2.66,2.92
4-Sep-15,2.64,2.72,2.63,2.7
3-Sep-15,2.8,2.8,2.58,2.63
2-Sep-15,2.82,2.83,2.76,2.8
1-Sep-15,2.85,2.88,2.81,2.82
31-Aug-15,2.85,2.86,2.79,2.84
30-Aug-15,2.87,2.91,2.76,2.85
29-Aug-15,2.92,2.95,2.82,2.88
28-Aug-15,2.84,2.96,2.71,2.91
27-Aug-15,2.95,2.99,2.84,2.87
26-Aug-15,2.95,3.04,2.84,2.95
25-Aug-15,2.98,3.05,2.54,2.94
24-Aug-15,3.39,3.39,2.97,2.99
23-Aug-15,3.51,3.54,3.35,3.39
22-Aug-15,3.56,3.59,3.46,3.51
21-Aug-15,3.6,3.64,3.55,3.57
20-Aug-15,3.47,3.62,3.47,3.61
19-Aug-15,3.48,3.62,3.36,3.48
18-Aug-15,3.98,4,3.44,3.47
17-Aug-15,3.96,4.03,3.94,3.98
16-Aug-15,3.93,3.99,3.89,3.95
15-Aug-15,4.02,4.04,3.92,3.93
14-Aug-15,3.88,4.07,3.86,4.03
13-Aug-15,3.97,3.97,3.84,3.88
12-Aug-15,4.14,4.16,3.97,3.99
11-Aug-15,3.95,4.16,3.94,4.16
10-Aug-15,3.9,3.98,3.9,3.95
9-Aug-15,3.84,3.98,3.81,3.9
8-Aug-15,4.22,4.22,3.84,3.85
7-Aug-15,4.06,4.22,3.97,4.21
6-Aug-15,4.35,4.36,4.02,4.06
5-Aug-15,4.37,4.43,4.3,4.35
4-Aug-15,4.18,4.47,4.18,4.38
3-Aug-15,4.17,4.37,4.04,4.16
2-Aug-15,4.09,4.2,3.86,4.17
1-Aug-15,4.64,4.64,4.07,4.15
31-Jul-15,4.58,4.77,4.51,4.64
30-Jul-15,4.79,4.79,4.51,4.58
29-Jul-15,5.05,5.1,4.72,4.8
28-Jul-15,4.67,5.14,4.65,5.06
27-Jul-15,4.68,4.74,4.59,4.67
26-Jul-15,4.63,4.75,4.44,4.66
25-Jul-15,4.6,4.88,4.47,4.63
24-Jul-15,3.79,4.73,3.76,4.6
23-Jul-15,3.83,3.85,3.76,3.78
22-Jul-15,3.78,3.84,3.68,3.82
21-Jul-15,3.93,4.01,3.77,3.77
20-Jul-15,3.77,3.94,3.73,3.94
19-Jul-15,4,4.07,3.66,3.77
18-Jul-15,3.78,4.23,3.78,4
17-Jul-15,3.72,3.93,3.55,3.79
16-Jul-15,4.2,4.27,3.3,3.69
15-Jul-15,4.65,4.72,4.14,4.21
14-Jul-15,4.68,4.89,4.48,4.65
13-Jul-15,5.3,5.3,4.32,4.68
12-Jul-15,4.39,5.38,4.35,5.29
11-Jul-15,4.48,4.79,3.71,4.37
10-Jul-15,7.53,8.73,4.07,4.51
9-Jul-15,6.36,7.83,6,7.54
8-Jul-15,5.25,6.39,5.14,6.36
7-Jul-15,5.44,5.48,4.9,5.23
6-Jul-15,4.95,5.69,4.67,5.42
5-Jul-15,4.13,4.95,4.04,4.95
4-Jul-15,4.12,4.14,4.06,4.11
3-Jul-15,4.06,4.13,4.06,4.12
2-Jul-15,3.93,4.16,3.92,4.07
1-Jul-15,4.09,4.11,3.84,3.92
30-Jun-15,3.74,4.34,3.73,4.09
29-Jun-15,3.19,3.82,3.03,3.74
28-Jun-15,3.09,3.31,3.02,3.31
27-Jun-15,2.86,3.12,2.86,3.1
26-Jun-15,2.85,2.91,2.82,2.86
25-Jun-15,2.77,2.89,2.69,2.85
24-Jun-15,2.97,2.97,2.78,2.78
23-Jun-15,3.03,3.03,2.97,2.97
22-Jun-15,3.02,3.05,2.96,3.03
21-Jun-15,3.04,3.05,2.9,3.02
20-Jun-15,2.81,3.09,2.75,3.04
19-Jun-15,3.1,3.12,2.69,2.81
18-Jun-15,2.89,3.13,2.88,3.1
17-Jun-15,2.9,3.2,2.72,2.89
16-Jun-15,2.02,2.88,2.01,2.88
15-Jun-15,2,2.03,1.99,2.02
14-Jun-15,1.86,2.07,1.85,2
13-Jun-15,1.8,1.86,1.8,1.86
12-Jun-15,1.79,1.81,1.79,1.8
11-Jun-15,1.76,1.8,1.76,1.79
10-Jun-15,1.8,1.8,1.75,1.76
9-Jun-15,1.78,1.8,1.78,1.8
8-Jun-15,1.73,1.8,1.73,1.79
7-Jun-15,1.76,1.77,1.72,1.73
6-Jun-15,1.76,1.78,1.75,1.76
5-Jun-15,1.67,1.77,1.67,1.76
4-Jun-15,1.69,1.69,1.66,1.67
3-Jun-15,1.67,1.7,1.66,1.69
2-Jun-15,1.62,1.68,1.61,1.67
1-Jun-15,1.64,1.68,1.59,1.62
31-May-15,1.81,1.81,1.63,1.64
30-May-15,1.83,1.84,1.81,1.81
29-May-15,1.84,1.84,1.81,1.83
28-May-15,1.85,1.86,1.83,1.84
27-May-15,1.82,1.87,1.81,1.85
26-May-15,1.8,1.82,1.79,1.82
25-May-15,1.83,1.84,1.79,1.8
24-May-15,1.79,1.84,1.79,1.83
23-May-15,1.83,1.9,1.77,1.79
22-May-15,1.48,1.88,1.48,1.83
21-May-15,1.46,1.48,1.46,1.48
20-May-15,1.45,1.46,1.45,1.46
19-May-15,1.45,1.46,1.44,1.45
18-May-15,1.45,1.46,1.44,1.45
17-May-15,1.45,1.46,1.45,1.45
16-May-15,1.45,1.45,1.4,1.45
15-May-15,1.45,1.46,1.45,1.45
14-May-15,1.45,1.46,1.44,1.45
13-May-15,1.44,1.48,1.44,1.45
12-May-15,1.44,1.45,1.43,1.45
11-May-15,1.44,1.45,1.43,1.44
10-May-15,1.45,1.45,1.42,1.44
9-May-15,1.48,1.49,1.44,1.45
8-May-15,1.45,1.49,1.44,1.48
7-May-15,1.39,1.49,1.38,1.46
6-May-15,1.41,1.41,1.39,1.39
5-May-15,1.41,1.42,1.39,1.41
4-May-15,1.43,1.45,1.41,1.41
3-May-15,1.42,1.45,1.41,1.43
2-May-15,1.41,1.43,1.4,1.42
1-May-15,1.44,1.45,1.41,1.41
30-Apr-15,1.36,1.45,1.36,1.44
29-Apr-15,1.36,1.37,1.35,1.36
28-Apr-15,1.38,1.39,1.35,1.36
27-Apr-15,1.32,1.4,1.32,1.38
26-Apr-15,1.4,1.4,1.3,1.32
25-Apr-15,1.42,1.43,1.4,1.4
24-Apr-15,1.46,1.46,1.42,1.42
23-Apr-15,1.46,1.46,1.44,1.46
22-Apr-15,1.43,1.47,1.42,1.45
21-Apr-15,1.41,1.43,1.4,1.42
20-Apr-15,1.38,1.42,1.38,1.41
19-Apr-15,1.41,1.43,1.38,1.39
18-Apr-15,1.41,1.42,1.39,1.41
17-Apr-15,1.42,1.44,1.4,1.41
16-Apr-15,1.38,1.43,1.37,1.42
15-Apr-15,1.38,1.42,1.35,1.38
14-Apr-15,1.38,1.39,1.34,1.38
13-Apr-15,1.47,1.48,1.37,1.38
12-Apr-15,1.46,1.49,1.45,1.46
11-Apr-15,1.52,1.54,1.44,1.46
10-Apr-15,1.59,1.59,1.52,1.53
9-Apr-15,1.62,1.63,1.55,1.59
8-Apr-15,1.67,1.68,1.62,1.63
7-Apr-15,1.69,1.69,1.67,1.67
6-Apr-15,1.7,1.72,1.67,1.69
5-Apr-15,1.68,1.71,1.68,1.7
4-Apr-15,1.7,1.7,1.67,1.69
3-Apr-15,1.68,1.7,1.68,1.7
2-Apr-15,1.67,1.69,1.66,1.68
1-Apr-15,1.65,1.68,1.63,1.66
31-Mar-15,1.67,1.68,1.64,1.65
30-Mar-15,1.66,1.68,1.64,1.67
29-Mar-15,1.7,1.71,1.64,1.66
28-Mar-15,1.68,1.72,1.68,1.7
27-Mar-15,1.69,1.7,1.67,1.69
26-Mar-15,1.67,1.73,1.65,1.7
25-Mar-15,1.65,1.79,1.61,1.67
24-Mar-15,1.78,1.78,1.65,1.65
23-Mar-15,1.8,1.8,1.75,1.78
22-Mar-15,1.75,1.8,1.74,1.8
21-Mar-15,1.77,1.77,1.73,1.75
20-Mar-15,1.76,1.79,1.75,1.77
19-Mar-15,1.74,1.79,1.65,1.76
18-Mar-15,1.98,1.99,1.73,1.74
17-Mar-15,2.03,2.05,1.98,1.98
16-Mar-15,2.02,2.06,2.02,2.03
15-Mar-15,1.99,2.03,1.99,2.02
14-Mar-15,2,2.01,1.99,2
13-Mar-15,2.04,2.05,2.01,2.01
12-Mar-15,2.02,2.07,2,2.04
11-Mar-15,2.01,2.04,1.99,2.03
10-Mar-15,1.94,2.08,1.94,2.01
9-Mar-15,1.89,1.95,1.89,1.94
8-Mar-15,1.91,1.92,1.88,1.89
7-Mar-15,1.89,1.92,1.88,1.91
6-Mar-15,1.92,1.93,1.88,1.9
5-Mar-15,1.92,1.94,1.86,1.92
4-Mar-15,1.96,1.97,1.92,1.93
3-Mar-15,1.94,1.97,1.91,1.96
2-Mar-15,1.89,1.95,1.86,1.94
1-Mar-15,1.85,1.91,1.81,1.89
28-Feb-15,1.85,1.85,1.82,1.84
27-Feb-15,1.8,1.88,1.8,1.85
26-Feb-15,1.81,1.81,1.79,1.81
25-Feb-15,1.83,1.83,1.79,1.8
24-Feb-15,1.81,1.84,1.8,1.83
23-Feb-15,1.8,1.82,1.78,1.82
22-Feb-15,1.85,1.87,1.79,1.8
21-Feb-15,1.85,1.87,1.84,1.85
20-Feb-15,1.84,1.86,1.83,1.85
19-Feb-15,1.83,1.85,1.82,1.85
18-Feb-15,1.86,1.86,1.8,1.83
17-Feb-15,1.79,1.88,1.79,1.85
16-Feb-15,1.84,1.85,1.8,1.8
15-Feb-15,1.94,2.03,1.79,1.84
14-Feb-15,1.82,1.96,1.82,1.94
13-Feb-15,1.76,1.85,1.75,1.82
12-Feb-15,1.73,1.77,1.72,1.76
11-Feb-15,1.76,1.79,1.72,1.73
10-Feb-15,1.73,1.79,1.69,1.76
9-Feb-15,1.79,1.79,1.72,1.73
8-Feb-15,1.79,1.81,1.76,1.78
7-Feb-15,1.76,1.79,1.74,1.78
6-Feb-15,1.74,1.83,1.74,1.76
5-Feb-15,1.79,1.81,1.73,1.74
4-Feb-15,1.82,1.84,1.76,1.79
3-Feb-15,1.87,1.94,1.81,1.82
2-Feb-15,1.81,1.88,1.75,1.88
1-Feb-15,1.88,1.88,1.68,1.8
31-Jan-15,1.9,1.94,1.87,1.87
30-Jan-15,1.91,1.98,1.89,1.9
29-Jan-15,1.88,1.95,1.83,1.92
28-Jan-15,2.09,2.13,1.81,1.87
27-Jan-15,2.07,2.14,1.87,2.09
26-Jan-15,2.25,2.39,2.06,2.08
25-Jan-15,1.84,2.37,1.84,2.25
24-Jan-15,1.43,1.89,1.42,1.84
23-Jan-15,1.41,1.43,1.38,1.43
22-Jan-15,1.37,1.45,1.37,1.42
21-Jan-15,1.32,1.37,1.32,1.37
20-Jan-15,1.34,1.34,1.3,1.32
19-Jan-15,1.33,1.36,1.31,1.34
18-Jan-15,1.3,1.37,1.23,1.33
17-Jan-15,1.4,1.4,1.25,1.29
16-Jan-15,1.28,1.47,1.27,1.4
15-Jan-15,1.15,1.38,1.15,1.28
14-Jan-15,1.55,1.58,1.11,1.16
13-Jan-15,1.71,1.72,1.53,1.54