4/27/2019,71.65,71.83,70.79,70.79
4/26/2019,70.61,73.22,69.1,71.65
4/25/2019,73.28,74.54,69.12,70.61
4/24/2019,74.33,75.21,70.51,73.28
4/23/2019,76.87,79.57,74,74.33
4/22/2019,77.22,78.08,75.42,76.87
4/21/2019,81.53,82.19,73.04,77.22
4/20/2019,82.45,82.87,79.93,81.53
4/19/2019,82,83.5,80.05,82.45
4/18/2019,79.09,83.9,79.05,82
4/17/2019,80.68,81.9,78.53,79.09
4/16/2019,78.18,81.88,77.16,80.68
4/15/2019,83.75,84.48,75,78.18
4/14/2019,78.06,83.75,76.5,83.75
4/13/2019,78.9,81.35,76.18,78.06
4/12/2019,79.26,80.86,75.56,78.9
4/11/2019,88.29,88.57,75.24,79.26
4/10/2019,86.5,91.69,86.46,88.29
4/9/2019,89.16,89.47,83.69,86.5
4/8/2019,92.02,94.06,86,89.16
4/7/2019,92,95.36,89.05,92.02
4/6/2019,88.78,97.98,85.44,92
4/5/2019,84.7,89.65,84.35,88.78
4/4/2019,85.75,90,80.63,84.7
4/3/2019,77.43,98.78,76.3,85.75
4/2/2019,60.28,79.07,59.92,77.43
4/1/2019,60.26,60.49,59.82,60.28
3/19/2019,58.91,59.56,58.87,59.38
3/18/2019,60.24,61.96,57.91,58.91
3/17/2019,60.87,60.91,59.42,60.24
3/16/2019,58.04,61.5,58.04,60.87
3/15/2019,55.63,58.57,55.63,58.04
3/14/2019,55.1,57.69,52.91,55.63
3/13/2019,56.25,56.48,54.16,55.1
3/12/2019,54.52,56.52,52.1,56.25
3/11/2019,56.36,56.78,53.86,54.52
3/10/2019,57.52,57.64,55.71,56.36
3/9/2019,55.27,59.04,55.12,57.52
3/8/2019,56.48,57.1,54.01,55.27
3/7/2019,55.17,58.28,53.28,56.48
3/6/2019,52.44,56.37,51.36,55.17
3/5/2019,45.63,53.94,45.25,52.44
3/4/2019,47.54,47.78,44.54,45.63
3/3/2019,48.17,48.73,46.81,47.54
3/2/2019,46.82,48.74,45.88,48.17
3/1/2019,45.45,48.72,45.29,46.82
2/28/2019,44.95,46.83,44.75,45.45
2/27/2019,44.65,45.29,42.31,44.95
2/26/2019,45.27,45.77,43.77,44.65
2/25/2019,43.57,46.55,43.51,45.27
2/24/2019,51.3,53.99,42.24,43.57
2/23/2019,49.08,51.7,47.82,51.3
2/22/2019,48.49,49.39,47.73,49.08
2/21/2019,50.31,51.26,47.43,48.49
2/20/2019,46.96,51.18,45.46,50.31
2/19/2019,47.51,48.96,46.2,46.96
2/18/2019,43.39,48.69,43.14,47.51
2/17/2019,42.96,44.45,41.94,43.39
2/16/2019,42.19,43.86,41.91,42.96
2/15/2019,40.96,44.11,40.95,42.19
2/14/2019,41.23,41.87,40.09,40.96
2/13/2019,43.54,43.97,40.35,41.23
2/12/2019,42.39,43.97,41.54,43.54
2/11/2019,46.38,46.45,41.3,42.39
2/10/2019,44.24,46.89,41.97,46.38
2/9/2019,42.72,45.85,41.82,44.24
2/8/2019,33.5,44.31,32.55,42.72
2/7/2019,32.49,33.91,32.4,33.5
2/6/2019,33.86,34.67,31.98,32.49
2/5/2019,33.7,34.78,33.26,33.86
2/4/2019,33.07,34.8,32.97,33.7
2/3/2019,34.21,34.55,32.58,33.07
2/2/2019,32.29,34.81,32.24,34.21
2/1/2019,31.17,33.14,30.58,32.29
1/31/2019,31.45,32.13,30.9,31.17
1/30/2019,30.8,32.5,30.41,31.45
1/29/2019,30.87,31.05,29.95,30.8
1/28/2019,32.05,32.31,29.93,30.87
1/27/2019,32.8,32.94,31.47,32.05
1/26/2019,32.52,33.76,32.52,32.8
1/25/2019,32.51,32.94,31.89,32.52
1/24/2019,31.65,33.09,31.04,32.51
1/23/2019,31.44,32.24,31.28,31.65
1/22/2019,30.84,32.03,29.53,31.44
1/21/2019,30.52,31.18,30.16,30.84
1/20/2019,32.19,33.27,30.23,30.52
1/19/2019,30.86,32.93,30.86,32.19
1/18/2019,31.61,31.65,30.44,30.86
1/17/2019,31.34,31.76,30.01,31.61
1/16/2019,30.97,31.99,30.67,31.34
1/15/2019,31.78,32.51,30.23,30.97
1/14/2019,29.68,32.52,29.64,31.78
1/13/2019,32.05,33.29,29.62,29.68
1/12/2019,31.68,32.56,31.46,32.05
1/11/2019,33.13,33.56,31.21,31.68
1/10/2019,38.45,39.14,32.01,33.13
1/9/2019,39.26,39.86,38.33,38.45
1/8/2019,37.61,40.98,37.5,39.26
1/7/2019,38.98,39.81,37.19,37.61
1/6/2019,34.69,40.16,34.17,38.98
1/5/2019,32.04,36.17,32.04,34.69
1/4/2019,31.59,32.71,30.99,32.04
1/3/2019,32.91,33.02,30.92,31.59
1/2/2019,31.63,33.41,31.36,32.91
1/1/2019,29.73,31.98,29.58,31.63
12/31/2018,31.6,31.68,29.52,29.73
12/30/2018,30.38,31.95,30,31.6
12/29/2018,32.25,33.13,30.33,30.38
12/28/2018,27.75,33.46,27.71,32.25
12/27/2018,30.51,30.99,27.5,27.75
12/26/2018,30.78,31.79,28.92,30.51
12/25/2018,32.91,33,29.74,30.78
12/24/2018,33.11,36.49,32.47,32.91
12/23/2018,31.54,33.99,31.39,33.11
12/22/2018,30.31,31.67,29.79,31.54
12/21/2018,32.2,32.99,29.73,30.31
12/20/2018,28.98,33.06,28.74,32.2
12/19/2018,30.03,31.48,28.74,28.98
12/18/2018,28.88,30.17,27.74,30.03
12/17/2018,25.24,30.39,25.18,28.88
12/16/2018,23.41,26.58,23.34,25.24
12/15/2018,23.1,23.77,22.85,23.41
12/14/2018,22.81,23.37,22.29,23.1
12/13/2018,24,24.15,22.8,22.81
12/12/2018,23.33,24.82,22.99,24
12/11/2018,23.95,24.36,22.83,23.45
12/10/2018,25.31,25.65,23.6,23.95
12/9/2018,24.24,26.5,24.16,25.31
12/8/2018,24.74,26.47,22.82,24.24
12/7/2018,26.24,26.29,22.05,24.74
12/6/2018,28.71,29.99,25.71,26.24
12/5/2018,30.72,30.96,28.59,28.71
12/4/2018,30.51,31.92,29.5,30.72
12/3/2018,33.33,33.4,29.54,30.51
12/2/2018,33.87,34.59,32.42,33.33
12/1/2018,31.65,34.76,30.93,33.87
11/30/2018,33.48,34.07,30.74,31.65
11/29/2018,34.41,35.41,32.77,33.48
11/28/2018,30.82,35.99,30.18,34.41
11/27/2018,29.16,31.19,28.05,30.82
11/26/2018,30.44,31.77,27.51,29.16
11/25/2018,28.61,31.93,26.24,30.44
11/24/2018,31.75,32.92,27.87,28.61
11/23/2018,31.26,32.77,30.41,31.75
11/22/2018,34.2,34.5,31.18,31.26
11/21/2018,32.42,34.2,30.99,34.2
11/20/2018,35.78,37.51,30.17,32.42
11/19/2018,41.93,41.93,34.75,35.78
11/18/2018,41.53,41.98,41.53,41.93
11/17/2018,41.95,41.95,41.53,41.53
11/16/2018,42.26,42.8,41.95,41.95
11/15/2018,42.41,43.03,39.55,42.26
11/14/2018,48.52,48.6,38.72,42.41
11/13/2018,50.15,50.47,48.52,48.52
11/12/2018,50.9,51.18,49.85,50.15
11/11/2018,51.82,51.87,49.51,50.9
11/10/2018,51.58,51.99,51.35,51.82
11/9/2018,52.11,52.45,51.13,51.58
11/8/2018,54.01,54.54,52.03,52.11
11/7/2018,55.8,56.31,53.2,54.01
11/6/2018,53.46,55.87,53.46,55.8
11/5/2018,54.08,54.64,52.81,53.46
11/4/2018,50.76,55.86,50.59,54.08
11/3/2018,51.13,51.2,50.49,50.76
11/2/2018,50.04,51.37,50.04,51.13
11/1/2018,49.41,50.04,49.41,50.04
10/31/2018,48.96,50.22,47.72,49.41
10/30/2018,48.58,49.08,48.42,48.96
10/29/2018,51.48,51.62,47.15,48.58
10/28/2018,51.65,52.05,50.74,51.48
10/27/2018,51.67,52,51.26,51.65
10/26/2018,51.89,52.31,50.85,51.67
10/25/2018,51.94,52.1,51.64,51.89
10/24/2018,52.16,52.61,51.83,51.94
10/23/2018,51.87,52.64,51.31,52.16
10/22/2018,52.29,52.72,51.52,51.87
10/21/2018,52.98,53.59,52.02,52.29
10/20/2018,52.42,53.24,52.02,52.98
10/19/2018,51.86,53.13,51.46,52.42
10/18/2018,52.98,53.3,51.45,51.86
10/17/2018,53.02,53.43,51.8,52.98
10/16/2018,53.42,53.42,53.24,53.24
10/15/2018,51.21,57.12,50.2,53.42
10/14/2018,52.76,53.1,50.91,51.21
10/13/2018,52.75,53.62,52.45,52.76
10/12/2018,50.64,53.63,50.11,52.75
10/11/2018,57.84,57.84,50.11,50.64
10/10/2018,58.49,58.73,56.84,57.84
10/9/2018,59.13,59.32,57.96,58.49
10/8/2018,57.99,59.81,56.73,59.13
10/7/2018,57.66,58.34,56.74,57.99
10/6/2018,58.39,58.74,56.7,57.66
10/5/2018,58.1,59.65,57.13,58.39
10/4/2018,57.19,59.09,56.71,58.1
10/3/2018,59.45,59.61,56.49,57.19
10/2/2018,60.3,61.51,58.97,59.45
10/1/2018,61.06,61.97,59.3,60.3
9/30/2018,61.45,62.88,59.85,61.06
9/29/2018,61.93,61.97,58.75,61.45
9/28/2018,63.19,64.94,60.17,61.93
9/27/2018,57.28,65.69,56.49,63.19
9/26/2018,57.77,60.02,56.29,57.28
9/25/2018,57.79,58.24,54.63,57.77
9/24/2018,61.48,61.63,57.14,57.79
9/23/2018,60.64,63.81,59.7,61.48
9/22/2018,60.95,62.15,57.85,60.64
9/21/2018,56.39,62.7,56.18,60.95
9/20/2018,54.19,57.37,53.18,56.39
9/19/2018,54.11,55.07,51.63,54.19
9/18/2018,52.01,55.59,50.35,54.11
9/17/2018,56.92,58.04,51.31,52.01
9/16/2018,56.67,57.71,54.37,56.92
9/15/2018,56.16,58.86,55.56,56.67
9/14/2018,54.69,58.97,53.17,56.16
9/13/2018,51.54,55.41,51.54,54.69
9/12/2018,51.88,52.26,47.2,51.54
9/11/2018,54.39,54.85,50.06,51.88
9/10/2018,54.85,56.66,52.91,54.39
9/9/2018,52.86,56.86,52.06,54.85
9/8/2018,55.88,57.33,51.81,52.86
9/7/2018,57.34,58.62,54.94,55.88
9/6/2018,57.79,58.11,54.02,57.34
9/5/2018,67.45,68.46,57.61,57.79
9/4/2018,65.29,69.57,65.09,67.45
9/3/2018,66.38,66.57,64.14,65.29
9/2/2018,66.53,67.3,64,66.38
9/1/2018,62.32,67.93,61.88,66.53
8/31/2018,60.44,62.78,59.34,62.32
8/30/2018,61.82,61.92,58.53,60.44
8/29/2018,63.23,63.6,60.29,61.82
8/28/2018,60.58,63.89,59.54,63.23
8/27/2018,56.99,61.26,56.39,60.58
8/26/2018,58.1,58.1,55.64,56.99
8/25/2018,57.75,58.47,56.83,58.1
8/24/2018,57.49,58.51,55.34,57.75
8/23/2018,56.12,57.93,54.71,57.49
8/22/2018,56.87,58.5,54.26,56.12
8/21/2018,56.87,56.87,56.87,56.87
8/20/2018,59.28,59.28,55.23,56.87
8/19/2018,59.28,59.28,59.28,59.28
8/18/2018,61,61,59.28,59.28
8/17/2018,56.26,61,56.26,61
8/16/2018,55.5,57.44,55.5,56.26
8/15/2018,52.36,59,52.36,55.5
8/14/2018,59.3,59.3,52.11,52.36
8/13/2018,60.31,60.31,59.1,59.3
8/12/2018,56.98,56.98,56.98,56.98
8/11/2018,59.73,59.73,56.28,56.98
8/10/2018,65,65,59.68,59.73
8/9/2018,63.5,65,62,65
8/8/2018,68,68,63.5,63.5
8/7/2018,72.53,72.53,68,68
8/6/2018,72.88,72.88,72.53,72.53
8/5/2018,76.91,76.91,72.88,72.88
8/4/2018,76.14,76.91,76.14,76.91
8/3/2018,76.14,76.14,76.14,76.14
8/2/2018,77,78.94,76.14,76.14
8/1/2018,79.55,79.55,77,77
7/31/2018,82.99,82.99,79.55,79.55
7/30/2018,84.98,84.98,82.99,82.99
7/29/2018,84.98,84.98,84.98,84.98
7/28/2018,87.9,87.9,84.98,84.98
7/27/2018,87.9,87.9,87.9,87.9
7/26/2018,87.9,87.9,87.9,87.9
7/25/2018,87.45,87.9,87.45,87.9
7/24/2018,85,88,85,87.45
7/23/2018,84.34,85,84.34,85
7/22/2018,86.18,86.18,84.27,84.34
7/21/2018,86.18,86.18,86.18,86.18
7/20/2018,86.18,86.18,86.18,86.18
7/19/2018,85.85,86.18,84.43,86.18
7/18/2018,89,93,85.85,85.85
7/17/2018,81.99,89,81.99,89
7/16/2018,79.22,84.36,79.15,81.99
7/15/2018,76.8,79.22,76.8,79.22
7/14/2018,76.8,76.8,76.79,76.8
7/13/2018,78.42,78.42,76.8,76.8
7/12/2018,78.42,78.42,78.42,78.42
7/11/2018,76.04,78.42,76.04,78.42
7/10/2018,82.92,82.92,75.87,76.04
7/9/2018,82.92,82.92,82.92,82.92
7/8/2018,83.13,84.94,82.92,82.92
7/7/2018,83.8,83.8,80.75,83.13
7/6/2018,80.49,85.02,80.49,83.8
7/5/2018,86.08,86.08,80.49,80.49
7/4/2018,85.98,87.73,84.72,86.08
7/3/2018,84,88.53,84,85.98
7/2/2018,79.16,84,77.41,84
7/1/2018,81.22,81.22,77.55,79.16
6/30/2018,80.48,83.85,80.44,81.22
6/29/2018,73.31,80.48,70.64,80.48
6/28/2018,81.95,82,73.31,73.31
6/27/2018,81.77,82,77,81.95
6/26/2018,81.77,81.77,81.77,81.77
6/25/2018,78.53,86.79,78.53,81.77
6/24/2018,85,85,78.53,78.53
6/23/2018,87,87,85,85
6/22/2018,98.56,98.56,87,87
6/21/2018,103,103,98.56,98.56
6/20/2018,104.72,104.72,98.55,103
6/19/2018,96.39,104.72,96.39,104.72
6/18/2018,100,110.5,96.39,96.39
6/17/2018,100,100,100,100
6/16/2018,100,101.2,100,100
6/15/2018,101.8,103.08,100,100
6/14/2018,97,109.36,97,101.8
6/13/2018,102,106.58,97,97
6/12/2018,109.75,110.94,102,102
6/11/2018,215.69,215.69,215.69,215.69
6/10/2018,215.69,215.69,215.69,215.69
6/9/2018,215.69,215.69,215.69,215.69
6/8/2018,215.69,215.69,215.69,215.69
6/7/2018,215.69,215.69,215.69,215.69
6/6/2018,215.69,215.69,215.69,215.69
6/5/2018,215.69,215.69,215.69,215.69
6/4/2018,215.69,215.69,215.69,215.69
6/3/2018,215.69,215.69,215.69,215.69
6/2/2018,215.69,215.69,215.69,215.69
6/1/2018,215.69,215.69,215.69,215.69
5/31/2018,215.69,215.69,215.69,215.69
5/30/2018,215.69,215.69,215.69,215.69
5/29/2018,215.69,215.69,215.69,215.69
5/28/2018,215.69,215.69,215.69,215.69
5/27/2018,215.69,215.69,215.69,215.69
5/26/2018,215.69,215.69,215.69,215.69
5/25/2018,215.69,215.69,215.69,215.69
5/24/2018,215.69,215.69,215.69,215.69
5/23/2018,215.69,215.69,215.69,215.69
5/22/2018,215.69,215.69,215.69,215.69
5/21/2018,215.69,215.69,215.69,215.69
5/20/2018,215.69,215.69,215.69,215.69
5/19/2018,215.69,215.69,215.69,215.69
5/18/2018,215.69,215.69,215.69,215.69
5/17/2018,215.69,215.69,215.69,215.69
5/16/2018,215.69,215.69,215.69,215.69
5/15/2018,215.69,215.69,215.69,215.69
5/14/2018,215.69,215.69,215.69,215.69
5/13/2018,215.69,215.69,215.69,215.69
5/12/2018,215.69,215.69,215.69,215.69
5/11/2018,215.69,215.69,215.69,215.69
5/10/2018,215.69,215.69,215.69,215.69
5/9/2018,215.69,215.69,215.69,215.69
5/8/2018,215.69,215.69,215.69,215.69
5/7/2018,215.69,215.69,215.69,215.69
5/6/2018,215.69,215.69,215.69,215.69
5/5/2018,215.69,215.69,215.69,215.69
5/4/2018,215.69,215.69,215.69,215.69
5/3/2018,215.69,215.69,215.69,215.69
5/2/2018,215.69,215.69,215.69,215.69
5/1/2018,215.69,215.69,215.69,215.69
4/30/2018,215.69,215.69,215.69,215.69
4/29/2018,215.69,215.69,215.69,215.69
4/28/2018,215.69,215.69,215.69,215.69
4/27/2018,215.69,215.69,215.69,215.69
4/26/2018,215.69,215.69,215.69,215.69
4/25/2018,215.69,215.69,215.69,215.69
4/24/2018,215.69,215.69,215.69,215.69
4/23/2018,215.69,215.69,215.69,215.69
4/22/2018,215.69,215.69,215.69,215.69
4/21/2018,215.69,215.69,215.69,215.69
4/20/2018,215.69,215.69,215.69,215.69
4/19/2018,215.69,215.69,215.69,215.69
4/18/2018,215.69,215.69,215.69,215.69
4/17/2018,215.69,215.69,215.69,215.69
4/16/2018,215.69,215.69,215.69,215.69
4/15/2018,215.69,215.69,215.69,215.69
4/14/2018,215.69,215.69,215.69,215.69
4/13/2018,215.69,215.69,215.69,215.69
4/12/2018,215.69,215.69,215.69,215.69
4/11/2018,215.69,215.69,215.69,215.69
4/10/2018,215.69,215.69,215.69,215.69
4/9/2018,215.69,215.69,215.69,215.69
4/8/2018,215.69,215.69,215.69,215.69
4/7/2018,215.69,215.69,215.69,215.69
4/6/2018,215.69,215.69,215.69,215.69
4/5/2018,215.69,215.69,215.69,215.69
4/4/2018,215.69,215.69,215.69,215.69
4/3/2018,215.69,215.69,215.69,215.69
4/2/2018,215.69,215.69,215.69,215.69
4/1/2018,215.69,215.69,215.69,215.69
3/31/2018,215.69,215.69,215.69,215.69
3/30/2018,215.69,215.69,215.69,215.69
3/29/2018,215.69,215.69,215.69,215.69
3/28/2018,215.69,215.69,215.69,215.69
3/27/2018,215.69,215.69,215.69,215.69
3/26/2018,215.69,215.69,215.69,215.69
3/25/2018,215.69,215.69,215.69,215.69
3/24/2018,215.69,215.69,215.69,215.69
3/23/2018,215.69,215.69,215.69,215.69
3/22/2018,215.69,215.69,215.69,215.69
3/21/2018,215.69,215.69,215.69,215.69
3/20/2018,215.69,215.69,215.69,215.69
3/19/2018,215.69,215.69,215.69,215.69
3/18/2018,215.69,215.69,215.69,215.69
3/17/2018,215.69,215.69,215.69,215.69
3/16/2018,215.69,215.69,215.69,215.69
3/15/2018,215.69,215.69,215.69,215.69
3/14/2018,215.69,215.69,215.69,215.69
3/13/2018,215.69,215.69,215.69,215.69
3/12/2018,215.69,215.69,215.69,215.69
3/11/2018,215.69,215.69,215.69,215.69
3/10/2018,215.69,215.69,215.69,215.69
3/9/2018,215.69,215.69,215.69,215.69
3/8/2018,215.69,215.69,215.69,215.69
3/7/2018,215.69,215.69,215.69,215.69
3/6/2018,221,221,215.05,215.69
3/5/2018,63.87,63.87,63.87,63.87
3/4/2018,63.87,63.87,63.87,63.87
3/3/2018,63.87,63.87,63.87,63.87
3/2/2018,63.87,63.87,63.87,63.87
3/1/2018,63.87,63.87,63.87,63.87
2/28/2018,63.87,63.87,63.87,63.87
2/27/2018,63.87,63.87,63.87,63.87
2/26/2018,63.87,63.87,63.87,63.87
2/25/2018,63.87,63.87,63.87,63.87
2/24/2018,63.87,63.87,63.87,63.87
2/23/2018,63.87,63.87,63.87,63.87
2/22/2018,63.87,63.87,63.87,63.87
2/21/2018,63.87,63.87,63.87,63.87
2/20/2018,63.87,63.87,63.87,63.87
2/19/2018,63.87,63.87,63.87,63.87
2/18/2018,63.87,63.87,63.87,63.87
2/17/2018,63.87,63.87,63.87,63.87
2/16/2018,63.87,63.87,63.87,63.87
2/15/2018,63.87,63.87,63.87,63.87
2/14/2018,63.87,63.87,63.87,63.87
2/13/2018,63.87,63.87,63.87,63.87
2/12/2018,63.87,63.87,63.87,63.87
2/11/2018,63.87,63.87,63.87,63.87
2/10/2018,63.87,63.87,63.87,63.87
2/9/2018,63.87,63.87,63.87,63.87
2/8/2018,63.87,63.87,63.87,63.87
2/7/2018,63.87,63.87,63.87,63.87
2/6/2018,63.87,63.87,63.87,63.87
2/5/2018,63.87,63.87,63.87,63.87
2/4/2018,63.87,63.87,63.87,63.87
2/3/2018,63.87,63.87,63.87,63.87
2/2/2018,63.87,63.87,63.87,63.87
2/1/2018,63.87,63.87,63.87,63.87
1/31/2018,63.87,63.87,63.87,63.87
1/30/2018,63.87,63.87,63.87,63.87
1/29/2018,63.87,63.87,63.87,63.87
1/28/2018,63.87,63.87,63.87,63.87
1/27/2018,63.87,63.87,63.87,63.87
1/26/2018,63.87,63.87,63.87,63.87
1/25/2018,63.87,63.87,63.87,63.87
1/24/2018,63.87,63.87,63.87,63.87
1/23/2018,63.87,63.87,63.87,63.87
1/22/2018,63.87,63.87,63.87,63.87
1/21/2018,63.87,63.87,63.87,63.87
1/20/2018,63.87,63.87,63.87,63.87
1/19/2018,63.87,63.87,63.87,63.87
1/18/2018,63.87,63.87,63.87,63.87
1/17/2018,63.87,63.87,63.87,63.87
1/16/2018,63.87,63.87,63.87,63.87
1/15/2018,63.87,63.87,63.87,63.87
1/14/2018,63.87,63.87,63.87,63.87
1/13/2018,63.87,63.87,63.87,63.87
1/12/2018,63.87,63.87,63.87,63.87
1/11/2018,63.87,63.87,63.87,63.87
1/10/2018,63.87,63.87,63.87,63.87
1/9/2018,63.87,63.87,63.87,63.87
1/8/2018,63.87,63.87,63.87,63.87
1/7/2018,63.87,63.87,63.87,63.87
1/6/2018,63.87,63.87,63.87,63.87
1/5/2018,63.87,63.87,63.87,63.87
1/4/2018,63.87,63.87,63.87,63.87
1/3/2018,63.87,63.87,63.87,63.87
1/2/2018,63.87,63.87,63.87,63.87
1/1/2018,63.87,63.87,63.87,63.87
12/31/2017,63.87,63.87,63.87,63.87
12/30/2017,63.87,63.87,63.87,63.87
12/29/2017,63.87,63.87,63.87,63.87
12/28/2017,63.87,63.87,63.87,63.87
12/27/2017,63.87,63.87,63.87,63.87
12/26/2017,63.87,63.87,63.87,63.87
12/25/2017,63.87,63.87,63.87,63.87
12/24/2017,63.87,63.87,63.87,63.87
12/23/2017,63.87,63.87,63.87,63.87
12/22/2017,63.87,63.87,63.87,63.87
12/21/2017,63.87,63.87,63.87,63.87
12/20/2017,63.87,63.87,63.87,63.87
12/19/2017,63.87,63.87,63.87,63.87
12/18/2017,63.87,63.87,63.87,63.87
12/17/2017,63.87,63.87,63.87,63.87
12/16/2017,63.87,63.87,63.87,63.87
12/15/2017,63.87,63.87,63.87,63.87
12/14/2017,63.87,63.87,63.87,63.87
12/13/2017,63.87,63.87,63.87,63.87
12/12/2017,63.87,63.87,63.87,63.87
12/11/2017,63.87,63.87,63.87,63.87
12/10/2017,63.87,63.87,63.87,63.87
12/9/2017,63.87,63.87,63.87,63.87
12/8/2017,63.87,63.87,63.87,63.87
12/7/2017,63.87,63.87,63.87,63.87
12/6/2017,63.87,63.87,63.87,63.87
12/5/2017,63.87,63.87,63.87,63.87
12/4/2017,63.87,63.87,63.87,63.87
12/3/2017,63.87,63.87,63.87,63.87
12/2/2017,63.87,63.87,63.87,63.87
12/1/2017,63.87,63.87,63.87,63.87
11/30/2017,63.87,63.87,63.87,63.87
11/29/2017,63.87,63.87,63.87,63.87
11/28/2017,63.87,63.87,63.87,63.87
11/27/2017,63.87,63.87,63.87,63.87
11/26/2017,63.87,63.87,63.87,63.87
11/25/2017,63.87,63.87,63.87,63.87
11/24/2017,63.87,63.87,63.87,63.87
11/23/2017,63.87,63.87,63.87,63.87
11/22/2017,63.87,63.87,63.87,63.87
11/21/2017,63.87,63.87,63.87,63.87
11/20/2017,63.87,63.87,63.87,63.87
11/19/2017,63.87,63.87,63.87,63.87
11/18/2017,63.87,63.87,63.87,63.87
11/17/2017,63.87,63.87,63.87,63.87
11/16/2017,290,290,63.12,63.87
11/15/2017,64,400,63.8,290
11/14/2017,62.9,65.17,61.63,64
11/13/2017,60.38,63.98,59.35,62.9
11/12/2017,63.28,63.4,56.37,60.38
11/11/2017,59.56,64.49,59.01,63.28
11/10/2017,65.06,66.69,57,59.56
11/9/2017,63.52,67.79,61.65,65.06
11/8/2017,62.16,65,60.89,63.52
11/7/2017,55.4,64.65,55.25,62.16
11/6/2017,54.95,56.85,53.57,55.4
11/5/2017,55.2,56,54.58,54.95
11/4/2017,56.3,56.7,54.5,55.2
11/3/2017,54.27,56.65,54.01,56.3
11/2/2017,53.31,55.22,49.5,54.27
11/1/2017,56.5,57.42,52.77,53.31
10/31/2017,56.52,58.2,56.33,56.5
10/30/2017,57.88,59.14,56.52,56.52
10/29/2017,54.73,58.5,53.83,57.88
10/28/2017,55.5,56.48,53.8,54.73
10/27/2017,56.19,56.83,55.02,55.5
10/26/2017,56.25,57.98,55.5,56.19
10/25/2017,56.07,56.67,53.69,56.25
10/24/2017,54.59,59.44,52.61,56.07
10/23/2017,56.6,56.81,52.08,54.59
10/22/2017,58.39,58.73,55.6,56.6
10/21/2017,60.7,61.5,56.53,58.39
10/20/2017,60.45,63.55,58,60.7
10/19/2017,60.5,61.6,58.73,60.45
10/18/2017,60.4,61.55,53.69,60.5
10/17/2017,66.51,66.51,59.15,60.4
10/16/2017,67.45,68.49,62.98,66.51
10/15/2017,65.5,72.43,63.08,67.45
10/14/2017,61.15,68.46,59.58,65.5
10/13/2017,59.36,62.57,56.5,61.15
10/12/2017,51.48,59.36,50.44,59.36
10/11/2017,50.83,51.75,50.34,51.48
10/10/2017,50.73,52.14,50.1,50.83
10/9/2017,53.5,54.12,47.21,50.73
10/8/2017,53.1,55,52.38,53.5
10/7/2017,52.34,53.27,51.77,53.1
10/6/2017,51.96,53.13,51.6,52.34
10/5/2017,52.02,52.05,50.2,51.96
10/4/2017,52.8,53.43,51,52.02
10/3/2017,54.2,54.35,51.55,52.8
10/2/2017,55.03,55.9,53.75,54.2
10/1/2017,56.81,56.81,54.4,55.03
9/30/2017,53.35,56.83,52.92,56.81
9/29/2017,55.1,55.26,50.57,53.35
9/28/2017,57.63,59,53.7,55.1
9/27/2017,53,58,52.79,57.63
9/26/2017,52.66,54.61,51.62,53
9/25/2017,47.78,53.75,46.73,52.66
9/24/2017,48.8,49,46.8,47.78
9/23/2017,47.09,50.24,46.4,48.8
9/22/2017,46.42,48.79,44.07,47.09
9/21/2017,50.63,51.65,45.95,46.42
9/20/2017,53.37,53.37,49.8,50.63
9/19/2017,54.21,54.99,51.21,53.37
9/18/2017,50.43,55.8,50.04,54.21
9/17/2017,51.24,52.3,47.71,50.43
9/16/2017,50.03,54.42,48,51.24
9/15/2017,43.35,52.77,32.9,50.03
9/14/2017,63.4,64.4,42.92,43.35
9/13/2017,65.66,65.7,59.16,63.4
9/12/2017,66.94,72,63.4,65.66
9/11/2017,63,70.22,61.39,66.94
9/10/2017,69.33,70,56.43,63
9/9/2017,70.25,73.5,65.18,69.33
9/8/2017,81.5,84,62,70.25
9/7/2017,84.22,85,78.51,81.5
9/6/2017,74.43,84.44,73.58,84.22
9/5/2017,65.98,75.45,58.05,74.43
9/4/2017,78.59,80.81,62.88,65.98
9/3/2017,82.37,85.9,74.78,78.59
9/2/2017,88,93.9,73.57,82.37
9/1/2017,73.53,90,73.03,88
8/31/2017,68.38,74.87,67.7,73.53
8/30/2017,67.12,69,64,68.38
8/29/2017,65.28,67.45,64.19,67.12
8/28/2017,64.23,70,61.62,65.28
8/27/2017,53.89,67.27,53.7,64.23
8/26/2017,53.3,54.18,52.66,53.89
8/25/2017,52.54,54.4,52.01,53.3
8/24/2017,53.72,56,52.53,52.54
8/23/2017,49.2,54,48.68,53.72
8/22/2017,50.32,50.4,48.07,49.2
8/21/2017,48.25,51,47.66,50.32
8/20/2017,47.78,49.97,46.87,48.25
8/19/2017,48.96,49.42,45.38,47.78
8/18/2017,45.41,49.5,44.35,48.96
8/17/2017,46.14,47,44.8,45.41
8/16/2017,44.9,47.2,44,46.14
8/15/2017,48.33,48.33,42.44,44.9
8/14/2017,47.77,48.95,47.33,48.33
8/13/2017,48.48,51.3,46.5,47.77
8/12/2017,48.94,49.6,48.2,48.48
8/11/2017,47.79,49.46,47.3,48.94
8/10/2017,49.84,50.68,47.6,47.79
8/9/2017,50.76,52.5,49.08,49.84
8/8/2017,48.25,51.38,47.47,50.76
8/7/2017,47.55,48.8,47,48.25
8/6/2017,49.65,50.09,46.74,47.55
8/5/2017,44.89,50.09,44.83,49.65
8/4/2017,44.34,45.75,44.05,44.89
8/3/2017,43.42,44.97,42.76,44.34
8/2/2017,43.44,44.07,42.6,43.42
8/1/2017,43.6,44.46,40.22,43.44
7/31/2017,40.7,44.77,39.22,43.6
7/30/2017,41.9,42.5,40.6,40.7
7/29/2017,41.51,42.07,39.01,41.9
7/28/2017,44,44.3,41.28,41.51
7/27/2017,43.67,44.4,42.73,44
7/26/2017,43.9,44.5,41.73,43.67
7/25/2017,46.35,46.88,42.58,43.9
7/24/2017,45.53,46.97,44.2,46.35
7/23/2017,48,48.36,43.62,45.53
7/22/2017,47.06,48.5,46.85,48
7/21/2017,46.55,49.5,46,47.06
7/20/2017,42,47.65,42,46.55
7/19/2017,45.3,46.01,42,42
7/18/2017,43.91,46.24,42.5,45.3
7/17/2017,42.2,44.44,41.9,43.91
7/16/2017,40.2,43.5,38.21,42.2
7/15/2017,42.81,43.16,39,40.2
7/14/2017,47.1,47.4,40.55,42.81
7/13/2017,50.3,50.67,45.56,47.1
7/12/2017,45.7,50.46,44,50.3
7/11/2017,47.5,49.27,44.5,45.7
7/10/2017,50.29,51.8,45.9,47.5
7/9/2017,53.3,54.79,49.8,50.29
7/8/2017,46.89,54.47,44.4,53.3
7/7/2017,52.03,52.03,45.26,46.89
7/6/2017,54.14,54.29,50.62,52.03
7/5/2017,55.63,57.08,51.4,54.14
7/4/2017,48.16,56,47.91,55.63
7/3/2017,42.62,50.47,41.05,48.16
7/2/2017,40.47,42.8,37.51,42.62
7/1/2017,41.8,42.14,39.21,40.47
6/30/2017,41.9,43.4,41.33,41.8
6/29/2017,43.56,43.83,40.4,41.9
6/28/2017,41.85,44.5,39.12,43.56
6/27/2017,41.99,42.8,36.26,41.85
6/26/2017,46.45,46.84,38.3,41.99
6/25/2017,45.7,48.44,44,46.45
6/24/2017,49.04,49.27,44.98,45.7
6/23/2017,49.1,50.31,48.5,49.04
6/22/2017,48.99,50.78,45.48,49.1
6/21/2017,49.8,51.95,43.87,48.99
6/20/2017,50.61,53.1,47.59,49.8
6/19/2017,47.78,55.55,46.12,50.61
6/18/2017,48.3,48.44,41.6,47.78
6/17/2017,36.19,51.5,36.19,48.3
6/16/2017,30.57,36.55,30.08,36.19
6/15/2017,30.82,31.14,27.67,30.57
6/14/2017,31.3,32.78,29.14,30.82
6/13/2017,29.99,31.57,29.5,31.3
6/12/2017,34.71,34.89,28.14,29.99
6/11/2017,31.34,35.61,30.8,34.71
6/10/2017,30.07,31.48,29.83,31.34
6/9/2017,30.81,31.27,29.39,30.07
6/8/2017,28.59,31,27.65,30.81
6/7/2017,31.98,32.32,28.3,28.59
6/6/2017,32.18,32.96,30.25,31.98
6/5/2017,29.12,32.88,28.97,32.18
6/4/2017,27.71,29.2,27.07,29.12
6/3/2017,29.96,30.44,26.63,27.71
6/2/2017,29.64,30.88,28.38,29.96
6/1/2017,26.8,30.67,26.2,29.64
5/31/2017,23.98,27,23.2,26.8
5/30/2017,26.04,26.7,23.98,23.98
5/29/2017,24.4,26.49,23.1,26.04
5/28/2017,24.42,26.64,21.57,24.4
5/27/2017,23.05,25.71,19.22,24.42
5/26/2017,29.46,32,22,23.05
5/25/2017,37.05,38.43,27,29.46
5/24/2017,33.07,37.65,29.34,37.05
5/23/2017,25.52,33.27,25,33.07
5/22/2017,27.18,27.18,24.21,25.52
5/21/2017,28.4,28.81,25.8,27.18
5/20/2017,27.59,29,27.08,28.4
5/19/2017,27.5,28,26.59,27.59
5/18/2017,25.3,28.69,24.76,27.5
5/17/2017,22,25.77,20.01,25.3
5/16/2017,23.58,24,21,22
5/15/2017,27.45,27.57,20.01,23.58
5/14/2017,27.2,29.01,26.1,27.45
5/13/2017,26.16,27.2,23.77,27.2
5/12/2017,28.97,29.88,25.97,26.16
5/11/2017,29.91,30.9,26.21,28.97
5/10/2017,30.14,32.76,27.44,29.91
5/9/2017,27.21,30.38,23.8,30.14
5/8/2017,27.77,28.48,26.03,27.21
5/7/2017,26.49,28.9,25.8,27.77
5/6/2017,24.63,26.88,23.03,26.49
5/5/2017,21.54,26.88,20.55,24.63
5/4/2017,18.56,23.5,18.38,21.54
5/3/2017,15.2,19.2,15.03,18.56
5/2/2017,15.36,15.6,14.7,15.2
5/1/2017,15.25,15.8,14.64,15.36
4/30/2017,15.09,15.46,14.72,15.25
4/29/2017,13.69,15.13,13.58,15.09
4/28/2017,14.42,14.64,12.9,13.69
4/27/2017,14.6,14.72,13.3,14.42
4/26/2017,14.56,15.6,14.08,14.6
4/25/2017,14.44,14.8,13.52,14.56
4/24/2017,14.78,15.15,13.91,14.44
4/23/2017,13.77,15.29,13.74,14.78
4/22/2017,12.04,13.96,11.63,13.77
4/21/2017,11.18,12.7,10.96,12.04
4/20/2017,10.56,11.72,10.09,11.18
4/19/2017,11.05,11.43,10.2,10.56
4/18/2017,11.44,11.67,10.6,11.05
4/17/2017,11.87,12.98,11.21,11.44
4/16/2017,11.71,11.99,11.53,11.87
4/15/2017,11.8,12.32,11.2,11.71
4/14/2017,11.04,11.98,10.93,11.8
4/13/2017,11.68,11.8,10.77,11.04
4/12/2017,9.76,12.27,9.75,11.68
4/11/2017,9.9,10.55,9.45,9.76
4/10/2017,9.32,10.18,8.89,9.9
4/9/2017,10.75,10.93,8.9,9.32
4/8/2017,9.96,11.25,9.92,10.75
4/7/2017,10.88,11.25,9.4,9.96
4/6/2017,12.32,12.5,10,10.88
4/5/2017,8.94,12.69,8.72,12.32
4/4/2017,8.55,9.43,8.02,8.94
4/3/2017,8.13,9.14,7.45,8.55
4/2/2017,7.55,8.48,7.12,8.13
4/1/2017,7.08,7.6,6.58,7.55
3/31/2017,7.48,7.72,5.96,7.08
3/30/2017,4.34,8.32,4.27,7.48
3/29/2017,4.18,4.37,4.15,4.34
3/28/2017,4.08,4.22,4.06,4.18
3/27/2017,4.07,4.19,4.04,4.08
3/26/2017,4.06,4.13,4.01,4.07
3/25/2017,4.12,4.18,3.95,4.06
3/24/2017,4,4.3,3.85,4.12
3/23/2017,3.94,4.05,3.9,4
3/22/2017,4.03,4.07,3.83,3.94
3/21/2017,4.05,4.07,4,4.03
3/20/2017,3.98,4.07,3.92,4.05
3/19/2017,4.02,4.14,3.93,3.98
3/18/2017,4.18,4.32,3.84,4.02
3/17/2017,4.33,4.43,4.05,4.18
3/16/2017,4.31,4.57,4.17,4.33
3/15/2017,4.21,4.38,3.93,4.31
3/14/2017,4.4,4.4,4,4.21
3/13/2017,3.91,4.51,3.85,4.4
3/12/2017,3.84,3.91,3.82,3.91
3/11/2017,3.83,3.92,3.79,3.84
3/10/2017,3.9,4.07,3.75,3.83
3/9/2017,3.85,3.93,3.84,3.9
3/8/2017,3.96,3.99,3.81,3.85
3/7/2017,4.07,4.1,3.92,3.96
3/6/2017,4,4.09,3.97,4.07
3/5/2017,3.99,4.02,3.96,4
3/4/2017,4.12,4.12,3.92,3.99
3/3/2017,4.04,4.14,4,4.12
3/2/2017,3.85,4.28,3.83,4.04
3/1/2017,3.78,3.9,3.76,3.85
2/28/2017,3.85,3.9,3.77,3.78
2/27/2017,3.88,3.89,3.83,3.85
2/26/2017,3.86,3.91,3.82,3.88
2/25/2017,3.89,3.93,3.82,3.86
2/24/2017,3.81,3.92,3.67,3.89
2/23/2017,3.81,3.88,3.8,3.81
2/22/2017,3.81,3.85,3.09,3.81
2/21/2017,3.76,3.83,3.74,3.81
2/20/2017,3.77,3.8,3.74,3.76
2/19/2017,3.81,3.81,3.73,3.77
2/18/2017,3.84,3.87,3.77,3.81
2/17/2017,3.87,3.91,3.73,3.84
2/16/2017,3.81,3.9,3.8,3.87
2/15/2017,3.8,3.82,3.73,3.81
2/14/2017,3.75,3.8,3.69,3.8
2/13/2017,3.71,3.77,3.65,3.75
2/12/2017,3.82,3.82,3.71,3.71
2/11/2017,3.73,3.82,3.7,3.82
2/10/2017,3.72,3.79,3.56,3.73
2/9/2017,3.98,3.99,3.6,3.72
2/8/2017,3.95,4.01,3.76,3.98
2/7/2017,3.99,4,3.94,3.95
2/6/2017,4,4,3.96,3.99
2/5/2017,4.03,4.08,3.93,4
2/4/2017,4.05,4.09,3.94,4.03
2/3/2017,4.08,4.11,3.96,4.05
2/2/2017,4.02,4.11,3.94,4.08
2/1/2017,4.06,4.09,4.01,4.02
1/31/2017,3.97,4.13,3.97,4.06
1/30/2017,3.84,4.05,3.84,3.97
1/29/2017,3.86,3.88,3.81,3.84
1/28/2017,3.85,3.88,3.79,3.86
1/27/2017,3.84,3.87,3.76,3.85
1/26/2017,3.68,3.87,3.65,3.84
1/25/2017,3.73,3.78,3.64,3.68
1/24/2017,3.82,3.84,3.73,3.73
1/23/2017,3.81,3.84,3.79,3.82
1/22/2017,3.84,3.88,3.77,3.81
1/21/2017,3.84,3.9,3.84,3.84
1/20/2017,3.82,3.91,3.8,3.84
1/19/2017,3.8,3.92,3.75,3.82
1/18/2017,3.92,3.94,3.66,3.8
1/17/2017,3.83,3.95,3.8,3.92
1/16/2017,3.85,3.88,3.79,3.83
1/15/2017,3.88,3.89,3.76,3.85
1/14/2017,3.87,3.99,3.78,3.88
1/13/2017,3.91,4,3.72,3.87
1/12/2017,3.77,4.01,3.56,3.91
1/11/2017,4.58,4.63,3.58,3.77
1/10/2017,4.36,4.68,4.23,4.58
1/9/2017,3.99,4.45,3.88,4.36
1/8/2017,3.93,4.04,3.87,3.99
1/7/2017,3.83,4,3.54,3.93
1/6/2017,4.21,4.4,3.59,3.83
1/5/2017,4.54,4.72,3.92,4.21
1/4/2017,4.58,4.73,4.42,4.54
1/3/2017,4.62,4.7,4.49,4.58
1/2/2017,4.5,4.77,4.46,4.62
1/1/2017,4.34,4.54,4.33,4.5
12/31/2016,4.37,4.44,4.24,4.34
12/30/2016,4.52,4.52,4.15,4.37
12/29/2016,4.5,4.61,4.37,4.52
12/28/2016,4.36,4.63,4.35,4.5
12/27/2016,4.27,4.49,4.23,4.36
12/26/2016,4.28,4.4,4.15,4.27
12/25/2016,4.44,4.5,4.09,4.28
12/24/2016,4.47,4.71,4.35,4.44
12/23/2016,3.7,4.49,3.68,4.47
12/22/2016,3.65,3.79,3.6,3.7
12/21/2016,3.65,3.85,3.63,3.65
12/20/2016,3.65,3.66,3.63,3.65
12/19/2016,3.68,3.72,3.62,3.65
12/18/2016,3.7,3.71,3.65,3.68
12/17/2016,3.63,3.72,3.6,3.7
12/16/2016,3.64,3.67,3.56,3.63
12/15/2016,3.62,3.67,3.58,3.64
12/14/2016,3.64,3.66,3.57,3.62
12/13/2016,3.66,3.68,3.59,3.64
12/12/2016,3.64,3.69,3.62,3.66
12/11/2016,3.67,3.68,3.59,3.64
12/10/2016,3.68,3.7,3.66,3.67
12/9/2016,3.68,3.69,3.65,3.68
12/8/2016,3.63,3.72,3.61,3.68
12/7/2016,3.5,3.64,3.45,3.63
12/6/2016,3.49,3.53,3.42,3.5
12/5/2016,3.9,3.91,3.25,3.49
12/4/2016,3.91,3.93,3.88,3.9
12/3/2016,3.92,3.93,3.85,3.91
12/2/2016,3.9,3.96,3.89,3.92
12/1/2016,3.87,3.91,3.86,3.9
11/30/2016,3.84,3.9,3.83,3.87
11/29/2016,3.87,3.88,3.81,3.84
11/28/2016,3.86,3.89,3.85,3.87
11/27/2016,3.85,3.89,3.83,3.86
11/26/2016,3.88,3.89,3.81,3.85
11/25/2016,3.86,3.89,3.84,3.88
11/24/2016,3.9,3.92,3.82,3.86
11/23/2016,3.92,3.97,3.85,3.9
11/22/2016,3.92,3.97,3.86,3.92
11/21/2016,3.87,3.93,3.86,3.92
11/20/2016,3.95,3.97,3.83,3.87
11/19/2016,3.94,3.98,3.89,3.95
11/18/2016,3.9,3.99,3.88,3.94
11/17/2016,3.92,4,3.88,3.9
11/16/2016,3.89,4.03,3.88,3.92
11/15/2016,3.87,3.98,3.85,3.89
11/14/2016,3.87,3.91,3.83,3.87
11/13/2016,3.76,3.95,3.63,3.87
11/12/2016,3.81,3.82,3.71,3.76
11/11/2016,3.81,3.83,3.78,3.81
11/10/2016,3.86,3.87,3.78,3.81
11/9/2016,3.84,3.94,3.68,3.86
11/8/2016,3.85,3.87,3.81,3.84
11/7/2016,3.88,3.88,3.54,3.85
11/6/2016,3.86,3.9,3.8,3.88
11/5/2016,3.86,3.88,3.82,3.86
11/4/2016,3.82,3.89,3.78,3.86
11/3/2016,4.1,4.2,3.72,3.82
11/2/2016,4.08,4.14,4.04,4.1
11/1/2016,3.98,4.16,3.96,4.08
10/31/2016,4.01,4.03,3.96,3.98
10/30/2016,4.07,4.07,3.99,4.01
10/29/2016,3.95,4.1,3.94,4.07
10/28/2016,4,4.01,3.92,3.95
10/27/2016,3.94,4.04,3.93,4
10/26/2016,3.84,3.95,3.84,3.94
10/25/2016,3.85,3.9,3.84,3.84
10/24/2016,3.88,3.89,3.83,3.85
10/23/2016,3.85,3.93,3.85,3.88
10/22/2016,3.8,3.92,3.79,3.85
10/21/2016,3.77,3.81,3.76,3.8
10/20/2016,3.79,3.79,3.76,3.77
10/19/2016,3.82,3.84,3.74,3.79
10/18/2016,3.84,3.87,3.8,3.82
10/17/2016,3.87,3.88,3.81,3.84
10/16/2016,3.86,3.89,3.85,3.87
10/15/2016,3.87,3.9,3.84,3.86
10/14/2016,3.9,3.91,3.84,3.87
10/13/2016,3.8,3.93,3.79,3.9
10/12/2016,3.81,3.82,3.78,3.8
10/11/2016,3.77,3.85,3.77,3.81
10/10/2016,3.81,3.85,3.71,3.77
10/9/2016,3.82,3.83,3.76,3.81
10/8/2016,3.84,3.85,3.8,3.82
10/7/2016,3.83,3.85,3.82,3.84
10/6/2016,3.83,3.84,3.82,3.83
10/5/2016,3.82,3.86,3.82,3.83
10/4/2016,3.83,3.84,3.81,3.82
10/3/2016,3.84,3.84,3.83,3.83
10/2/2016,3.83,3.86,3.82,3.84
10/1/2016,3.83,3.85,3.8,3.83
9/30/2016,3.84,3.84,3.79,3.83
9/29/2016,3.83,3.85,3.82,3.84
9/28/2016,3.84,3.85,3.82,3.83
9/27/2016,3.84,3.88,3.82,3.84
9/26/2016,3.8,3.86,3.78,3.84
9/25/2016,3.8,3.81,3.77,3.8
9/24/2016,3.8,3.83,3.79,3.8
9/23/2016,3.76,3.82,3.75,3.8
9/22/2016,3.77,3.78,3.74,3.76
9/21/2016,3.81,3.81,3.71,3.77
9/20/2016,3.82,3.83,3.8,3.81
9/19/2016,3.83,3.84,3.8,3.82
9/18/2016,3.8,3.83,3.78,3.83
9/17/2016,3.81,3.82,3.78,3.8
9/16/2016,3.8,3.82,3.79,3.81
9/15/2016,3.82,3.83,3.77,3.8
9/14/2016,3.81,3.85,3.8,3.82
9/13/2016,3.8,3.83,3.75,3.81
9/12/2016,3.85,3.85,3.71,3.8
9/11/2016,3.95,3.99,3.8,3.85
9/10/2016,3.95,3.99,3.93,3.95
9/9/2016,3.98,3.98,3.92,3.95
9/8/2016,3.96,4.02,3.92,3.98
9/7/2016,3.95,3.97,3.89,3.96
9/6/2016,3.97,3.99,3.91,3.95
9/5/2016,4.02,4.02,3.94,3.97
9/4/2016,3.91,4.04,3.88,4.02
9/3/2016,3.81,3.93,3.79,3.91
9/2/2016,3.82,3.83,3.79,3.81
9/1/2016,3.78,3.85,3.77,3.82
8/31/2016,3.81,3.81,3.75,3.78
8/30/2016,3.76,3.84,3.74,3.81
8/29/2016,3.74,3.79,3.73,3.76
8/28/2016,3.72,3.77,3.7,3.74
8/27/2016,3.81,3.82,3.66,3.72
8/26/2016,3.79,3.84,3.77,3.81
8/25/2016,3.82,3.86,3.75,3.79
8/24/2016,3.93,3.94,3.8,3.82
8/23/2016,3.65,3.99,3.64,3.93
8/22/2016,3.61,3.66,3.61,3.65
8/21/2016,3.62,3.64,3.6,3.61
8/20/2016,3.6,3.64,3.59,3.62
8/19/2016,3.59,3.63,3.58,3.6
8/18/2016,3.59,3.62,3.58,3.59
8/17/2016,3.63,3.64,3.58,3.59
8/16/2016,3.59,3.65,3.55,3.63
8/15/2016,3.66,3.67,3.54,3.59
8/14/2016,3.72,3.74,3.62,3.66
8/13/2016,3.73,3.78,3.7,3.72
8/12/2016,3.76,3.77,3.68,3.73
8/11/2016,3.78,3.8,3.73,3.76
8/10/2016,3.77,3.83,3.71,3.78
8/9/2016,3.78,3.79,3.73,3.77
8/8/2016,3.76,3.81,3.74,3.78
8/7/2016,3.75,3.81,3.69,3.76
8/6/2016,3.69,3.76,3.65,3.75
8/5/2016,3.7,3.71,3.63,3.69
8/4/2016,3.68,3.74,3.66,3.7
8/3/2016,3.52,3.74,3.5,3.68
8/2/2016,3.91,3.92,3.3,3.52
8/1/2016,3.95,3.96,3.9,3.91
7/31/2016,4.08,4.09,3.94,3.95
7/30/2016,4.09,4.14,4.06,4.08
7/29/2016,3.97,4.12,3.95,4.09
7/28/2016,3.96,3.99,3.95,3.97
7/27/2016,3.97,4,3.9,3.96
7/26/2016,4.04,4.05,3.94,3.97
7/25/2016,4.07,4.07,4.02,4.04
7/24/2016,4.05,4.09,4.01,4.07
7/23/2016,4.04,4.06,3.99,4.05
7/22/2016,4.13,4.15,4,4.04
7/21/2016,4.14,4.15,4.11,4.13
7/20/2016,4.16,4.18,4.11,4.14
7/19/2016,4.17,4.18,4.14,4.16
7/18/2016,4.18,4.2,4.14,4.17
7/17/2016,4.14,4.26,4.12,4.18
7/16/2016,4.16,4.17,4.1,4.14
7/15/2016,4.15,4.18,4.14,4.16
7/14/2016,4.17,4.34,4.12,4.15
7/13/2016,4.2,4.2,4.13,4.17
7/12/2016,4.11,4.22,4.07,4.2
7/11/2016,4.12,4.22,4.05,4.11
7/10/2016,4.16,4.16,4.05,4.12
7/9/2016,4.23,4.25,3.9,4.16
7/8/2016,4.11,4.25,3.99,4.23
7/7/2016,4.46,4.54,3.89,4.11
7/6/2016,4.43,4.52,4.41,4.46
7/5/2016,4.53,4.57,4.34,4.43
7/4/2016,4.33,4.55,4.16,4.53
7/3/2016,4.64,4.67,4.15,4.33
7/2/2016,4.29,4.76,4.26,4.64
7/1/2016,4.21,4.4,4.18,4.29
6/30/2016,4.07,4.26,3.84,4.21
6/29/2016,4.12,4.12,4.02,4.07
6/28/2016,4.11,4.21,4.05,4.12
6/27/2016,4.06,4.2,4,4.11
6/26/2016,4.26,4.28,3.93,4.06
6/25/2016,4.24,4.46,3.86,4.26
6/24/2016,3.85,4.39,3.83,4.24
6/23/2016,3.85,3.96,3.31,3.85
6/22/2016,4.86,4.9,3.79,3.85
6/21/2016,5.31,5.34,4.45,4.86
6/20/2016,5.6,5.6,5.19,5.31
6/19/2016,5.56,5.65,5.48,5.6
6/18/2016,5.55,16.86,5.39,5.56
6/17/2016,5.69,6.11,5.05,5.55
6/16/2016,5.24,5.75,5.23,5.69
6/15/2016,5.25,5.28,5.16,5.24
6/14/2016,5.33,5.38,4.93,5.25
6/13/2016,5.32,6,5.04,5.33
6/12/2016,4.98,5.55,4.98,5.32
6/11/2016,4.89,5.01,4.87,4.98
6/10/2016,4.77,4.92,4.7,4.89
6/9/2016,4.8,4.83,4.67,4.77
6/8/2016,4.79,4.83,4.7,4.8
6/7/2016,4.97,5.03,4.72,4.79
6/6/2016,4.81,5.44,4.75,4.97
6/5/2016,4.78,4.85,4.72,4.81
6/4/2016,4.86,4.92,4.71,4.78
6/3/2016,4.72,4.88,4.69,4.86
6/2/2016,4.74,4.78,4.67,4.72
6/1/2016,4.64,5.06,4.6,4.74
5/31/2016,4.68,4.75,4.48,4.64
5/30/2016,4.51,4.73,4.36,4.68
5/29/2016,4.72,5.1,4.3,4.51
5/28/2016,4.56,4.97,4.46,4.72
5/27/2016,4.09,4.72,4.08,4.56
5/26/2016,4.04,4.1,3.98,4.09
5/25/2016,3.94,4.04,3.91,4.04
5/24/2016,3.98,4.03,3.91,3.94
5/23/2016,3.94,4,3.9,3.98
5/22/2016,3.97,4.01,3.91,3.94
5/21/2016,3.9,4.02,3.88,3.97
5/20/2016,3.85,3.94,3.81,3.9
5/19/2016,4.01,4.04,3.82,3.85
5/18/2016,3.98,4.06,3.95,4.01
5/17/2016,4.02,4.04,3.95,3.98
5/16/2016,4.07,4.19,3.95,4.02
5/15/2016,4,4.12,3.96,4.07
5/14/2016,3.94,4.06,3.9,4
5/13/2016,3.85,3.97,3.83,3.94
5/12/2016,3.88,3.98,3.73,3.85
5/11/2016,3.78,3.91,3.77,3.88
5/10/2016,4.1,4.19,3.76,3.78
5/9/2016,3.93,4.15,3.9,4.1
5/8/2016,3.96,3.98,3.88,3.93
5/7/2016,3.8,4.03,3.8,3.96
5/6/2016,3.71,3.8,3.7,3.8
5/5/2016,3.73,3.76,3.69,3.71
5/4/2016,3.73,3.79,3.71,3.73
5/3/2016,3.68,3.78,3.66,3.73
5/2/2016,3.7,3.8,3.63,3.68
5/1/2016,3.65,3.73,3.63,3.7
4/30/2016,3.8,3.9,3.62,3.65
4/29/2016,3.81,3.95,3.66,3.8
4/28/2016,3.98,3.98,3.63,3.81
4/27/2016,4.01,4.25,3.81,3.98
4/26/2016,3.81,4.2,3.71,4.01
4/25/2016,3.63,3.9,3.49,3.81
4/24/2016,3.36,3.67,3.35,3.63
4/23/2016,3.32,3.4,3.31,3.36
4/22/2016,3.35,3.37,3.3,3.32
4/21/2016,3.28,3.36,3.26,3.35
4/20/2016,3.28,3.34,3.25,3.28
4/19/2016,3.26,3.3,3.23,3.28
4/18/2016,3.26,3.27,3.23,3.26
4/17/2016,3.28,3.3,3.23,3.26
4/16/2016,3.28,3.34,3.25,3.28
4/15/2016,3.24,3.33,3.24,3.28
4/14/2016,3.25,3.27,3.23,3.24
4/13/2016,3.26,3.3,3.23,3.25
4/12/2016,3.23,3.29,3.22,3.26
4/11/2016,3.23,3.25,3.21,3.23
4/10/2016,3.21,3.24,3.2,3.23
4/9/2016,3.21,3.24,3.16,3.21
4/8/2016,3.22,3.25,3.19,3.21
4/7/2016,3.25,3.25,3.2,3.22
4/6/2016,3.26,3.28,3.23,3.25
4/5/2016,3.24,3.27,3.23,3.26
4/4/2016,3.26,3.27,3.21,3.24
4/3/2016,3.26,3.26,3.24,3.26
4/2/2016,3.22,3.28,3.19,3.26
4/1/2016,3.23,3.25,3.19,3.22
3/31/2016,3.21,3.25,3.2,3.23
3/30/2016,3.21,3.23,3.16,3.21
3/29/2016,3.25,3.29,3.12,3.21
3/28/2016,3.29,3.29,3.22,3.25
3/27/2016,3.22,3.33,3.16,3.29
3/26/2016,3.22,3.25,3.2,3.22
3/25/2016,3.21,3.23,3.19,3.22
3/24/2016,3.22,3.25,3.19,3.21
3/23/2016,3.21,3.28,3.19,3.22
3/22/2016,3.18,3.24,3.18,3.21
3/21/2016,3.2,3.22,3.14,3.18
3/20/2016,3.16,3.21,3.16,3.2
3/19/2016,3.16,3.21,3.11,3.16
3/18/2016,3.29,3.3,3.12,3.16
3/17/2016,3.29,3.33,3.26,3.29
3/16/2016,3.29,3.33,3.27,3.29
3/15/2016,3.29,3.32,3.22,3.29
3/14/2016,3.29,3.33,3.27,3.29
3/13/2016,3.27,3.32,3.25,3.29
3/12/2016,3.36,3.39,3.25,3.27
3/11/2016,3.27,3.4,3.26,3.36
3/10/2016,3.26,3.29,3.23,3.27
3/9/2016,3.23,3.3,3.2,3.26
3/8/2016,3.25,3.25,3.18,3.23
3/7/2016,3.19,3.26,3.14,3.25
3/6/2016,3.18,3.23,3.12,3.19
3/5/2016,3.24,3.25,3.1,3.18
3/4/2016,3.31,3.35,3.22,3.24
3/3/2016,3.37,3.38,3.28,3.31
3/2/2016,3.42,3.43,3.31,3.37
3/1/2016,3.43,3.49,3.34,3.42
2/29/2016,3.43,3.5,3.39,3.43
2/28/2016,3.4,3.5,3.3,3.43
2/27/2016,3.39,3.43,3.35,3.4
2/26/2016,3.35,3.4,3.23,3.39
2/25/2016,3.35,3.42,3.29,3.35
2/24/2016,3.38,3.41,3.28,3.35
2/23/2016,3.48,3.55,3.3,3.38
2/22/2016,3.44,3.53,3.4,3.48
2/21/2016,3.47,3.57,3.31,3.44
2/20/2016,3.24,3.8,3.23,3.47
2/19/2016,3.25,3.31,3.21,3.24
2/18/2016,3.22,3.28,3.17,3.25
2/17/2016,3.19,3.26,2.86,3.22
2/16/2016,3.15,3.24,3.06,3.19
2/15/2016,3.2,3.24,3.14,3.15
2/14/2016,3.12,3.2,3.11,3.2
2/13/2016,3.09,3.15,3.08,3.12
2/12/2016,3.08,3.12,3.03,3.09
2/11/2016,3.09,3.12,3.06,3.08
2/10/2016,3.07,3.12,3.04,3.09
2/9/2016,3.06,3.09,3.04,3.07
2/8/2016,3.08,3.1,3.05,3.06
2/7/2016,3.07,3.11,3.06,3.08
2/6/2016,3.12,3.16,3.04,3.07
2/5/2016,3.15,3.15,3.04,3.12
2/4/2016,3.03,3.19,3.03,3.15
2/3/2016,3.06,3.1,2.98,3.03
2/2/2016,3.05,3.09,3.04,3.06
2/1/2016,3.05,3.1,3,3.05
1/31/2016,3.05,3.1,3.02,3.05
1/30/2016,3.1,3.11,3.03,3.05
1/29/2016,3.08,3.13,3.02,3.1
1/28/2016,3.27,3.3,3.04,3.08
1/27/2016,3.13,3.3,3.12,3.27
1/26/2016,3.11,3.2,3.06,3.13
1/25/2016,3.18,3.18,3.08,3.11
1/24/2016,3.11,3.22,3.06,3.18
1/23/2016,3.05,3.18,3.03,3.11
1/22/2016,3.21,3.25,3.02,3.05
1/21/2016,3.38,3.42,3.06,3.21
1/20/2016,3,3.46,2.97,3.38
1/19/2016,3.03,3.04,2.99,3
1/18/2016,3.02,3.05,2.94,3.03
1/17/2016,3.05,3.08,3.01,3.02
1/16/2016,3.13,3.13,2.88,3.05
1/15/2016,3.45,3.45,3.1,3.13
1/14/2016,3.47,3.48,3.43,3.45
1/13/2016,3.52,3.52,3.4,3.47
1/12/2016,3.56,3.57,3.5,3.52
1/11/2016,3.53,3.6,3.51,3.56
1/10/2016,3.56,3.57,3.44,3.53
1/9/2016,3.57,3.59,3.54,3.56
1/8/2016,3.6,3.65,3.52,3.57
1/7/2016,3.45,3.61,3.43,3.6
1/6/2016,3.46,3.47,3.42,3.45
1/5/2016,3.5,3.5,3.44,3.46
1/4/2016,3.48,3.51,3.46,3.5
1/3/2016,3.49,3.51,3.42,3.48
1/2/2016,3.51,3.52,3.42,3.49
1/1/2016,3.48,3.55,3.45,3.51
12/31/2015,3.46,3.49,3.38,3.48
12/30/2015,3.52,3.52,3.41,3.46
12/29/2015,3.46,3.53,3.4,3.52
12/28/2015,3.47,3.54,3.44,3.46
12/27/2015,3.38,3.49,3.34,3.47
12/26/2015,3.61,3.63,3.3,3.38
12/25/2015,3.62,3.67,3.55,3.61
12/24/2015,3.57,3.7,3.56,3.62
12/23/2015,3.4,3.61,3.4,3.57
12/22/2015,3.44,3.45,3.37,3.4
12/21/2015,3.54,3.55,3.4,3.44
12/20/2015,3.74,3.74,3.45,3.54
12/19/2015,3.76,3.82,3.65,3.74
12/18/2015,3.74,3.81,3.7,3.76
12/17/2015,3.69,3.78,3.64,3.74
12/16/2015,3.83,3.85,3.6,3.69
12/15/2015,3.59,3.88,3.59,3.83
12/14/2015,3.56,3.61,3.55,3.59
12/13/2015,3.56,3.56,3.56,3.56
12/12/2015,3.85,4.01,3.4,3.56
12/11/2015,3.64,3.88,3.59,3.85
12/10/2015,3.66,3.7,3.54,3.64
12/9/2015,3.65,3.73,3.57,3.66
12/8/2015,3.64,3.67,3.51,3.65
12/7/2015,3.49,3.75,3.4,3.64
12/6/2015,3.56,3.62,3.41,3.49
12/5/2015,3.36,3.59,3.36,3.56
12/4/2015,3.38,3.4,3.32,3.36
12/3/2015,3.37,3.46,3.33,3.38
12/2/2015,3.42,3.44,3.27,3.37
12/1/2015,3.64,3.66,3.35,3.42
11/30/2015,3.68,3.77,3.58,3.64
11/29/2015,3.52,3.73,3.44,3.68
11/28/2015,3.61,3.61,3.46,3.52
11/27/2015,3.62,3.68,3.53,3.61
11/26/2015,3.29,3.76,3.28,3.62
11/25/2015,3.11,3.39,3.06,3.29
11/24/2015,3.13,3.15,3.09,3.11
11/23/2015,3.14,3.18,3.07,3.13
11/22/2015,3.14,3.17,3.11,3.14
11/21/2015,3.13,3.18,3.11,3.14
11/20/2015,3.13,3.16,3.05,3.13
11/19/2015,3.2,3.23,3.08,3.13
11/18/2015,3.2,3.23,3.15,3.2
11/17/2015,3.2,3.28,3.14,3.2
11/16/2015,3.07,3.22,3.02,3.2
11/15/2015,3.18,3.24,3,3.07
11/14/2015,3.21,3.28,3.17,3.18
11/13/2015,3.26,3.43,3.12,3.21
11/12/2015,2.94,3.32,2.94,3.26
11/11/2015,3.08,3.13,2.81,2.94
11/10/2015,3.39,3.46,2.99,3.08
11/9/2015,3.42,3.47,3.11,3.39
11/8/2015,3.57,3.65,3.3,3.42
11/7/2015,3.49,3.69,3.47,3.57
11/6/2015,3.83,3.86,3.28,3.49
11/5/2015,3.98,4.35,3.67,3.83
11/4/2015,4.6,5.4,3.53,3.98
11/3/2015,4.17,4.87,4.09,4.6
11/2/2015,3.9,4.29,3.8,4.17
11/1/2015,3.7,3.95,3.65,3.9
10/31/2015,4,4.06,3.6,3.7
10/30/2015,3.95,4.4,3.72,4
10/29/2015,3.11,4.06,3.05,3.95
10/28/2015,3.11,3.16,3.09,3.11
10/27/2015,3.12,3.16,3.09,3.11
10/26/2015,3.13,3.15,3,3.12
10/25/2015,3.13,3.24,3.08,3.13
10/24/2015,3.13,3.15,3.11,3.13
10/23/2015,3.13,3.16,3.11,3.13
10/22/2015,3.09,3.16,3.06,3.13
10/21/2015,3.09,3.13,3.06,3.09
10/20/2015,3.06,3.12,3.05,3.09
10/19/2015,3.02,3.09,3,3.06
10/18/2015,3.11,3.12,2.99,3.02
10/17/2015,3.14,3.19,3.01,3.11
10/16/2015,3.1,3.21,3.06,3.14
10/15/2015,3.14,3.16,3.09,3.1
10/14/2015,3.2,3.22,3.05,3.14
10/13/2015,3.16,3.24,3.12,3.2
10/12/2015,3.16,3.2,3.11,3.16
10/11/2015,3.11,3.17,3.09,3.16
10/10/2015,3.12,3.18,3.08,3.11
10/9/2015,3.06,3.15,3.05,3.12
10/8/2015,3.06,3.12,3.02,3.06
10/7/2015,3.16,3.2,3.04,3.06
10/6/2015,3.01,3.18,2.98,3.16
10/5/2015,2.99,3.04,2.96,3.01
10/4/2015,3.03,3.08,2.98,2.99
10/3/2015,2.99,3.08,2.98,3.03
10/2/2015,3,3.01,2.95,2.99
10/1/2015,3,3.03,2.94,3
9/30/2015,3,3.07,2.95,3
9/29/2015,3.1,3.27,2.96,3
9/28/2015,2.88,3.1,2.87,3.1
9/27/2015,2.88,2.9,2.85,2.88
9/26/2015,2.9,2.91,2.8,2.88
9/25/2015,2.93,2.97,2.83,2.9
9/24/2015,2.87,2.96,2.84,2.93
9/23/2015,2.85,2.92,2.84,2.87
9/22/2015,2.8,2.95,2.77,2.85
9/21/2015,2.85,2.86,2.75,2.8
9/20/2015,2.87,2.88,2.78,2.85
9/19/2015,2.95,2.98,2.83,2.87
9/18/2015,2.93,3.01,2.91,2.95
9/17/2015,2.81,2.95,2.79,2.93
9/16/2015,2.83,2.87,2.77,2.81
9/15/2015,2.85,2.86,2.79,2.83
9/14/2015,2.82,2.88,2.78,2.85
9/13/2015,2.86,2.87,2.77,2.82
9/12/2015,2.97,2.98,2.82,2.86
9/11/2015,2.93,3,2.9,2.97
9/10/2015,2.94,2.99,2.9,2.93
9/9/2015,3.04,3.06,2.9,2.94
9/8/2015,3.05,3.16,2.98,3.04
9/7/2015,3.08,3.12,3,3.05
9/6/2015,3.03,3.2,2.99,3.08
9/5/2015,2.72,2.72,2.65,2.69
9/4/2015,2.63,2.76,2.63,2.72
9/3/2015,2.79,2.81,2.56,2.63
9/2/2015,2.83,2.83,2.74,2.79
9/1/2015,2.83,2.89,2.8,2.83
8/31/2015,2.82,2.87,2.76,2.83
8/30/2015,2.92,2.92,2.92,2.92
8/29/2015,2.9,2.93,2.89,2.92
8/28/2015,2.84,2.98,2.66,2.9
8/27/2015,2.94,2.99,2.82,2.84
8/26/2015,2.95,3.04,2.82,2.94
8/25/2015,2.99,3.06,2.42,2.95
8/24/2015,3.4,3.4,2.93,2.99
8/23/2015,3.52,3.57,3.32,3.4
8/22/2015,3.58,3.61,3.4,3.52
8/21/2015,3.59,3.65,3.53,3.58
8/20/2015,3.52,3.7,3.51,3.59
8/19/2015,3.88,3.9,3.38,3.52
8/18/2015,4,4.02,3.86,3.88
8/17/2015,3.98,4.06,3.93,4
8/16/2015,3.96,4.02,3.88,3.98
8/15/2015,4.06,4.09,3.9,3.96
8/14/2015,3.89,4.1,3.83,4.06
8/13/2015,4.08,4.08,3.83,3.89
8/12/2015,4.13,4.18,3.93,4.08
8/11/2015,3.93,4.15,3.91,4.13
8/10/2015,3.89,4,3.83,3.93
8/9/2015,3.86,3.99,3.78,3.89
8/8/2015,4.21,4.27,3.63,3.86
8/7/2015,4.06,4.3,3.94,4.21
8/6/2015,4.36,4.38,3.99,4.06
8/5/2015,4.39,4.47,4.28,4.36
8/4/2015,4.23,4.52,4.14,4.39
8/3/2015,4.17,4.43,4.02,4.23
8/2/2015,4.18,4.2,3.74,4.17
8/1/2015,4.61,4.66,4.05,4.18
7/31/2015,4.58,4.85,4.46,4.61
7/30/2015,4.79,4.79,4.49,4.58
7/29/2015,5.09,5.16,4.59,4.79
7/28/2015,4.66,5.21,4.65,5.09
7/27/2015,4.63,4.75,4.54,4.66
7/26/2015,4.66,4.78,4.41,4.63
7/25/2015,4.65,5,4.46,4.66
7/24/2015,3.78,4.85,3.73,4.65
7/23/2015,3.81,3.85,3.72,3.78
7/22/2015,3.75,3.86,3.64,3.81
7/21/2015,3.93,4.03,3.7,3.75
7/20/2015,3.62,3.97,3.6,3.93
7/19/2015,3.94,4.15,3.55,3.62
7/18/2015,3.75,4.39,3.71,3.94
7/17/2015,3.63,4.06,3.48,3.75
7/16/2015,4.22,4.3,3.2,3.52
7/15/2015,4.62,4.82,4.1,4.22
7/14/2015,4.65,4.98,4.4,4.62
7/13/2015,5.27,5.35,4.22,4.65
7/12/2015,4.3,5.4,4.18,5.27
7/11/2015,4.38,4.94,3.62,4.3
7/10/2015,7.76,8.86,2.9,4.38
7/9/2015,6.16,7.84,5.93,7.76
7/8/2015,5.41,6.31,5.12,6.16
7/7/2015,5.5,5.54,4.89,5.41
7/6/2015,5.68,5.72,5.5,5.5
7/5/2015,3.99,3.99,3.99,3.99
7/4/2015,3.99,3.99,3.99,3.99
7/3/2015,3.99,3.99,3.99,3.99
7/2/2015,3.99,3.99,3.99,3.99
7/1/2015,4.08,4.13,3.75,3.99
6/30/2015,3.78,4.36,3.69,4.08
6/29/2015,3.05,3.93,3,3.78
6/28/2015,3.09,3.13,2.99,3.05
6/27/2015,2.85,3.12,2.82,3.09
6/26/2015,2.84,2.92,2.79,2.85
6/25/2015,2.8,2.89,2.61,2.84
6/24/2015,2.96,2.96,2.76,2.8
6/23/2015,3.02,3.02,2.94,2.96
6/22/2015,3.01,3.06,2.92,3.02
6/21/2015,3.04,3.06,2.85,3.01
6/20/2015,2.8,3.11,2.69,3.04
6/19/2015,3.09,3.12,2.67,2.8
6/18/2015,2.87,3.14,2.87,3.09
6/17/2015,2.83,1000,2.62,2.87
6/16/2015,2.01,2.89,2,2.83
6/15/2015,1.99,2.03,1.99,2.01
6/14/2015,1.85,2.07,1.84,1.99
6/13/2015,1.8,1.86,1.78,1.85
6/12/2015,1.79,1.81,1.78,1.8
6/11/2015,1.75,1.8,1.75,1.79
6/10/2015,1.79,1.79,1.73,1.75
6/9/2015,1.78,1.8,1.77,1.79
6/8/2015,1.73,1.8,1.72,1.78
6/7/2015,1.75,1.77,1.71,1.73
6/6/2015,1.74,1.78,1.74,1.75
6/5/2015,1.66,1.77,1.65,1.74
6/4/2015,1.67,1.68,1.65,1.66
6/3/2015,1.66,1.7,1.64,1.67
6/2/2015,1.61,1.68,1.59,1.66
6/1/2015,1.63,1.68,1.58,1.61
5/31/2015,1.8,1.81,1.62,1.63
5/30/2015,1.82,1.82,1.78,1.8
5/29/2015,1.83,1.84,1.79,1.82
5/28/2015,1.84,1.85,1.8,1.83
5/27/2015,1.81,1.87,1.8,1.84
5/26/2015,1.8,1.81,1.77,1.81
5/25/2015,1.8,1.81,1.79,1.8
5/24/2015,1.78,1.84,1.77,1.81
5/23/2015,1.83,1.9,1.76,1.78
5/22/2015,1.47,1.91,1.47,1.83
5/21/2015,1.45,1.48,1.44,1.47
5/20/2015,1.45,1.45,1.44,1.45
5/19/2015,1.44,1.46,1.44,1.45
5/18/2015,1.45,1.46,1.44,1.44
5/17/2015,1.45,1.46,1.44,1.45
5/16/2015,1.45,1.45,1.44,1.45
5/15/2015,1.44,1.45,1.43,1.45
5/14/2015,1.43,1.45,1.43,1.44
5/13/2015,1.45,1.47,1.42,1.43
5/12/2015,1.44,1.45,1.44,1.45
5/11/2015,1.43,1.45,1.42,1.44
5/10/2015,1.44,1.45,1.41,1.43
5/9/2015,1.47,1.49,1.43,1.44
5/8/2015,1.46,1.5,1.44,1.47
5/7/2015,1.39,1.5,1.37,1.46
5/6/2015,1.4,1.41,1.38,1.39
5/5/2015,1.41,1.43,1.38,1.4
5/4/2015,1.43,1.44,1.39,1.41
5/3/2015,1.41,1.44,1.4,1.43
5/2/2015,1.41,1.42,1.39,1.41
5/1/2015,1.43,1.44,1.4,1.41
4/30/2015,1.35,1.45,1.35,1.43
4/29/2015,1.36,1.36,1.34,1.35
4/28/2015,1.37,1.38,1.34,1.36
4/27/2015,1.32,1.38,1.31,1.37
4/26/2015,1.39,1.4,1.29,1.32
4/25/2015,1.42,1.43,1.32,1.39
4/24/2015,1.45,1.46,1.41,1.42
4/23/2015,1.46,1.46,1.43,1.45
4/22/2015,1.43,1.48,1.42,1.46
4/21/2015,1.42,1.43,1.42,1.43
4/20/2015,1.39,1.39,1.39,1.39
4/19/2015,1.39,1.39,1.39,1.39
4/18/2015,1.4,1.42,1.38,1.39
4/17/2015,1.41,1.44,1.39,1.4
4/16/2015,1.38,1.43,1.36,1.41
4/15/2015,1.38,1.43,1.32,1.38
4/14/2015,1.36,1.39,1.33,1.38
4/13/2015,1.46,1.49,1.35,1.36
4/12/2015,1.45,1.49,1.44,1.46
4/11/2015,1.52,1.54,1.41,1.45
4/10/2015,1.58,1.59,1.5,1.52
4/9/2015,1.62,1.63,1.53,1.58
4/8/2015,1.67,1.68,1.6,1.62
4/7/2015,1.67,1.68,1.66,1.67
4/6/2015,1.67,1.67,1.67,1.67
4/5/2015,1.67,1.67,1.67,1.67
4/4/2015,1.69,1.7,1.67,1.67
4/3/2015,1.68,1.71,1.67,1.69
4/2/2015,1.66,1.69,1.65,1.68
4/1/2015,1.65,1.68,1.62,1.66
3/31/2015,1.67,1.68,1.64,1.65
3/30/2015,1.65,1.68,1.63,1.67
3/29/2015,1.7,1.7,1.64,1.65
3/28/2015,1.68,1.71,1.67,1.7
3/27/2015,1.69,1.7,1.66,1.68
3/26/2015,1.66,1.73,1.66,1.69
3/25/2015,1.64,1.8,1.6,1.66
3/24/2015,1.77,1.78,1.64,1.64
3/23/2015,1.79,1.8,1.74,1.77
3/22/2015,1.74,1.8,1.73,1.79
3/21/2015,1.76,1.76,1.71,1.74
3/20/2015,1.75,1.8,1.74,1.76
3/19/2015,1.74,1.79,1.61,1.75
3/18/2015,1.99,1.99,1.71,1.74
3/17/2015,2.03,2.06,1.94,1.99
3/16/2015,2.01,2.07,2.01,2.03
3/15/2015,1.99,2.04,1.99,2.01
3/14/2015,2.01,2.02,1.99,1.99
3/13/2015,2.04,2.05,2,2.01
3/12/2015,2.02,2.08,1.99,2.04
3/11/2015,2.01,2.04,1.98,2.02
3/10/2015,1.94,2.09,1.93,2.01
3/9/2015,1.89,1.95,1.88,1.94
3/8/2015,1.91,1.92,1.87,1.89
3/7/2015,1.89,1.92,1.87,1.91
3/6/2015,1.91,1.93,1.87,1.89
3/5/2015,1.93,1.94,1.85,1.91
3/4/2015,1.94,1.98,1.91,1.93
3/3/2015,1.93,1.98,1.9,1.94
3/2/2015,1.89,1.96,1.86,1.92
3/1/2015,1.84,1.93,1.8,1.88
2/28/2015,1.84,1.86,1.81,1.84
2/27/2015,1.81,1.89,1.79,1.84
2/26/2015,1.8,1.81,1.79,1.81
2/25/2015,1.82,1.83,1.79,1.8
2/24/2015,1.81,1.84,1.8,1.82
2/23/2015,1.8,1.83,1.79,1.81
2/22/2015,1.84,1.87,1.78,1.8
2/21/2015,1.84,1.87,1.83,1.84
2/20/2015,1.85,1.87,1.83,1.84
2/19/2015,1.81,1.85,1.8,1.85
2/18/2015,1.85,1.86,1.79,1.81
2/17/2015,1.8,1.89,1.78,1.85
2/16/2015,1.83,1.86,1.79,1.8
2/15/2015,1.96,2.04,1.8,1.83
2/14/2015,1.82,1.97,1.81,1.96
2/13/2015,1.75,1.86,1.74,1.82
2/12/2015,1.73,1.76,1.71,1.75
2/11/2015,1.76,1.8,1.71,1.73
2/10/2015,1.73,1.8,1.68,1.76
2/9/2015,1.78,1.79,1.71,1.73
2/8/2015,1.8,1.82,1.74,1.78
2/7/2015,1.79,1.83,1.78,1.8
2/6/2015,1.74,1.81,1.73,1.79
2/5/2015,1.8,1.81,1.72,1.74
2/4/2015,1.83,1.85,1.75,1.8
2/3/2015,1.78,1.95,1.78,1.83
2/2/2015,1.84,1.85,1.73,1.78
2/1/2015,1.88,1.88,1.66,1.84
1/31/2015,1.92,1.94,1.85,1.88
1/30/2015,1.89,2,1.89,1.92
1/29/2015,1.93,1.98,1.84,1.89
1/28/2015,2.08,2.16,1.85,1.93
1/27/2015,2.06,2.18,1.88,2.08
1/26/2015,2.22,2.37,2.02,2.06
1/25/2015,1.86,2.39,1.83,2.22
1/24/2015,1.43,1.88,1.41,1.86
1/23/2015,1.41,1.43,1.36,1.43
1/22/2015,1.36,1.45,1.36,1.41
1/21/2015,1.31,1.37,1.31,1.36
1/20/2015,1.33,1.34,1.28,1.31
1/19/2015,1.32,1.35,1.29,1.33
1/18/2015,1.28,1.37,1.21,1.32
1/17/2015,1.4,1.41,1.23,1.28
1/16/2015,1.29,1.48,1.26,1.4
1/15/2015,1.12,1.37,1.12,1.29
1/14/2015,1.54,1.57,1.12,1.12
1/13/2015,1.73,1.73,1.53,1.54
1/12/2015,1.66,1.79,1.66,1.73
1/11/2015,1.63,1.88,1.62,1.66
1/10/2015,1.98,1.99,1.55,1.63
1/9/2015,2,2.01,1.94,1.98
1/8/2015,2.11,2.12,1.99,2
1/7/2015,2.1,2.16,2.06,2.11
1/6/2015,2.11,2.13,2.03,2.1
1/5/2015,1.95,2.17,1.94,2.11
1/4/2015,2.18,2.2,1.89,1.95
1/3/2015,2.66,2.66,2.17,2.18
1/2/2015,2.69,2.69,2.64,2.66
1/1/2015,2.71,2.72,2.67,2.69
12/31/2014,2.69,2.72,2.67,2.71
12/30/2014,2.69,2.72,2.65,2.69
12/29/2014,2.72,2.75,2.67,2.69
12/28/2014,2.7,2.76,2.66,2.72
12/27/2014,2.78,2.79,2.68,2.7
12/26/2014,2.68,2.81,2.66,2.78
12/25/2014,2.74,2.76,2.64,2.68
12/24/2014,2.88,2.88,2.72,2.74
12/23/2014,2.87,2.91,2.85,2.88
12/22/2014,2.85,2.92,2.81,2.87
12/21/2014,2.92,2.92,2.82,2.85
12/20/2014,2.86,2.94,2.85,2.92
12/19/2014,2.79,2.87,2.7,2.85
12/18/2014,2.94,3.01,2.67,2.79
12/17/2014,3.04,3.07,2.88,2.94
12/16/2014,3.45,3.46,2.98,3.04
12/15/2014,3.48,3.48,3.44,3.45
12/14/2014,3.48,3.5,3.46,3.48
12/13/2014,3.49,3.5,3.45,3.48
12/12/2014,3.48,3.51,3.45,3.49
12/11/2014,3.5,3.61,3.44,3.48
12/10/2014,3.53,3.55,3.47,3.5
12/9/2014,3.68,3.69,3.44,3.53
12/8/2014,3.72,3.77,3.67,3.68
12/7/2014,3.62,3.8,3.61,3.72
12/6/2014,3.62,3.64,3.6,3.62
12/5/2014,3.6,3.63,3.58,3.62
12/4/2014,3.62,3.64,3.59,3.6
12/3/2014,3.63,3.68,3.57,3.62
12/2/2014,3.59,3.69,3.58,3.63
12/1/2014,3.57,3.61,3.57,3.59
11/30/2014,3.59,3.62,3.56,3.57
11/29/2014,3.6,3.65,3.57,3.59
11/28/2014,3.56,3.66,3.49,3.6
11/27/2014,3.56,3.58,3.55,3.56
11/26/2014,3.58,3.59,3.53,3.56
11/25/2014,3.64,3.71,3.53,3.58
11/24/2014,3.58,3.7,3.56,3.64
11/23/2014,3.51,3.61,3.5,3.58
11/22/2014,3.5,3.62,3.48,3.51
11/21/2014,3.6,3.61,3.47,3.5
11/20/2014,3.81,3.82,3.58,3.6
11/19/2014,3.79,3.85,3.76,3.81
11/18/2014,3.86,3.91,3.74,3.79
11/17/2014,3.87,4.01,3.81,3.86
11/16/2014,3.86,3.9,3.81,3.87
11/15/2014,3.98,4.05,3.8,3.86
11/14/2014,4.14,4.14,3.85,3.98
11/13/2014,4.11,4.46,4,4.14
11/12/2014,3.65,4.28,3.65,4.11
11/11/2014,3.68,3.7,3.63,3.65
11/10/2014,3.62,3.72,3.58,3.68
11/9/2014,3.55,3.62,3.54,3.62
11/8/2014,3.55,3.58,3.52,3.55
11/7/2014,3.64,3.66,3.54,3.55
11/6/2014,3.63,3.66,3.61,3.64
11/5/2014,3.59,3.67,3.58,3.63
11/4/2014,3.57,3.61,3.52,3.59
11/3/2014,3.59,3.66,3.54,3.57
11/2/2014,3.58,3.64,3.54,3.59
11/1/2014,3.76,3.76,3.53,3.58
10/31/2014,3.79,3.8,3.74,3.76
10/30/2014,3.73,3.82,3.71,3.79
10/29/2014,3.83,3.84,3.73,3.73
10/28/2014,3.8,3.91,3.78,3.83
10/27/2014,3.71,3.91,3.7,3.8
10/26/2014,3.67,3.77,3.66,3.71
10/25/2014,3.73,3.76,3.62,3.67
10/24/2014,3.74,3.78,3.72,3.73
10/23/2014,3.84,3.86,3.72,3.74
10/22/2014,3.94,3.96,3.82,3.84
10/21/2014,3.92,3.96,3.89,3.94
10/20/2014,3.99,3.99,3.87,3.92
10/19/2014,4.06,4.07,3.96,3.99
10/18/2014,4,4.09,3.94,4.06
10/17/2014,4,4.02,3.95,4
10/16/2014,4.05,4.1,3.96,4
10/15/2014,4.07,4.09,3.99,4.05
10/14/2014,3.86,4.24,3.85,4.07
10/13/2014,3.82,3.88,3.78,3.86
10/12/2014,3.78,3.84,3.68,3.82
10/11/2014,3.81,3.84,3.66,3.78
10/10/2014,3.87,3.93,3.77,3.81
10/9/2014,3.9,4.03,3.85,3.87
10/8/2014,3.84,3.93,3.74,3.9
10/7/2014,3.83,3.97,3.68,3.84
10/6/2014,3.7,3.92,3.57,3.83
10/5/2014,3.98,4.07,3.46,3.7
10/4/2014,4.26,4.35,3.9,3.98
10/3/2014,4.31,4.35,4.23,4.26
10/2/2014,4.45,4.51,4.31,4.31
10/1/2014,4.48,4.56,4.41,4.45
9/30/2014,4.24,4.58,4.22,4.48
9/29/2014,4.23,4.37,4.19,4.24
9/28/2014,4.42,4.47,4.19,4.23
9/27/2014,4.45,4.52,4.39,4.42
9/26/2014,4.54,4.57,4.39,4.45
9/25/2014,4.69,4.71,4.44,4.54
9/24/2014,4.81,4.82,4.65,4.69
9/23/2014,4.29,4.89,4.19,4.81
9/22/2014,4.26,4.47,4.25,4.29
9/21/2014,4.28,4.34,4.17,4.26
9/20/2014,4.37,4.63,4.17,4.28
9/19/2014,4.72,4.78,4.29,4.37
9/18/2014,5.06,5.1,4.61,4.72
9/17/2014,5.07,5.18,5,5.06
9/16/2014,5.2,5.2,5.04,5.07
9/15/2014,5.43,5.46,5.15,5.2
9/14/2014,5.44,5.5,5.37,5.43
9/13/2014,5.41,5.5,5.32,5.44
9/12/2014,5.31,5.49,5.3,5.41
9/11/2014,5.32,5.57,5.27,5.31
9/10/2014,5.04,5.42,5.02,5.32
9/9/2014,5.07,5.13,4.96,5.04
9/8/2014,5.17,5.23,4.94,5.07
9/7/2014,5.01,5.25,4.97,5.17
9/6/2014,4.99,5.11,4.9,5.01
9/5/2014,5.22,5.22,4.92,4.99
9/4/2014,4.86,5.31,4.85,5.22
9/3/2014,4.82,4.94,4.74,4.86
9/2/2014,4.72,4.94,4.59,4.82
9/1/2014,4.92,4.98,4.65,4.72
8/31/2014,5.24,5.26,4.74,4.92
8/30/2014,5.38,5.42,5.17,5.24
8/29/2014,5.29,5.42,5.17,5.38
8/28/2014,5.41,5.48,5.13,5.29
8/27/2014,5.52,5.82,5.29,5.41
8/26/2014,5.18,5.6,5.16,5.52
8/25/2014,5.43,5.46,5.12,5.18
8/24/2014,4.79,5.63,4.78,5.43
8/23/2014,5.33,5.33,4.73,4.79
8/22/2014,5.78,5.84,4.99,5.33
8/21/2014,5.5,6.27,5.43,5.78
8/20/2014,4.55,5.69,4.42,5.5
8/19/2014,3.79,4.76,3.73,4.55
8/18/2014,4.33,4.34,3.58,3.79
8/17/2014,5,5.02,4.16,4.33
8/16/2014,5.04,5.05,4.86,5
8/15/2014,5.03,5.19,4.97,5.04
8/14/2014,5.06,5.25,4.71,5.03
8/13/2014,5.59,5.64,4.88,5.06
8/12/2014,6,6.08,5.47,5.59
8/11/2014,6.95,7,5.71,6
8/10/2014,6.99,7.04,6.92,6.95
8/9/2014,7.11,7.14,6.92,6.99
8/8/2014,7.18,7.37,7.06,7.11
8/7/2014,7.21,7.27,6.82,7.18
8/6/2014,7.23,7.34,7.14,7.21
8/5/2014,7.41,7.43,7.2,7.23
8/4/2014,7.58,7.58,7.34,7.41
8/3/2014,7.65,7.67,7.52,7.58
8/2/2014,7.71,7.8,7.59,7.65
8/1/2014,7.61,7.79,7.45,7.71
7/31/2014,7.28,7.66,7.1,7.61
7/30/2014,7.67,7.69,7.28,7.28
7/29/2014,7.62,7.7,7.56,7.67
7/28/2014,7.81,7.89,7.52,7.62
7/27/2014,7.61,7.87,7.59,7.81
7/26/2014,7.55,7.68,7.55,7.61
7/25/2014,8.35,8.35,7.47,7.55
7/24/2014,8.28,8.35,8,8.35
