12/31/2018,138.78,138.9,128.5,130.53,165355.78,22097680.63
12/30/2018,134.15,140.64,128.3,138.78,205485.32,27888935.27
12/29/2018,136.82,147.3,131.72,134.15,254462.14,35179842.41
12/28/2018,114.63,138.58,113.31,136.82,326758.17,41814965.21
12/27/2018,130.47,131.78,112.26,114.63,258639.35,31008710.67
12/26/2018,128.82,136.72,123.54,130.47,203861.96,26514226.86
12/25/2018,139.03,140.26,122.15,128.82,359477.67,46035575.68
12/24/2018,129.61,159.51,129.53,139.03,597537.44,86341703
12/23/2018,116.09,133,116.01,129.61,325889.19,41373109.44
12/22/2018,107.74,116.3,105.5,116.09,118020.32,13084739
12/21/2018,114.6,120,105.3,107.74,240327.62,27081502.1
12/20/2018,99.34,119,98.5,114.6,329214.9,36343401.07
12/19/2018,101,107.88,98.16,99.34,350590.97,36140501.3
12/18/2018,93.79,101.5,91.55,101,193888.56,18366822.86
12/17/2018,83.74,96.74,83.51,93.79,250785.23,22906704.11
12/16/2018,83.03,86.72,82.82,83.74,93043.85,7933834.73
12/15/2018,83,84.29,81,83.03,108147.49,8932391.48
12/14/2018,85.35,85.98,80.6,83,150409.09,12594001.05
12/13/2018,89.09,90.25,83.48,85.35,141927.72,12333682.97
12/12/2018,86.96,91,86.06,89.09,113468,10103816.2
12/11/2018,89.23,91.03,85.15,87.23,118680.85,10390552.39
12/10/2018,92.79,94.62,87.42,89.23,131111.42,11844457.46
12/9/2018,89.99,98.3,88.15,92.79,180006.45,16912462.25
12/8/2018,92.45,97.52,84,89.99,242134.08,21850090.46
12/7/2018,89.25,96.86,81.02,92.45,527140.88,45968256.23
12/6/2018,100.71,102.85,88.92,89.25,329789.66,31842802.29
12/5/2018,108.61,109.37,99.5,100.71,164822.22,17146191.6
12/4/2018,107.21,112,104.78,108.61,109739.36,11932934.91
12/3/2018,114.76,115.12,104.74,107.21,135846.71,14857431.87
12/2/2018,116.82,119.45,114.06,114.76,73100.41,8466635.57
12/1/2018,111.65,119.48,110,116.82,117391.82,13590283.29
11/30/2018,116.38,119,109.24,111.88,125121.54,14224707.51
11/29/2018,121.95,123.05,113,116.38,202022.16,23856794.41
11/28/2018,108.58,126.45,108.58,121.95,322073.34,37766755.93
11/27/2018,106.95,111.6,99.26,108.58,248821.17,26129747.44
11/26/2018,114.3,116.88,102.26,106.95,317813.17,34537059.55
11/25/2018,110.08,118.83,98.2,114.3,442893.75,47773306.52
11/24/2018,121.44,125.89,106.25,110.08,198511.79,22885133.6
11/23/2018,123.2,125.15,116.24,121.44,262958.13,31759820.18
11/22/2018,134.73,136.71,122.54,123.2,142401.29,18503842.12
11/21/2018,127.55,137.5,122.65,134.73,336247.27,44231315.11
11/20/2018,145.21,149.5,121.5,127.55,723824.51,96545174.58
11/19/2018,175.87,175.92,142,145.21,388441.04,60045181.12
11/18/2018,172.48,180.2,172.15,175.87,61977.75,10840739.26
11/17/2018,172.4,174.41,170.34,172.48,53893.26,9278889.81
11/16/2018,178.89,179.76,169.22,172.4,114804.43,20123632.7
11/15/2018,177.79,181,165.33,178.89,227631.77,39661857.78
11/14/2018,203.2,204.9,165.2,177.79,317936.66,57463246.06
11/13/2018,208.77,208.77,202.76,203.2,60479.88,12435529.16
11/12/2018,209.88,211.22,207,208.77,40642.44,8512400.46
11/11/2018,210.29,211.17,206.15,209.88,21388.44,4467174
11/10/2018,208.01,212.52,207.69,210.29,27620.35,5820169.09
11/9/2018,210.34,212.2,206.2,208.01,37149.74,7773992.77
11/8/2018,216.84,218.27,209.89,210.34,56366.05,12017642.12
11/7/2018,218.51,222.78,215.56,216.84,68747.43,15038961.74
11/6/2018,208.53,219.08,207.13,218.51,106033.07,22656135.62
11/5/2018,210.06,211.2,205.53,208.53,54121.86,11254009.65
11/4/2018,198.35,217.77,198.1,210.06,94233.47,19485097.05
11/3/2018,199.75,200,197.62,198.35,26789.83,5326123.01
11/2/2018,197.96,201.75,197.8,199.75,44834.4,8942416.64
11/1/2018,196.95,198.63,196.2,197.96,34762.19,6845616.28
10/31/2018,195.35,200,191.4,196.95,52805.54,10330143.7
10/30/2018,194.29,196.41,192.6,195.35,57486.16,11160217.57
10/29/2018,202.43,202.65,191,194.29,74935.35,14688606.78
10/28/2018,201.46,202.85,201,202.43,21227.3,4282056.28
10/27/2018,200.7,201.7,200.42,201.46,21069.78,4236378.08
10/26/2018,199.65,204.35,198.64,200.7,47096.94,9457395.21
10/25/2018,200.68,200.72,195.83,199.65,64306.72,12793549.39
10/24/2018,201.12,202.47,200.38,200.68,39488.86,7951870.28
10/23/2018,201.25,201.96,197.96,201.12,41123.28,8228666.67
10/22/2018,202.12,203,198.89,201.25,42689.75,8583551.34
10/21/2018,202.69,205.66,201.19,202.12,33784.89,6877904.11
10/20/2018,200,204.66,199.31,202.69,70174.16,14204119.04
10/19/2018,199.09,201.47,197.8,200,49001.63,9796660.3
10/18/2018,203.21,205.56,195.15,199.09,97771.01,19629571.19
10/17/2018,205.43,206.35,201.2,203.21,63596.33,12972359.61
10/16/2018,204.12,204.12,203.55,203.55,0,0
10/15/2018,191.87,220.64,189.96,204.12,210165.25,43050615.11
10/14/2018,196.72,199.41,189.13,191.87,48584.96,9515504.79
10/13/2018,194.1,198.37,193.45,196.72,39111.98,7699059.96
10/12/2018,188.32,198.5,187.15,194.1,93135.58,18033661.09
10/11/2018,223.61,223.61,185.06,188.32,300055.24,59884204.13
10/10/2018,226.15,226.25,221.52,223.61,55185.13,12330085.76
10/9/2018,227.68,228.45,225.06,226.15,41137.31,9319288.92
10/8/2018,224.82,231.1,222.25,227.68,51359.77,11655474
10/7/2018,223.85,225.95,220.24,224.82,30116.57,6716882.95
10/6/2018,226.89,227.06,222.32,223.85,32081.53,7206007.32
10/5/2018,221,230.34,218,226.89,69759.84,15578902.84
10/4/2018,219.01,225.66,218.31,221,72065.01,16043937.75
10/3/2018,224.85,224.9,214,219.01,89974.04,19659129.8
10/2/2018,230.4,231.08,221.45,224.85,70674.6,16009401
10/1/2018,232.27,234.92,223.45,230.4,83254.76,19074939.5
9/30/2018,231.01,238.69,225.5,232.27,87843.6,20412907.33
9/29/2018,220.67,235.35,214,231.01,106164.65,24114839.72
9/28/2018,229,234.59,215,220.67,133434.58,29959187.58
9/27/2018,214.15,233.5,210.01,229,169305.4,37557427.41
9/26/2018,219.19,222.43,207.23,214.15,151742.77,32694715.93
9/25/2018,228.01,228.01,203.38,219.19,228790.18,49001690.05
9/24/2018,244.35,245.79,225.15,228.01,120526.74,28261368.63
9/23/2018,240.71,249.79,237.1,244.35,74603.46,18108035.62
9/22/2018,247.76,255,232.67,240.71,122038.69,29505230.63
9/21/2018,224.41,252,221,247.76,263380.54,61787654.84
9/20/2018,209.81,227.34,206.64,224.41,168663.66,36045367.62
9/19/2018,208.5,214.68,197.34,209.81,166183.03,34497371.17
9/18/2018,195.97,214.87,194.05,208.5,144897.83,29794914.11
9/17/2018,220.19,224.9,192.2,195.97,217257.83,45017560.43
9/16/2018,221.69,223.43,208.01,220.19,95433.56,20709679.89
9/15/2018,210,227.5,208.26,221.69,110587.06,24347281.2
9/14/2018,211.39,224.3,202.51,210,217479.88,46513084.25
9/13/2018,182.79,215,182.79,211.39,284936.72,57216219.27
9/12/2018,185.15,185.15,167,182.79,245925.52,43013099.84
9/11/2018,196.94,199.25,175.5,185.15,174425.99,32523972.66
9/10/2018,195.91,202.7,186.59,196.94,133129.95,25934930.5
9/9/2018,197,208.5,185.39,195.91,151853.72,29824528.14
9/8/2018,215.21,220,190.01,197,178662.21,36271876.11
9/7/2018,229.66,234.23,214,215.21,129119.05,28572511.21
9/6/2018,227.56,233.6,211,229.66,277401.36,62178646.67
9/5/2018,285.43,287.95,225.54,227.56,220426.19,55630162.73
9/4/2018,288.6,292.11,282.1,285.43,73006.3,20968444.97
9/3/2018,295.06,296.38,285.76,288.6,55677.23,16127692.96
9/2/2018,294.64,298.72,288.48,295.06,44050.38,12950767.74
9/1/2018,281.94,302.2,281.94,294.64,58992.41,17275372.99
8/31/2018,284.52,284.7,276.66,281.94,49979.72,14024974.73
8/30/2018,289,290.99,272.13,284.52,79430.8,22280046.32
8/29/2018,295.39,297.32,284.11,289,57773.47,16790551.08
8/28/2018,287.99,297.64,282.85,295.39,81322.64,23562543.29
8/27/2018,274.25,288.64,271.32,287.99,65231.95,18140309.9
8/26/2018,277.97,277.97,270,274.25,38510.9,10541022.16
8/25/2018,281.35,282.95,276.99,277.97,31675.45,8861404.76
8/24/2018,275.87,283.38,270.27,281.35,73790.02,20358888.35
8/23/2018,270.47,280.39,268.6,275.87,94301.8,25851264.41
8/22/2018,281.49,298.99,259.11,270.47,156249.02,43487128.1
8/21/2018,270.76,286.42,269.13,281.49,70794.12,19629932.34
8/20/2018,300.03,304,268.02,270.76,112574.45,31911077.26
8/19/2018,296.61,307.65,289.33,300.03,62584.69,18638319.07
8/18/2018,317.54,322.16,283.1,296.61,101805.05,30594763.49
8/17/2018,286.67,319,285.42,317.54,164089.67,49488392.79
8/16/2018,281.21,298.89,277.84,286.67,117692.3,33921385.41
8/15/2018,278.37,305.4,275.93,281.21,259286.11,74972492.46
8/14/2018,284.11,285,250.28,278.37,349128.4,92206705.77
8/13/2018,318.15,322.27,281.41,284.11,213719.18,63518596.52
8/12/2018,312.65,312.65,312.65,312.65,0,0
8/11/2018,330.99,332,310.32,312.65,62531.65,19964155.61
8/10/2018,363.99,366.46,326,330.99,99696.89,34476553.11
8/9/2018,355.7,371.09,351,363.99,91569.92,33146909.84
8/8/2018,378.08,380.77,347.18,355.7,181154.7,65617914.46
8/7/2018,404.99,410,369.1,378.08,74274.76,29017762.06
8/6/2018,408.83,413.17,401,404.99,35224.07,14303450.85
8/5/2018,407,413.33,400.5,408.83,30063.52,12207924.38
8/4/2018,417.8,419.16,401,407,36775.06,15068691.96
8/3/2018,410.71,420.27,395,417.8,86027.37,34983118.55
8/2/2018,419.6,424.61,407.29,410.71,43251.21,17900618.41
8/1/2018,432.16,435.48,407.78,419.6,73452.8,30807918.3
7/31/2018,456.47,457.3,427.33,432.16,57334.24,25036791.62
7/30/2018,466.01,469,446,456.47,47834.01,21847823.23
7/29/2018,468.12,471.37,462,466.01,19933.71,9292223.1
7/28/2018,469.3,471.01,461.25,468.12,18686.65,8725695.14
7/27/2018,461.42,473.33,454.25,469.3,43232.8,20073528.1
7/26/2018,470.81,483.88,460,461.42,46937.07,22216152.67
7/25/2018,478.78,484.43,463.55,470.81,61154.04,29015958.82
7/24/2018,449,483.92,447.99,478.78,85029.71,39952757.95
7/23/2018,456.9,469.3,445.66,449,59338.49,27160116.83
7/22/2018,461.5,471.74,455,456.9,29849.82,13805523.2
7/21/2018,448.21,468.85,442,461.5,31111.47,14278165.26
7/20/2018,468.39,468.73,441,448.21,61048.59,27847066.85
7/19/2018,478.81,483.88,462.16,468.39,50581.94,23880537.85
7/18/2018,499.01,515.88,468.85,478.81,94827.67,46779563.77
7/17/2018,478.18,510.79,466.1,499.01,92119.31,45062392.53
7/16/2018,449.41,479.92,444.05,478.18,63612.87,29769353.57
7/15/2018,434.13,454.21,431.29,449.41,33325.87,14852359.05
7/14/2018,432.8,439.99,428.13,434.13,23906.65,10379674.15
7/13/2018,431.46,442.31,425.1,432.8,50436.29,21933016.06
7/12/2018,446.25,447.17,418.23,431.46,49757.95,21457578.16
7/11/2018,432.59,448.54,425.34,446.25,66210.14,29106538.05
7/10/2018,471.6,473,427.88,432.59,95651.51,42586650.82
7/9/2018,486.08,488,469,471.6,44924.79,21491496.64
7/8/2018,484.48,494.74,479.31,486.08,38259.09,18623873.16
7/7/2018,469.3,486.69,462,484.48,31689.56,14927137.74
7/6/2018,467.25,474.99,451.68,469.3,40899.9,19062799.82
7/5/2018,466.9,477.99,457.85,467.25,53857.11,25244986.39
7/4/2018,461.75,482.01,451.35,466.9,56448.95,26343207.39
7/3/2018,476.34,486.76,459.31,461.75,67116.85,31705086.4
7/2/2018,451.43,481.98,442.79,476.34,68661.24,32025850.13
7/1/2018,453.29,455.87,444.85,451.43,33616.5,15146943.94
6/30/2018,434.6,462.49,434.5,453.29,57061.02,25635348.33
6/29/2018,420,442,404.22,434.6,94907.82,39610851.79
6/28/2018,441.41,443.78,417,420,55866.2,24089323.95
6/27/2018,429.08,446,420.12,441.41,69995.83,30243406.12
6/26/2018,458.41,460.72,429,429.08,74938.63,33392996.37
6/25/2018,454.79,473.27,445,458.41,80945.37,37157310.24
6/24/2018,475.17,476.9,421.1,454.79,142862.65,63789853.15
6/23/2018,462.01,481.74,457.87,475.17,47244.56,22260871.06
6/22/2018,525.49,525.65,449.02,462.01,151090.1,72216362.11
6/21/2018,536,544.23,521.5,525.49,48892.68,26032187.41
6/20/2018,538.5,541.8,516.67,536,58479.66,30931573.3
6/19/2018,517.47,547.4,514.45,538.5,69096.18,36680610.65
6/18/2018,496.5,525,488,517.47,70868.48,35923728.96
6/17/2018,497.31,507.83,493.33,496.5,34226.38,17120744.25
6/16/2018,487.45,502.81,484.12,497.31,42779.8,21176859.4
6/15/2018,519.75,521,482,487.45,96893.05,48506479.26
6/14/2018,476.02,529.34,459.46,519.75,207991.19,103522954.2
6/13/2018,494.14,502.4,450.11,476.02,160593.09,76212244.03
6/12/2018,531.68,538.99,485,494.14,115569.97,58847310.41
6/11/2018,525.25,536.85,509.97,531.68,109138.53,57128600.42
6/10/2018,593.41,593.41,505,525.25,131453.48,71125138.71
6/9/2018,598.59,608,591.81,593.41,25904.5,15573870.9
6/8/2018,603.56,607,591,598.59,37162.46,22280071.08
6/7/2018,606.18,615.26,594.01,603.56,79195.76,47915825.96
6/6/2018,607.6,611.69,592.76,606.18,67121.97,40416713.5
6/5/2018,591.5,612,574.77,607.6,70392.81,41915296.42
6/4/2018,618.63,626.55,576.28,591.5,63602.98,37958150.51
6/3/2018,590.46,627.83,590.46,618.63,48953.48,30045741.8
6/2/2018,578.89,600,571.75,590.46,60266.15,35320118.74
6/1/2018,577.1,588,561.49,578.89,89495.25,51239474.38
5/31/2018,557.22,589,553.6,577.1,93197.14,53537536.55
5/30/2018,566.66,585.92,541.23,557.22,94445.54,52961594.41
5/29/2018,511.33,573.53,510.91,566.66,130626.85,71471747.75
5/28/2018,570.75,575,507,511.33,110242.59,58603747.26
5/27/2018,584.99,589.5,556,570.75,52997.24,30324539.02
5/26/2018,584.02,606,577.65,584.99,43858.88,26036976.23
5/25/2018,603,616,568.27,584.02,95334.71,56644888.27
5/24/2018,577.2,609.21,545.36,603,132716.79,77524898.56
5/23/2018,640.5,648.46,563.27,577.2,196828.45,118757430.5
5/22/2018,696.77,699,638,640.5,94466.09,62992057.21
5/21/2018,714,717,686.52,696.77,46748.57,32841915.46
5/20/2018,695.96,723,687.7,714,48768.95,34675570.97
5/19/2018,694.5,715.76,677.7,695.96,44895.71,31311407.72
5/18/2018,668.56,694.71,656.5,694.5,80879.45,54698883.51
5/17/2018,707.45,717.17,661,668.56,77681.37,53802364.81
5/16/2018,706.08,710.44,677.55,707.45,83332.92,57790727.85
5/15/2018,726.9,738,694.75,706.08,92613.08,66727835.57
5/14/2018,729.29,745,684.8,726.9,154997.01,111296761
5/13/2018,684.66,740.31,671,729.29,78546.64,55933865.29
5/12/2018,678.05,692.39,638.88,684.66,101042.73,67654109.5
5/11/2018,723.51,735.19,662.6,678.05,175277.2,121383936.1
5/10/2018,750,768,723.01,723.51,83048.8,62084388.22
5/9/2018,746.99,759.5,708.8,750,96171.49,70841297.13
5/8/2018,752.42,776,720,746.99,122721.47,91650830.07
5/7/2018,784.28,789.98,695.12,752.42,212962.73,156762360.1
5/6/2018,812,828.97,750.7,784.28,99318.87,78244583.06
5/5/2018,783.01,824.67,778.5,812,93785.39,75657582.61
5/4/2018,775.51,805.31,757.1,783.01,142869.13,111563539
5/3/2018,685.02,784.76,684,775.51,181350.16,133925587.3
5/2/2018,670.75,689.98,660.63,685.02,97029.73,65675595.56
5/1/2018,669.81,675.01,627.2,670.75,150245.28,97704474.51
4/30/2018,687.51,692.45,662.11,669.81,88961.29,60528460.58
4/29/2018,682,696.71,666.04,687.51,66129.72,45186766.99
4/28/2018,642.77,692.58,638.7,682,73630.47,49824657.9
4/27/2018,661.13,685.91,639.25,642.77,111601.09,74188522.16
4/26/2018,617.49,666.82,600,661.13,141137.95,88742659.25
4/25/2018,703.38,704,578.75,617.49,324125.26,206525892.9
4/24/2018,642.85,711,642.85,703.38,200066.58,137803751.2
4/23/2018,621,647.47,618.7,642.85,91745.79,58590990.78
4/22/2018,605.16,643.47,590.7,621,90613.77,56641400.73
4/21/2018,617.17,624.21,572,605.16,100181.66,60376723.18
4/20/2018,567.29,622.22,557.4,617.17,177316.95,103958082.7
4/19/2018,525.89,569.95,521.18,567.29,127263.97,69420999.5
4/18/2018,502.42,526.49,501.2,525.89,95960.78,49352794.85
4/17/2018,511.28,521.94,500.49,502.42,93836.96,47877821.66
4/16/2018,533.74,537.5,498.29,511.28,127908.24,65529419.96
4/15/2018,502.4,534.57,502.4,533.74,97808.95,50914422.3
4/14/2018,495.22,513.86,488,502.4,76110.4,38140848.54
4/13/2018,493.41,529.36,481.18,495.22,224849.04,113460455.6
4/12/2018,430.81,497,413.81,493.41,238534.71,109178070.5
4/11/2018,415.45,433.83,410.11,430.81,88765.33,37324786.17
4/10/2018,398.8,418.26,392.25,415.45,68843.53,27867928.26
4/9/2018,399.9,432,388,398.8,127435.23,51553120.82
4/8/2018,384.61,404.1,384.61,399.9,61747.81,24419086.11
4/7/2018,370.32,395.9,369.2,384.61,59741.6,22970472.55
4/6/2018,381.55,386.21,363.33,370.32,89315.98,33203912.28
4/5/2018,378.43,387.2,366.54,381.55,90647.05,34236417.33
4/4/2018,416.38,418,370.08,378.43,114689.84,44603966.69
4/3/2018,384,421.59,380.89,416.38,152807.1,61428715.59
4/2/2018,378.18,393.95,375.36,384,89596.37,34497306.85
4/1/2018,394.54,400.65,360,378.18,108554.28,41008442.11
3/31/2018,394.46,435,388.88,394.54,144527.54,58599887.94
3/30/2018,383.29,411,365,394.46,278420.31,106543458.1
3/29/2018,445.47,448,379.1,383.29,278952.74,112855998.3
3/28/2018,449,464.89,439.18,445.47,93147.8,41778706.52
3/27/2018,486.75,493,445,449,153118.55,70690800.36
3/26/2018,522.55,525,466.1,486.75,144436.62,70502721.21
3/25/2018,519.57,536,510.36,522.55,48861.72,25498788.29
3/24/2018,543.04,545.94,517.7,519.57,51693.57,27673943.67
3/23/2018,539.89,543.04,507.84,543.04,84295.53,43980747.44
3/22/2018,559.98,578.73,517.6,539.89,92291.93,50071268.3
3/21/2018,558,589.75,545.2,559.98,115161.56,65506531.66
3/20/2018,555.55,567.04,516.53,558,148891.98,81288804.8
3/19/2018,538,560.9,516.4,555.55,177641.14,96077916.73
3/18/2018,549.79,574,450,538,409384.42,204673475.1
3/17/2018,600.52,609.94,541.11,549.79,97573.38,55823645.71
3/16/2018,610.99,626.13,585,600.52,87874.25,53600255.89
3/15/2018,614.63,621.47,571.16,610.99,143869,85999396.91
3/14/2018,690.39,702.5,585.52,614.63,142152.46,90311315.9
3/13/2018,696.51,713.45,679.78,690.39,61445.84,42528427.11
3/12/2018,719.79,739,678,696.51,71751.41,50752087.42
3/11/2018,683.6,735,666,719.79,66887.24,46895001.95
3/10/2018,728.46,749,680.2,683.6,66035.23,47570441.83
3/9/2018,698.83,734,641.6,728.46,162041.5,110795291.5
3/8/2018,751.38,774,686,698.83,103420.35,75069227.76
3/7/2018,815.43,825,724,751.38,127281.5,96964275.13
3/6/2018,848.83,849.97,801.01,815.43,57328.2,47392056.25
3/5/2018,861.74,866,848.83,848.83,38758.29,33279801.24
3/4/2018,854.34,865,836.37,861.74,32005.49,27288599.25
3/3/2018,854.31,866.72,851.04,854.34,33187.93,28546722.25
3/2/2018,868.74,873.12,846.97,854.31,43776.13,37668051.86
3/1/2018,849.99,878,845.54,868.74,48899.31,42275824.21
2/28/2018,870.98,887.5,848.21,849.99,58133.38,50595433.19
2/27/2018,867.09,894,860.97,870.98,60578.72,53084539.39
2/26/2018,841.96,877.5,835,867.09,63250.59,54427597.14
2/25/2018,833.2,849.26,816.89,841.96,38291.2,31990949.42
2/24/2018,854.01,874.66,808.37,833.2,63968.83,53690578.01
2/23/2018,806,883,786.4,854.01,99595.59,83650514.41
2/22/2018,840.34,870,790.01,806,101411.56,83281536.33
2/21/2018,884.76,908.15,817.01,840.34,128091.08,110099877.7
2/20/2018,939.01,958,875,884.76,108323.32,100249666.5
2/19/2018,912.41,956,911,939.01,51464.5,48264429.44
2/18/2018,975,982.99,909.1,912.41,94527.04,89097714.86
2/17/2018,936.02,976.79,934.2,975,72522.39,69779993.19
2/16/2018,929.3,944.92,910.8,936.02,79102.83,73649640.03
2/15/2018,920.27,948.23,905.49,929.3,131225.07,121775173.6
2/14/2018,840.49,924.7,839.45,920.27,163475.74,145467815.1
2/13/2018,864.4,867.48,826,840.49,69322.43,58507170.74
2/12/2018,811.35,874.03,810.99,864.4,88046.97,75144272.41
2/11/2018,849.47,851.77,780,811.35,99152.51,81308495.68
2/10/2018,875.99,908.76,815,849.47,153410.82,132968606.3
2/9/2018,812,879.2,780,875.99,163125.96,136643584.8
2/8/2018,750.04,843,747.82,812,179532.03,144121843.6
2/7/2018,783.83,864.49,718.03,750.04,342377.72,271817279
2/6/2018,693.54,807.5,555.56,783.83,724904.53,487312087.6
2/5/2018,826,857.5,615,693.54,556041.26,400225832.7
2/4/2018,969.4,970.4,783.27,826,206467.92,179475868.5
2/3/2018,911.99,998,841.61,969.4,190127.22,177128763.3
2/2/2018,1017.48,1020.48,726.43,911.99,544474.95,487774968.4
2/1/2018,1105,1143,930,1017.48,308093.39,321672225.1
1/31/2018,1054.39,1121.03,1013.25,1105,167767.66,179717810.6
1/30/2018,1162.27,1171,1025,1054.39,220058.79,239959019.7
1/29/2018,1215.01,1221.74,1137.2,1162.27,120882.1,141102467.7
1/28/2018,1100,1224,1087.94,1215.01,164654.9,191902216.5
1/27/2018,1045.57,1118.98,1030,1100,111977.09,120570461.8
1/26/2018,1040,1071.75,987.54,1045.57,133679.04,138418187
1/25/2018,1056.99,1098.74,1014.9,1040,159131.45,168874122.1
1/24/2018,984.03,1056.99,952.68,1056.99,149999.5,151249762.8
1/23/2018,999.68,1019,905,984.03,201639.94,196387474
1/22/2018,1047.13,1080,917,999.68,204309.19,202377929.3
1/21/2018,1150.02,1151,1011,1047.13,147787.86,158124230.1
1/20/2018,1037.45,1164.97,1036.08,1150.02,158694.23,176404493.3
1/19/2018,1025.78,1093,994.4,1037.45,158648.34,164823297.1
1/18/2018,1028.06,1100,951,1025.78,336528.66,350676894.6
1/17/2018,1080,1164.4,757,1028.06,791710.8,736027535.9
1/16/2018,1278.63,1285.57,852.01,1080,579557.94,617688885.4
1/15/2018,1365.46,1380.97,1269.01,1278.63,119057.72,157026819.9
1/14/2018,1386.02,1389.11,1256.01,1365.46,131600.19,175703182.2
1/13/2018,1260,1419.96,1259.99,1386.02,183918.99,248668725
1/12/2018,1137.01,1285,1089.18,1260,190313.92,230563476.1
1/11/2018,1246.95,1335,1083.97,1137.01,350252.85,420030364
1/10/2018,1290.01,1386.99,1207.61,1246.95,348207.24,455622468.3
1/9/2018,1137.01,1297.58,1119,1290.01,254757.33,308934115.3
1/8/2018,1118.3,1228.99,951,1137.01,349324.21,395312780.8
1/7/2018,1006.68,1118.3,1003.02,1118.3,165746.64,176519091.6
1/6/2018,969.27,1009.11,961.23,1006.68,119847.93,118766448.5
1/5/2018,949,1015,935,969.27,257910.95,251956164
1/4/2018,938.31,994.89,906.01,949,282568.57,269232364.8
1/3/2018,865,949.98,850.11,938.31,268708.47,241097653.2
1/2/2018,759.03,878.5,759.02,865,335080.13,282663894.7
1/1/2018,741.27,764.97,727.14,759.03,83751.51,62482198.79
12/31/2017,710.58,751,699,741.27,84051.58,60926498.69
12/30/2017,748.89,748.9,691.1,710.58,128727.67,92607974.2
12/29/2017,719.5,755,713,748.89,143781.49,106051307.2
12/28/2017,739.99,742.31,676.03,719.5,169702.64,119741787.5
12/27/2017,755.07,767,706,739.99,121822.72,90191247.25
12/26/2017,740.5,771,738.07,755.07,98761.39,74310569.35
12/25/2017,697.04,759.88,693.5,740.5,118894.8,86804964.19
12/24/2017,732.8,734.86,641.14,697.04,157409.52,107600462
12/23/2017,682.11,774.99,670,732.8,192493.97,140438510.6
12/22/2017,796.98,799.95,460,682.11,743873.43,485222147.2
12/21/2017,802.86,845,767.15,796.98,232713.18,187492726.3
12/20/2017,826.65,833.6,701,802.86,303676.49,240544037.8
12/19/2017,785.65,875,770.38,826.65,381894.64,314535254.6
12/18/2017,732.18,798.81,695,785.65,289140.71,216470423.1
12/17/2017,704.18,746.93,703,732.18,155067.98,112638702
12/16/2017,693.5,735,684.16,704.27,180036.77,126274172.3
12/15/2017,705.01,706,618.19,693.5,284248.1,190617186.3
12/14/2017,711.94,758,660.83,705.01,372341.08,267837586.8
12/13/2017,686.82,784.77,606,711.94,693903.3,482343884.2
12/12/2017,518,714,501.11,686.82,725482.33,420734054.6
12/11/2017,447.71,519.49,445.75,518,262247.88,126402835.4
12/10/2017,485.04,486.13,438,447.71,192178.32,87760499.48
12/9/2017,463.45,535.1,450,485.04,465089.3,229413184.6
12/8/2017,433.28,479.1,420.01,463.45,381432.22,172178710.9
12/7/2017,432.49,448.89,415.01,433.28,312218.19,135375010.1
12/6/2017,457.3,461.99,425.01,432.49,330168.85,146779503.8
12/5/2017,468.22,470,451.56,457.3,136130.56,62927433.49
12/4/2017,464.76,473,449.4,468.22,130971.97,60565575.13
12/3/2017,460.34,483.5,450,464.76,155319.05,72814695.64
12/2/2017,463.82,474.96,451.21,460.34,153359.34,71316440.44
12/1/2017,434.03,468.43,421.58,463.82,187467.26,83992148.3
11/30/2017,434.01,470,401.5,434.03,337291.89,145834049.9
11/29/2017,468.52,518.13,410.09,434.01,446414.24,210512455.7
11/28/2017,477.53,483,463.6,468.52,170876.7,80711075.57
11/27/2017,473.99,492.99,462.1,477.53,214573.14,102690422.3
11/26/2017,466.77,477.65,451.81,473.99,178470.5,82662051.06
11/25/2017,470.98,488,456,466.77,245767.37,115698848.5
11/24/2017,406.61,479.89,401,470.98,322816.29,143016102.8
11/23/2017,381.73,428.6,376.04,406.61,300290.46,121595850.4
11/22/2017,361.51,382.96,361,381.73,121570.92,45008439.9
11/21/2017,368.24,372.99,350.5,361.51,184909.31,67084561.31
11/20/2017,354.59,373.75,354.24,368.24,122429.34,44557409.8
11/19/2017,346.6,374.7,344.01,354.59,194323.57,69421270.28
11/18/2017,332.31,349,328.22,346.6,97884.46,33115060.34
11/17/2017,330.21,334.3,326.46,332.31,91391.19,30249994.34
11/16/2017,331.81,334.8,321.91,330.21,128817.68,42297954.6
11/15/2017,335.04,340.84,326,331.81,126289.99,42145249.08
11/14/2017,315.56,336.91,315.5,335.04,192627.96,63175665.16
11/13/2017,307.1,319,306.5,315.56,136277.34,42928263.89
11/12/2017,315.69,316.55,301.04,307.1,171074.14,52886758.56
11/11/2017,298.04,319.94,297.67,315.69,116590.68,36070041.1
11/10/2017,320.72,325.12,291.3,298.04,151867.91,46451792.67
11/9/2017,307.91,329.47,307.01,320.72,152292.53,48807054.55
11/8/2017,292.42,319.89,291,307.91,216181.94,66422175.9
11/7/2017,297.32,304,287,292.42,139457.39,40893417.73
11/6/2017,296.57,304.9,292,297.32,86784.66,25945235.9
11/5/2017,301.66,302,295.64,296.57,52496.91,15644427.25
11/4/2017,306,306,295,301.66,61767.05,18523272.27
11/3/2017,285.4,308.06,285.4,306,117086.48,34846865.74
11/2/2017,290.82,295.51,278.88,285.4,194140.11,55697567.45
11/1/2017,303.51,305,289.51,290.82,111494.96,33210994.21
10/31/2017,306.87,309.94,303.49,303.51,58658.29,18022322.63
10/30/2017,303.38,309.69,302.53,306.87,40747.46,12490218.99
10/29/2017,295.11,310,294.42,303.38,62428.01,19007680.66
10/28/2017,297.59,297.9,293.51,295.11,26251.61,7758822.91
10/27/2017,295.98,298.98,291.57,297.59,38403.14,11377539.3
10/26/2017,296.76,299.95,293.81,295.98,46475.25,13799993.52
10/25/2017,296.99,300.97,288.05,296.76,70233.52,20716448.32
10/24/2017,285.83,311.7,280.3,296.99,165326.3,50098871.26
10/23/2017,295.14,295.15,275.46,285.83,127944.56,36344513.02
10/22/2017,300,306.55,291.81,295.14,61487.07,18254446.48
10/21/2017,303.15,303.74,291.38,300,110535.8,32917792.69
10/20/2017,308.02,311.53,302,303.15,91536.02,28086354.25
10/19/2017,313.59,316.21,305.34,308.02,81119.87,25140959.72
10/18/2017,316.37,316.53,287.4,313.59,163663.92,49677659.8
10/17/2017,334.36,334.66,310.5,316.37,110893.62,35735837.76
10/16/2017,336.89,350,330.84,334.36,132572.3,45212742.16
10/15/2017,338.37,341,320,336.89,99654.04,33057629.74
10/14/2017,335.89,347,332.53,338.37,88124.17,30063215.82
10/13/2017,302.12,345,298.29,335.89,260364.5,84595762.03
10/12/2017,302,307,300.3,302.12,112978.85,34372037.18
10/11/2017,297.99,303,297.53,302,45172.03,13574161.8
10/10/2017,297,305,290.23,297.99,85158.91,25465505.01
10/9/2017,309.2,309.32,285.88,297,132885.36,39606638.87
10/8/2017,311.12,313.6,308.62,309.2,43824.13,13644500.37
10/7/2017,307.73,314.62,304.57,311.12,62354.78,19300115.95
10/6/2017,294.89,308.5,294.21,307.73,81571.08,24628265.3
10/5/2017,292,296.99,286.69,294.89,44261.68,12953531.97
10/4/2017,292.36,295,289.62,292,41538.9,12151300.18
10/3/2017,296.72,299,287.65,292.36,58247.44,17049019.04
10/2/2017,303.25,303.5,293.73,296.72,60463.83,18032390.9
10/1/2017,301.57,303.25,295.75,303.25,41100.68,12323453.94
9/30/2017,291.88,304.69,291.25,301.57,60055.73,17989413.72
9/29/2017,302.33,302.6,278,291.88,152759.33,44269866.59
9/28/2017,309.85,310,298.1,302.33,90132.95,27388129.98
9/27/2017,288.77,312.75,288.25,309.85,116061.3,34922345.26
9/26/2017,294.41,295.48,286.2,288.77,61231.12,17844632.84
9/25/2017,283.21,296.7,282.66,294.41,88828.97,25958608.72
9/24/2017,286.03,294.89,276.23,283.21,90828.53,25966522.89
9/23/2017,263.88,286.63,260.02,286.03,77758.19,21498585.99
9/22/2017,258.11,272,254.01,263.88,118061.66,30932093.85
9/21/2017,283.55,286.99,252.55,258.11,201694.74,54203044.57
9/20/2017,282.8,293.58,278.04,283.55,105622.63,30247969.64
9/19/2017,298,301,275.25,282.8,164199.97,47190323.76
9/18/2017,259.66,303.5,259.65,298,287425.78,82904263.85
9/17/2017,255.84,271.2,240.15,259.66,122774.31,31386819.6
9/16/2017,260.88,278,247.1,255.84,177743.79,46479611.19
9/15/2017,223.85,269.99,202.25,260.88,639753.85,152861086
9/14/2017,275.71,280.75,221.3,223.85,491857.08,119474609.1
9/13/2017,294.5,294.5,256.41,275.71,319936.08,87501576.34
9/12/2017,298.47,316.19,286,294.5,182914.81,54966905.24
9/11/2017,300.33,307.97,288.03,298.47,129694.67,38559083.79
9/10/2017,304.99,306.5,285.13,300.33,118799.61,35305619.18
9/9/2017,307.96,313.87,294.51,304.99,92737.57,28121304.27
9/8/2017,335.56,335.56,292.8,307.96,285619.99,88214346.62
9/7/2017,339.38,339.38,323.26,335.56,101282.57,33592740.02
9/6/2017,320.08,345,319.3,339.38,191401.76,64069286.75
9/5/2017,316.86,325,290.03,320.08,294665.64,91169926.68
9/4/2017,353.06,353.15,285,316.86,442187.06,138125635.2
9/3/2017,354.87,372,344.75,353.06,132749.63,47131803.58
9/2/2017,392.87,393.76,333,354.87,282629.78,101415224.9
9/1/2017,389.2,396.88,386.98,392.87,155517.57,61070928.86
8/31/2017,384.1,389.97,381.2,389.2,118009.24,45626353.51
8/30/2017,372.48,392,368.3,384.1,162065.05,61612513.22
8/29/2017,347.54,374.91,347.54,372.48,170549.02,62024232.53
8/28/2017,348.2,349.99,336.35,347.54,109186.6,37627134.09
8/27/2017,332.99,348.2,332.44,348.2,91478.74,30972598.55
8/26/2017,330.14,334.51,325.57,332.99,59967.15,19806246.77
8/25/2017,324.56,336.99,324.38,330.14,118194.87,39186766.23
8/24/2017,317.5,328,316,324.56,77744.58,25033864.82
8/23/2017,314.19,324.61,313.72,317.5,102309.16,32657839.2
8/22/2017,322,329.97,292,314.19,197047.43,61322529.98
8/21/2017,297.79,344.34,295.27,322,311428.04,100520508.9
8/20/2017,293.58,298.5,289.5,297.79,55101.88,16198759.59
8/19/2017,292.87,298.7,287,293.58,68001.66,19899757.31
8/18/2017,300.67,306.09,287,292.87,132050.12,39234434.29
8/17/2017,300.45,309.41,298,300.67,117873,35759155.26
8/16/2017,286.71,303.9,280,300.45,125230.52,36960066.56
8/15/2017,299.16,299.18,267,286.71,212484.41,60469976.2
8/14/2017,296.66,309.35,294.96,299.16,115754.7,34747885.03
8/13/2017,308.35,309.95,287,296.66,195188.77,57867177.91
8/12/2017,309.65,319.7,303.61,308.35,174987.74,54919824.11
8/11/2017,300.51,310,295.79,309.65,131062.56,39595152.25
8/10/2017,295.26,309.8,288.34,300.51,153582.36,46311401.26
8/9/2017,295.95,314.71,276.55,295.26,463512.56,137831624.9
8/8/2017,269.9,299.45,267,295.95,266088.44,76102445.66
8/7/2017,263.96,274.81,257.1,269.9,168116.61,44860354.07
8/6/2017,251.85,273,250.99,263.96,237739.39,61950704.21
8/5/2017,220.72,258.98,219.54,251.85,318966.11,76619150.23
8/4/2017,224,226.82,219.51,220.72,97638.27,21758153.32
8/3/2017,217.92,227.53,217.35,224,113095.97,25244903.38
8/2/2017,225.73,228.8,215.37,217.92,148761.72,32849658.95
8/1/2017,200.82,232.73,200.82,225.73,433959.09,94357485.82
7/31/2017,196.95,201.98,190.78,200.82,117401.55,23092104.62
7/30/2017,205.9,209.9,193.26,196.95,104659.76,20963045.11
7/29/2017,190.72,209.77,178.03,205.9,270176.25,51679328.43
7/28/2017,202.94,203.95,189.34,190.72,170542.13,33233436.3
7/27/2017,203.23,205,198.85,202.94,125421.87,25314400.8
7/26/2017,203.78,209.89,193.4,203.23,211168.76,42220511.77
7/25/2017,225.96,226.59,193,203.78,365232.02,75296235.06
7/24/2017,228.31,229.99,224,225.96,74927.06,17023543.96
7/23/2017,230.69,234.35,221.2,228.31,114698.99,26249308.36
7/22/2017,216.6,237.67,215.1,230.69,177131.67,40118529.07
7/21/2017,226.06,238,208.5,216.6,289020.82,64364463.59
7/20/2017,194.73,237,194.73,226.06,614039.06,134905285.7
7/19/2017,227.01,243.9,186.01,194.73,767465.83,164393592.5
7/18/2017,190.87,249.4,176.51,227.01,861502.71,182312318
7/17/2017,155.68,191.5,153.25,190.87,631922.25,109820156.5
7/16/2017,167.72,172.3,130.26,155.68,608545.97,92584328.03
7/15/2017,197.23,198.97,167,167.72,259502.23,47186110.39
7/14/2017,205,206.99,183.12,197.23,213004.28,41349453.02
7/13/2017,224.04,227,193.07,205,226334.24,47054550.83
7/12/2017,190.57,228.88,181,224.04,416548.13,86234866.5
7/11/2017,202.86,216.5,175.56,190.57,529292.75,103770299.3
7/10/2017,238.81,240.33,185.39,202.86,390262.56,83595403.95
7/9/2017,246.64,253.31,236,238.81,71478.52,17506678.15
7/8/2017,241.28,249.5,231.25,246.64,135292.19,32551056.02
7/7/2017,266.01,266.97,235.01,241.28,173813.04,43235641.32
7/6/2017,266.27,275,261.59,266.01,86692.02,23104815.07
7/5/2017,269.2,274.97,252.67,266.27,163719.11,43150162.51
7/4/2017,276.37,282.83,265,269.2,109560.95,30109905.28
7/3/2017,285,285,273.07,276.37,125450.8,35016353.54
7/2/2017,263.12,293.73,255.7,285,189772.27,52262287.77
7/1/2017,280.04,281.98,253.23,263.12,177875.83,47415685.5
6/30/2017,292.95,306.5,270.5,280.04,228650.07,65599322.46
6/29/2017,315.32,322.9,286.22,292.95,203290.87,62132254.77
6/28/2017,287.23,323.69,260.11,315.32,400443.84,117593524.9
6/27/2017,252.01,288.51,211,287.23,467570.56,115428201.5
6/26/2017,278.49,293,206.5,252.01,570509.84,140225606.2
6/25/2017,304.5,310,251.3,278.49,263316.16,74023435.12
6/24/2017,326.99,330.7,295.55,304.5,130959.16,41053846.39
6/23/2017,320.02,332.95,316.66,326.99,77361.77,25188926.61
6/22/2017,325.41,336.68,305,320.02,148969.08,47698163.15
6/21/2017,350.94,352,0.1,325.41,362773.06,109573239.3
6/20/2017,358.71,365.79,325,350.94,208984.31,73795531.25
6/19/2017,351.85,362.5,346.88,358.71,102985.08,36653221.42
6/18/2017,368.98,381.66,340.11,351.85,153305.27,55246020.7
6/17/2017,354.26,369,341.65,368.98,143736.77,51261725.65
6/16/2017,343.71,364,314,354.26,256280.74,88134279.02
6/15/2017,341.7,356.29,253,343.71,746442.06,231803268.8
6/14/2017,388,394.47,315,341.7,371647.61,134508919.4
6/13/2017,397.37,400,359.75,388,269654.04,104082570.8
6/12/2017,343.01,420,306.11,397.37,533643.35,198304467.7
6/11/2017,340.2,355,317.05,343.01,251081.34,85592217.05
6/10/2017,279.38,358.46,278.03,340.2,422776.34,131572602.9
6/9/2017,258.64,279.39,258.63,279.38,191009.87,51633564.45
6/8/2017,255.68,261,250,258.64,136840.28,35005691.85
6/7/2017,264.58,265.63,244.98,255.68,217929.53,56362415.22
6/6/2017,248,269.36,247,264.58,320723.29,82744001.93
6/5/2017,245.5,248.98,241.2,248,147943.22,36502542.85
6/4/2017,224.95,249.04,224,245.5,212893.42,50959013.68
6/3/2017,222.04,227.5,218.56,224.95,109741.98,24513281.94
6/2/2017,221.91,229.75,216.5,222.04,166352.56,37081095.86
6/1/2017,229.14,238.97,206.02,221.91,345158.11,77389924.49
5/31/2017,228.69,234.76,215.42,229.14,350206.07,79439685.18
5/30/2017,194.82,233.09,185,228.69,448179.33,93703935.58
5/29/2017,175.48,199,167,194.82,218840.44,40622488.98
5/28/2017,159.91,185,159.59,175.48,235833.53,40666324.91
5/27/2017,163.8,172,115.67,159.91,464987.82,69086549.89
5/26/2017,181.51,199.99,140,163.8,437396.51,75414265.02
5/25/2017,196.06,217.85,162.04,181.51,482875.03,96398922.27
5/24/2017,169.95,202,167.7,196.06,360830.35,67895079.24
5/23/2017,160.1,177.9,155.7,169.95,269250.5,44761219.81
5/22/2017,148.78,184.22,131.22,160.1,642448.27,105740817.1
5/21/2017,123.63,148.97,122,148.78,318574.91,43505747.13
5/20/2017,125.14,129.34,121,123.63,198964.37,25031581.26
5/19/2017,96.2,129.98,96.18,125.14,484280.55,54963567.09
5/18/2017,86.88,96.2,86.5,96.2,173249.17,15993643.17
5/17/2017,87.98,89.98,82.5,86.88,152677.51,13232890.86
5/16/2017,91,92.3,87.08,87.98,127110.8,11416157.35
5/15/2017,89.39,94.7,89.28,91,130441.28,11937509.69
5/14/2017,88.42,89.94,87.13,89.39,53049.01,4713507.67
5/13/2017,85.17,88.74,82,88.42,88615.54,7600806.6
5/12/2017,88.3,90.3,82.2,85.17,135056.75,11796903.84
5/11/2017,88.36,90.99,87.01,88.3,115134.68,10213510.73
5/10/2017,86.58,91.98,85.39,88.36,142798.6,12651925.92
5/9/2017,89.25,90.08,75.89,86.58,273001.48,23133637.07
5/8/2017,93.82,94.74,85.1,89.25,210827.43,19027227.25
5/7/2017,95.84,97.95,90,93.82,145930.52,13871180.1
5/6/2017,91.93,96.42,91.93,95.84,111326.05,10490087.26
5/5/2017,95.97,98.98,89,91.93,240061.94,22792285.13
5/4/2017,81.29,96.66,80.31,95.97,353899.08,31607268.71
5/3/2017,77.55,81.4,75.89,81.29,216364.72,17027417.4
5/2/2017,79.35,83.07,75.54,77.55,208582.4,16427688.06
5/1/2017,80.87,85.21,72.24,79.35,416156.9,33480503.94
4/30/2017,70.4,82.9,70,80.87,269888.42,20584476.48
4/29/2017,73.14,74.89,68.24,70.4,242005.37,17346942.58
4/28/2017,63.67,74.9,62.5,73.14,439080.81,29764049.64
4/27/2017,53.42,63.99,52.66,63.67,305748.06,18218315.3
4/26/2017,50.31,54.85,50.25,53.42,187574.5,9911654.68
4/25/2017,50.12,50.75,50,50.31,76642.95,3861596.52
4/24/2017,48.96,50.44,48.94,50.12,87525.62,4374104.47
4/23/2017,48.61,49,48.25,48.96,52542.67,2555384.2
4/22/2017,48.37,49.08,48.22,48.61,58655.76,2853455.65
4/21/2017,49.38,49.49,48.24,48.37,75751.29,3712932.91
4/20/2017,47.78,49.5,47.6,49.38,93616.82,4546096.81
4/19/2017,49.79,50.32,47.25,47.78,103734.12,5131263.04
4/18/2017,47.94,49.93,47.7,49.79,80984.29,3962080.36
4/17/2017,48.13,48.29,47.5,47.94,54006.9,2587857.02
4/16/2017,48.94,49.25,47.5,48.13,42235.56,2043139.03
4/15/2017,47.2,74.98,46.78,48.94,43649.87,2084025.5
4/14/2017,49.77,50,46.52,47.2,84119.33,4024842.23
4/13/2017,46.48,51.11,46.22,49.77,173020.62,8494580.05
4/12/2017,43.83,47.88,43.58,46.48,123684.88,5618434.19
4/11/2017,43.92,44.5,43.55,43.83,54986.75,2420789.78
4/10/2017,43.92,44.65,42.72,43.92,68313.48,2978928.93
4/9/2017,44.45,44.74,42.72,43.92,56522.72,2474395.44
4/8/2017,42.32,45.5,42.31,44.45,78580.8,3500595.99
4/7/2017,43.3,44.64,41.57,42.32,106373.33,4566968.25
4/6/2017,44.78,45.97,41.1,43.3,171491.68,7464018.9
4/5/2017,44.47,47.63,44.2,44.78,153140.72,7054235.32
4/4/2017,44.25,46.25,41.45,44.47,217773.83,9516955.39
4/3/2017,48.74,48.97,42.39,44.25,320838.99,14666813.46
4/2/2017,50.71,51.19,48.14,48.74,150042.64,7453149.87
4/1/2017,50.18,51.85,48.85,50.71,90500.08,4562219.23
3/31/2017,51.87,52.41,46.98,50.18,247518.46,12258616.13
3/30/2017,53.1,53.34,51.52,51.87,132517.91,6956979.32
3/29/2017,50.3,53.97,50.11,53.1,242466.46,12696297.27
3/28/2017,48.97,50.44,48.51,50.3,148100.51,7348122.31
3/27/2017,50.73,51.71,48.28,48.97,167688.47,8404872.05
3/26/2017,50.5,51.5,48.51,50.73,138810.77,6961266.89
3/25/2017,52.93,53.4,47.29,50.5,321381.11,16183488.6
3/24/2017,42.99,53.44,42.5,52.93,410838.4,19785456.56
3/23/2017,41.37,43.97,40.33,42.99,176095.67,7419929.65
3/22/2017,42.36,42.59,38.26,41.37,215074.73,8694763.41
3/21/2017,42.31,43.68,41.76,42.36,153365.51,6558176.59
3/20/2017,43.21,45.25,40.86,42.31,228423.36,9886785.64
3/19/2017,34.03,45.64,33.64,43.21,456278.75,18290571.59
3/18/2017,44.62,45,30.7,34.03,568891.39,21037389.23
3/17/2017,45.96,57.67,35.04,44.62,714087.72,33187742.19
3/16/2017,35.65,47.03,35.65,45.96,730115.9,29848110.67
3/15/2017,28.69,35.86,28.5,35.65,407951.45,13024043.77
3/14/2017,28.63,30,27.16,28.69,225827.62,6463914.73
3/13/2017,23.39,31.1,23.38,28.63,624529.57,17313033.21
3/12/2017,21.64,24.25,21.33,23.39,263530.04,5998303.82
3/11/2017,19.2,21.89,18.91,21.64,227081.01,4620772.87
3/10/2017,17.82,19.7,17.01,19.2,308771.31,5707738.07
3/9/2017,16.68,18.29,16.2,17.82,182290.07,3139630.97
3/8/2017,18.96,18.96,16.65,16.68,280369.05,4972148.41
3/7/2017,19.68,19.77,18.59,18.96,156647.94,3000705.32
3/6/2017,19.37,20.24,19.17,19.68,141862.26,2804985.76
3/5/2017,18.65,19.45,18.18,19.37,126250.85,2382207.51
3/4/2017,19.68,20.4,18.65,18.65,150668.49,2942700.62
3/3/2017,19.27,21.49,18.2,19.68,418054.19,8292701.24
3/2/2017,17.37,19.99,16.88,19.27,353316.15,6530061.52
3/1/2017,16.4,17.58,15.68,17.37,251573.29,4080210.08
2/28/2017,15.66,16.94,15.21,16.4,344427.99,5496235.97
2/27/2017,14.74,16.32,14.37,15.66,227368.74,3437218.12
2/26/2017,13.65,14.84,13.4,14.74,100635.82,1418191.22
2/25/2017,13.2,13.87,13.06,13.65,96768.93,1307178.81
2/24/2017,13.21,13.33,12.81,13.2,141491.9,1860597.64
2/23/2017,12.75,13.37,12.73,13.21,99246.56,1290646.25
2/22/2017,12.83,12.99,12.68,12.75,80632.75,1031954.05
2/21/2017,12.61,12.87,12.3,12.83,98509.52,1249472.69
2/20/2017,12.9,12.95,12.56,12.61,69567.33,893778.72
2/19/2017,12.89,12.95,12.79,12.9,34803.03,448524.09
2/18/2017,12.75,12.93,12.75,12.89,45243.07,581885.8
2/17/2017,12.89,12.95,12.71,12.75,90714.24,1163632.19
2/16/2017,12.98,13.03,12.62,12.89,88431.49,1133886.62
2/15/2017,13.02,14,12.66,12.98,128207.3,1662522.93
2/14/2017,11.44,14.7,11.39,13.02,234876.32,2938787.27
2/13/2017,11.48,11.54,11.21,11.44,49178.09,559274.36
2/12/2017,11.49,11.54,11.4,11.48,23063.54,264674.2
2/11/2017,11.38,11.5,11.34,11.49,35279.96,403164.61
2/10/2017,10.99,11.48,10.88,11.38,68704.08,768879.39
2/9/2017,11.45,11.54,10.61,10.99,111383.23,1229309.94
2/8/2017,11.49,11.65,11.15,11.45,88301.88,1006729.73
2/7/2017,11.34,11.59,11.29,11.49,56217.1,643851.89
2/6/2017,11.29,11.42,11.22,11.34,45016.88,509447.54
2/5/2017,11.42,11.44,11.15,11.29,40199.13,453748.39
2/4/2017,10.95,11.45,10.94,11.42,85693.75,965965.73
2/3/2017,10.82,10.95,10.67,10.95,49201.44,531755.42
2/2/2017,10.73,10.86,10.62,10.82,47862.16,513774.84
2/1/2017,10.74,10.86,10.51,10.73,58999.83,630953.69
1/31/2017,10.59,10.79,10.58,10.74,38762.79,413350.16
1/30/2017,10.5,10.71,10.37,10.59,41621.54,437746.54
1/29/2017,10.57,10.58,10.46,10.5,17940.18,189086.3
1/28/2017,10.51,10.58,10.47,10.57,26141.66,275287.46
1/27/2017,10.66,10.67,10.42,10.51,45753.98,481848.22
1/26/2017,10.52,10.66,10.5,10.66,42966.6,454473.45
1/25/2017,10.51,10.66,10.43,10.52,41493.67,437457.96
1/24/2017,10.79,10.92,10.51,10.51,50346.28,536371.79
1/23/2017,10.78,10.85,10.65,10.79,37450.63,403154.84
1/22/2017,10.99,11.07,10.66,10.78,48319.33,525789.51
1/21/2017,10.65,11.06,10.58,10.99,58646.7,635251.37
1/20/2017,10.47,10.81,10.42,10.65,60007.76,637465.38
1/19/2017,10.23,10.5,10.18,10.47,46097.26,477203.58
1/18/2017,10.2,10.51,9.99,10.23,62085.98,635612.04
1/17/2017,9.62,10.53,9.62,10.2,69235.88,705202.76
1/16/2017,9.95,10.23,9.56,9.62,59203.77,580658.15
1/15/2017,9.85,10.05,9.8,9.95,26342.6,261429.64
1/14/2017,9.79,9.94,9.69,9.85,36466.57,357369.07
1/13/2017,9.89,9.91,9.51,9.79,75160.15,727665.4
1/12/2017,9.9,10.4,9.12,9.89,79325.95,767211.3
1/11/2017,10.66,10.84,9.47,9.9,136012.38,1369411.64
1/10/2017,10.37,10.75,10.34,10.66,53708.47,569251.05
1/9/2017,10.44,10.94,10.23,10.37,70750.14,750906.37
1/8/2017,9.96,10.58,9.89,10.44,60801.43,622028.4
1/7/2017,10.13,10.21,9.58,9.96,66199.34,655263.79
1/6/2017,10.28,10.46,9.52,10.13,138104.31,1390099.98
1/5/2017,10.98,11.8,9.08,10.28,309761.56,3301868.66
1/4/2017,9.69,10.99,9.34,10.98,240108.54,2520314.73
1/3/2017,8.36,10.02,8.24,9.69,186381.64,1727093.22
1/2/2017,8.18,8.53,8.05,8.36,69677.68,576281.05
1/1/2017,8.13,8.6,8.08,8.18,59493.79,494058.62
12/31/2016,8.22,8.29,8,8.13,42604.11,345489.04
12/30/2016,8.29,8.52,8.01,8.22,68694.29,569292.34
12/29/2016,7.62,8.53,7.58,8.29,146158.7,1193400.15
12/28/2016,7.16,7.72,7.05,7.62,94309.02,693301.5
12/27/2016,7.23,7.37,7.05,7.16,44686.29,321652.14
12/26/2016,7.22,7.33,7.02,7.23,26968.38,194829.13
12/25/2016,7.24,7.34,7.12,7.22,25909.14,186997.54
12/24/2016,7.18,7.46,7.01,7.24,30547.09,222362.53
12/23/2016,7.65,7.67,7.04,7.18,96220.41,708517.98
12/22/2016,7.88,7.95,7.5,7.65,84291.82,646148.32
12/21/2016,7.58,7.97,7.58,7.88,46425.49,362704.2
12/20/2016,7.62,7.77,7.55,7.58,29862.69,228186.17
12/19/2016,7.94,7.95,7.57,7.62,39547.57,308122.73
12/18/2016,7.68,7.97,7.68,7.94,22625.38,177946.56
12/17/2016,7.89,7.9,7.51,7.68,36896.29,283252.59
12/16/2016,7.77,7.95,7.77,7.89,32425.44,254421.75
12/15/2016,8.26,8.32,7.64,7.77,75000.43,598430.15
12/14/2016,8.4,8.48,8.22,8.26,33422.27,279642.06
12/13/2016,8.49,8.57,8.35,8.4,37648.68,318236.02
12/12/2016,8.25,8.62,8.18,8.49,43335.74,364335.73
12/11/2016,8.12,8.26,8.11,8.25,21536.23,176639.09
12/10/2016,8.55,8.55,8.04,8.12,45391.72,375676.39
12/9/2016,8.27,8.65,7.97,8.55,60071.95,502456.5
12/8/2016,8.37,8.95,8.22,8.27,67714.48,575754.13
12/7/2016,7.71,8.6,7.71,8.37,46875.49,385565.99
12/6/2016,6.69,7.11,6.41,6.81,47706.85,320854.59
12/5/2016,7.54,7.58,6.56,6.69,95587.37,680001.88
12/4/2016,7.9,7.95,7.43,7.54,42711.41,328632.2
12/3/2016,7.68,8.12,7.34,7.9,58289.52,456900.49
12/2/2016,8.46,8.47,7.27,7.68,116181.65,910277.73
12/1/2016,8.63,8.68,8.3,8.46,43101.87,364337.42
11/30/2016,8.19,8.75,8.14,8.63,56318.84,477993.39
11/29/2016,8.66,8.72,7.79,8.19,84595.13,694478.36
11/28/2016,8.9,9,8.63,8.66,46102.71,403748.59
11/27/2016,9.34,9.34,8.66,8.9,61083.47,547128.12
11/26/2016,9.4,9.48,9.26,9.34,18214.99,170393.48
11/25/2016,9.21,9.74,9.16,9.4,24496.71,230892.74
11/24/2016,9.8,9.82,8.68,9.21,64049.63,595308.73
11/23/2016,9.83,9.93,9.73,9.8,22154.47,217902.68
11/22/2016,9.53,10.21,9.49,9.83,37365.82,367658.98
11/21/2016,9.6,9.65,9.41,9.53,28990.25,276799.18
11/20/2016,9.71,9.78,9.52,9.6,25176.99,242459.32
11/19/2016,9.53,9.78,9.45,9.71,26967.97,259671.2
11/18/2016,9.98,9.98,9.45,9.53,54539.8,526535.47
11/17/2016,10.02,10.13,9.8,9.98,47840.4,477120.56
11/16/2016,10.28,10.42,9.82,10.02,42250.29,429620.15
11/15/2016,10.03,10.3,9.81,10.28,30136.06,304636.4
11/14/2016,10.14,10.19,9.93,10.03,30934.5,311059.6
11/13/2016,9.96,10.41,9.65,10.14,29006.07,291002.06
11/12/2016,10.31,10.34,9.67,9.96,42103.64,422820.75
11/11/2016,10.52,10.71,10.16,10.31,43185.33,449482.67
11/10/2016,10.66,10.68,10.44,10.52,26327.63,278479.24
11/9/2016,10.86,10.86,10.28,10.66,76390.23,810817.47
11/8/2016,10.94,11.01,10.81,10.86,39073.8,425634.43
11/7/2016,11.02,11.06,10.91,10.94,26659.97,292436.87
11/6/2016,11.16,11.2,10.92,11.02,20641.26,227864.33
11/5/2016,11.15,11.24,11.01,11.16,21746.4,242057.6
11/4/2016,10.88,11.15,10.81,11.15,33755.55,371719.48
11/3/2016,10.83,11.14,10.77,10.88,51350.07,561271.86
11/2/2016,10.79,11.17,10.72,10.83,38938.13,425124.05
11/1/2016,10.95,11.24,10.35,10.79,70151.2,752055.26
10/31/2016,11.22,11.44,10.85,10.95,35056.52,390366.38
10/30/2016,10.43,11.45,10.35,11.22,41977.21,454027.03
10/29/2016,11.1,11.35,9.52,10.43,86942.69,910824.54
10/28/2016,11.43,11.63,10.93,11.1,50124.99,563547.91
10/27/2016,11.5,11.57,11.22,11.43,42811.32,489143.84
10/26/2016,11.32,11.7,11.28,11.5,41652.63,479974.1
10/25/2016,11.9,11.95,11.05,11.32,72129.63,828602.98
10/24/2016,11.92,11.99,11.89,11.9,21117.33,252158.88
10/23/2016,12.04,12.06,11.87,11.92,19686.11,235536.79
10/22/2016,12.05,12.14,11.87,12.04,25762.92,309486.31
10/21/2016,12.03,12.13,11.96,12.05,19202.07,231349.08
10/20/2016,11.97,12.26,11.92,12.03,30223.82,364845.02
10/19/2016,12.53,12.65,11.88,11.97,39494.74,481313.07
10/18/2016,11.97,12.94,11.91,12.53,46583.18,583173.3
10/17/2016,11.94,11.99,11.83,11.97,29110.6,346677.44
10/16/2016,11.95,12.05,11.9,11.94,15411.22,184498.14
10/15/2016,11.9,11.97,11.78,11.95,21439.53,253897.8
10/14/2016,12.05,12.07,11.84,11.9,39154.1,468016.36
10/13/2016,11.77,12.11,11.72,12.05,31713.6,378163.97
10/12/2016,11.76,12.11,11.68,11.77,35232.03,417156.84
10/11/2016,11.78,12.24,11.7,11.76,37042.12,442409.87
10/10/2016,12.05,12.18,11.62,11.78,47080.88,558357.25
10/9/2016,12.28,12.43,12.02,12.05,24668.77,300398.5
10/8/2016,12.69,12.74,12.06,12.28,33724.29,417259.1
10/7/2016,12.87,13.08,12.5,12.69,52947.36,673373.41
10/6/2016,13.1,13.18,12.68,12.87,48924.89,633446.44
10/5/2016,13.34,13.45,13.1,13.1,36204.22,480585.69
10/4/2016,13.52,13.58,13.24,13.34,53980.62,725294.13
10/3/2016,13.28,13.56,13.25,13.52,35524.38,474831.78
10/2/2016,13.24,13.31,13.19,13.28,20286.88,269204.41
10/1/2016,13.24,13.31,13.09,13.24,31926.29,421455.89
9/30/2016,13.18,13.39,13.08,13.24,34957.43,463147.69
9/29/2016,13.31,13.39,13.1,13.18,34644.4,457136.92
9/28/2016,13.11,13.58,13.09,13.31,43345.64,578657.94
9/27/2016,12.88,13.25,12.83,13.11,27757.2,362974.48
9/26/2016,13.07,13.15,12.83,12.88,23475.27,304283.73
9/25/2016,12.94,13.18,12.8,13.07,19337.69,251495.17
9/24/2016,13.36,13.41,12.62,12.94,36956.47,479447.22
9/23/2016,13.1,13.45,13.1,13.36,25589.46,341499.52
9/22/2016,13.71,13.89,12.33,13.1,70006.03,913658.53
9/21/2016,15.09,15.25,13.16,13.71,90366.73,1277839.59
9/20/2016,12.92,15.13,12.92,15.09,101670.03,1405428.92
9/19/2016,12.58,13.2,12.57,12.92,34556.46,446774.78
9/18/2016,12.88,12.98,12.33,12.58,54712.42,695585.11
9/17/2016,12.6,12.99,12.41,12.88,32860.58,417390.13
9/16/2016,11.96,12.76,11.86,12.6,56556.87,696618.19
9/15/2016,11.93,12.1,11.9,11.96,22297.35,267644.26
9/14/2016,11.92,12.03,11.8,11.93,24430.16,291608.15
9/13/2016,11.87,12.08,11.84,11.92,29060.43,348402.1
9/12/2016,11.64,11.95,11.64,11.87,20651.61,243496.83
9/11/2016,12.07,12.21,11.6,11.64,27312.35,325151.28
9/10/2016,11.61,12.07,11.55,12.07,18320.13,214832.59
9/9/2016,11.42,11.69,11.34,11.61,21410.51,247578.18
9/8/2016,11.6,11.7,11.31,11.42,31887.78,365353.9
9/7/2016,11.73,11.9,11.53,11.6,33740.93,393487.14
9/6/2016,11.77,11.77,11.5,11.73,26580.55,309379.3
9/5/2016,11.76,11.84,11.62,11.77,14026.67,164614.3
9/4/2016,11.83,11.9,11.54,11.76,19353.76,227150.01
9/3/2016,12.11,12.47,11.6,11.83,37128.37,443042.48
9/2/2016,12.24,12.35,11.95,12.11,43871.51,532302.29
9/1/2016,11.52,12.5,11.52,12.24,84876.65,1026327.84
8/31/2016,11.2,11.53,11.09,11.52,36187.64,411082.87
8/30/2016,10.95,11.25,10.95,11.2,25615.97,285024.88
8/29/2016,10.98,11.16,10.8,10.95,33061.33,361476.29
8/28/2016,11.21,11.22,10.98,10.98,17866.23,197944.62
8/27/2016,11.29,11.3,11.17,11.21,19407.52,217997.6
8/26/2016,11.34,11.47,11.2,11.29,27567.11,311916.84
8/25/2016,11,11.34,10.99,11.34,28341.96,317571.2
8/24/2016,10.98,11.16,10.98,11,24080.06,266356.65
8/23/2016,11.08,11.2,10.85,10.98,32619.53,359402.76
8/22/2016,11.17,11.34,11.04,11.08,36062.83,404540.54
8/21/2016,11.31,11.32,10.98,11.17,17897.44,199217.45
8/20/2016,10.73,11.37,10.7,11.31,35260.07,392463.4
8/19/2016,10.77,10.86,10.65,10.73,28732.12,309823.9
8/18/2016,10.79,11.06,10.76,10.77,35887.01,391209.57
8/17/2016,11.18,11.26,10.69,10.79,39790.65,435573.53
8/16/2016,11.22,11.49,11,11.18,51581.45,573793.01
8/15/2016,11.29,11.52,11.02,11.22,32328.91,361830.4
8/14/2016,11.59,11.76,11.2,11.29,25914.82,296885.34
8/13/2016,11.82,11.86,11.54,11.59,28160.61,330244.84
8/12/2016,11.73,12.08,11.65,11.82,29525.34,350447.66
8/11/2016,12.25,12.39,11.6,11.73,55585.22,662172.86
8/10/2016,12.31,12.91,11.87,12.25,146769.49,1805041.92
8/9/2016,11.34,12.48,11.24,12.31,83827,998938.88
8/8/2016,11.05,11.42,10.94,11.34,30466.37,338209.87
8/7/2016,10.99,11.25,10.84,11.05,30423.9,335545.92
8/6/2016,11.18,11.24,10.42,10.99,34629.61,377156.03
8/5/2016,11.31,11.4,10.81,11.18,46720.03,521997.09
8/4/2016,10.7,11.55,10.42,11.31,101792.83,1125384.75
8/3/2016,8.46,10.78,8.09,10.7,216803.56,2138637.67
8/2/2016,11.02,11.31,6.68,8.46,193498.37,1877009.59
8/1/2016,11.89,12.12,11,11.02,88422.24,1015397.95
7/31/2016,12.6,12.67,11.61,11.89,56314.3,683933.51
7/30/2016,12.9,12.9,12.55,12.6,37767.95,481455.69
7/29/2016,12.95,12.98,12.57,12.9,53815.38,686795.14
7/28/2016,13.14,13.14,12.53,12.95,66922.79,858173.96
7/27/2016,12.1,13.4,11.75,13.14,115692.4,1453310.66
7/26/2016,14,14.01,11.92,12.1,161498.61,2048560.56
7/25/2016,12.66,14,12.56,14,92702.64,1241681.71
7/24/2016,14.5,14.6,12.05,12.66,139529.33,1836976.95
7/23/2016,14.99,15.39,14,14.5,122836.41,1803112.53
7/22/2016,12.84,15,12.73,14.99,191777.76,2678035.96
7/21/2016,12.58,13.09,12.1,12.84,71786.16,917191.68
7/20/2016,11.69,13,11.22,12.58,38321.88,472248.84
7/19/2016,11.15,11.98,11.03,11.69,7874.88,90324.43
7/18/2016,11.31,11.93,11,11.15,15178.86,172749.32
7/17/2016,11.91,11.92,11.02,11.31,11449.78,130318.26
7/16/2016,12,12.4,11.8,11.91,7523.89,90180.86
7/15/2016,11.68,12.75,11.36,12,24795.42,301973.25
7/14/2016,10.5,11.78,10.33,11.68,24023.93,268878.96
7/13/2016,10.52,10.65,10.49,10.5,5540.36,58480.48
7/12/2016,10.68,10.98,10.5,10.52,13903.14,148530.79
7/11/2016,11.02,11.16,10.11,10.68,10893.75,116212.43
7/10/2016,11,11.3,10.9,11.02,9647.39,106589.02
7/9/2016,11.22,11.57,10.68,11,9092.21,100852.1
7/8/2016,10.08,11.8,10.05,11.22,27964.91,305714.65
7/7/2016,10.59,10.7,9.75,10.08,20921.16,210156.3
7/6/2016,10.5,11,10.24,10.59,14605.23,154142.82
7/5/2016,11.43,11.48,9.31,10.5,34353.15,348385.71
7/4/2016,11.99,12.02,11.41,11.43,5278.27,61069.63
7/3/2016,12.16,12.16,11.65,11.99,12186.5,144805.86
7/2/2016,12.3,12.45,12,12.16,11562.02,140575.03
7/1/2016,12.49,12.54,11.8,12.3,19132.21,233295.09
6/30/2016,12.81,13.06,12.19,12.49,14560.12,182893.14
6/29/2016,12.17,13.13,11.62,12.81,23679.15,291315.39
6/28/2016,14.07,14.25,11.52,12.17,42160.13,536610.13
6/27/2016,14.04,14.59,13.6,14.07,11846.86,167372.59
6/26/2016,14.39,14.49,13.75,14.04,5726.83,80358.56
6/25/2016,14.52,14.74,14,14.39,10391.12,150523.13
6/24/2016,13.87,14.8,13.25,14.52,33067.56,465788.3
6/23/2016,13.35,14.5,12.68,13.87,35402.07,472302.04
6/22/2016,12.8,15.89,12.76,13.35,65589.9,937751.6
6/21/2016,11.8,12.8,11.2,12.8,31632.08,383368.4
6/20/2016,12.36,12.74,10.8,11.8,32647.05,383026.97
6/19/2016,11.55,13.4,10.72,12.36,30892.52,370778.28
6/18/2016,15.75,15.75,10,11.55,79296.12,977144.59
6/17/2016,21.09,22,13.75,15.75,122187.18,2046737.16
6/16/2016,18.58,21.35,18.42,21.09,32005.03,635952.27
6/15/2016,18.7,18.81,17.89,18.58,13471.3,249416.27
6/14/2016,17.9,19.08,16.96,18.7,34698.03,625567.59
6/13/2016,15.9,17.93,15.49,17.9,24221.67,411340.35
6/12/2016,14.1,15.9,13.92,15.9,20750.08,309647.42
6/11/2016,14.11,14.29,13.86,14.1,7305.84,102532.3
6/10/2016,14.71,14.74,13.76,14.11,16995.71,242199.34
6/9/2016,14.61,14.85,14.55,14.71,8848.44,129706.89
6/8/2016,14.65,14.87,14.4,14.61,12109.89,177565.8
6/7/2016,14.22,14.69,13.97,14.65,12603.05,179454.21
6/6/2016,14.04,14.3,13.83,14.22,5069.23,71184.96
6/5/2016,13.81,14.06,13.8,14.04,2107.55,29378.03
6/4/2016,13.88,14.03,13.56,13.81,6130.33,84986.59
6/3/2016,14.02,14.12,13.49,13.88,12207.16,168475.99
6/2/2016,13.93,14.18,13.76,14.02,8048.39,112783.07
6/1/2016,14,14.45,13.5,13.93,10369.02,145746.12
5/31/2016,12.41,14.24,12.37,14,5654.91,76994.75
5/30/2016,12.34,12.88,12,12.41,4110.59,51655.95
5/29/2016,11.93,12.49,11.65,12.34,3481.3,42228.37
5/28/2016,11.25,12.44,10.7,11.93,15810.34,180822.02
5/27/2016,11.98,11.98,10.25,11.25,13749.03,151147.98
