30-Apr-19,1,1.01,0.998057,1.01
29-Apr-19,0.993907,1,0.993003,1
28-Apr-19,0.994657,1,0.992294,0.993873
27-Apr-19,0.991367,0.99729,0.989233,0.994751
26-Apr-19,0.994202,0.99657,0.974206,0.991103
25-Apr-19,1.01,1.02,0.985255,0.992808
24-Apr-19,1.01,1.02,1,1.01
23-Apr-19,1.01,1.01,0.997461,1.01
22-Apr-19,1.01,1.01,1,1.01
21-Apr-19,1.01,1.01,1,1.01
20-Apr-19,1.01,1.01,1,1.01
19-Apr-19,1,1.01,1,1.01
18-Apr-19,1.01,1.01,1,1
17-Apr-19,1.01,1.01,1,1.01
16-Apr-19,1,1.01,0.997263,1.01
15-Apr-19,1.01,1.02,0.998905,1
14-Apr-19,1.01,1.01,1,1.01
13-Apr-19,1.01,1.01,1,1.01
12-Apr-19,1.01,1.01,1,1.01
11-Apr-19,1,1.02,1,1.01
10-Apr-19,1.01,1.02,0.999955,1
9-Apr-19,1.01,1.02,1.01,1.01
8-Apr-19,1,1.02,0.999769,1.01
7-Apr-19,1,1.01,1,1
6-Apr-19,1.01,1.01,0.997995,1
5-Apr-19,1,1.01,0.999635,1.01
4-Apr-19,1.01,1.01,1,1.01
3-Apr-19,1.01,1.04,1,1.01
2-Apr-19,1,1.03,0.992272,1.01
1-Apr-19,1,1.01,0.997745,1
31-Mar-19,1,1,0.998,1
30-Mar-19,0.997396,1.05,0.993254,1
29-Mar-19,1.01,1.01,0.99519,0.998496
28-Mar-19,1.01,1.02,1,1.01
27-Mar-19,1.01,1.02,1.01,1.01
26-Mar-19,1.01,1.01,1,1.01
25-Mar-19,1.01,1.01,0.99803,1.01
24-Mar-19,1.01,1.01,1,1.01
23-Mar-19,1.01,1.01,1.01,1.01
22-Mar-19,1.01,1.01,1.01,1.01
21-Mar-19,1.01,1.02,1.01,1.01
20-Mar-19,1.02,1.02,1.01,1.01
19-Mar-19,1.01,1.02,1.01,1.01
18-Mar-19,1.01,1.01,1.01,1.01
17-Mar-19,1.01,1.02,1.01,1.01
16-Mar-19,1.01,1.02,1,1.01
15-Mar-19,1.01,1.01,1.01,1.01
14-Mar-19,1.01,1.02,1.01,1.01
13-Mar-19,1.01,1.02,1.01,1.01
12-Mar-19,1.01,1.01,1,1.01
11-Mar-19,1.01,1.01,1.01,1.01
10-Mar-19,1.01,1.01,1,1.01
9-Mar-19,1.01,1.01,1.01,1.01
8-Mar-19,1.01,1.02,1,1.01
7-Mar-19,1.01,1.02,1.01,1.01
6-Mar-19,1.01,1.02,1.01,1.01
5-Mar-19,1.01,1.01,1,1.01
4-Mar-19,1.01,1.02,1.01,1.01
3-Mar-19,1.01,1.01,1.01,1.01
2-Mar-19,1.01,1.01,1.01,1.01
1-Mar-19,1.01,1.02,1.01,1.01
28-Feb-19,1.01,1.02,1.01,1.01
27-Feb-19,1.01,1.02,1.01,1.01
26-Feb-19,1.01,1.02,1.01,1.01
25-Feb-19,1.01,1.02,1.01,1.02
24-Feb-19,1.01,1.05,1,1.01
23-Feb-19,1.01,1.01,1,1.01
22-Feb-19,1,1.01,1,1.01
21-Feb-19,1.01,1.01,1,1
20-Feb-19,1.01,1.01,1,1.01
19-Feb-19,1,1.01,1,1.01
18-Feb-19,1,1.01,0.996481,1.01
17-Feb-19,1,1.01,0.992513,1
16-Feb-19,1,1.01,0.998947,1
15-Feb-19,1.01,1.01,1,1
14-Feb-19,1,1.01,1,1.01
13-Feb-19,1,1.01,0.999526,1
12-Feb-19,1,1.01,0.998774,1
11-Feb-19,1,1.01,1,1
10-Feb-19,1,1.01,0.99993,1
9-Feb-19,1,1.01,0.998761,1
8-Feb-19,1,1.01,0.986769,1
7-Feb-19,1,1,0.998545,1
6-Feb-19,0.999498,1.01,0.992881,1
5-Feb-19,0.998435,1,0.995501,0.999532
4-Feb-19,1,1,0.997637,0.999826
3-Feb-19,1,1.01,0.998111,1
2-Feb-19,1.01,1.01,1,1
1-Feb-19,1,1.01,1,1.01
31-Jan-19,1.01,1.01,1,1.01
30-Jan-19,1.01,1.01,1,1.01
29-Jan-19,1.01,1.01,1.01,1.01
28-Jan-19,1.01,1.01,1.01,1.01
27-Jan-19,1.01,1.01,1,1.01
26-Jan-19,1.01,1.01,1,1.01
25-Jan-19,1.01,1.01,1.01,1.01
24-Jan-19,1.01,1.01,1,1.01
23-Jan-19,1.01,1.01,1.01,1.01
22-Jan-19,1.01,1.02,1.01,1.01
21-Jan-19,1.02,1.02,1.01,1.01
20-Jan-19,1.02,1.03,1.01,1.02
19-Jan-19,1.01,1.02,1.01,1.02
18-Jan-19,1.02,1.02,1.01,1.02
17-Jan-19,1.02,1.02,1.01,1.02
16-Jan-19,1.02,1.02,1.02,1.02
15-Jan-19,1.02,1.03,1.02,1.02
14-Jan-19,1.02,1.03,1.01,1.02
13-Jan-19,1.02,1.04,1.02,1.02
12-Jan-19,1.02,1.03,1.02,1.02
11-Jan-19,1.03,1.03,1.02,1.02
10-Jan-19,1.02,1.05,1.02,1.02
9-Jan-19,1.02,1.02,1.01,1.02
8-Jan-19,1.01,1.02,1.01,1.02
7-Jan-19,1.02,1.02,1.01,1.01
6-Jan-19,1.02,1.03,1,1.02
5-Jan-19,1.02,1.03,1.01,1.02
4-Jan-19,1.02,1.02,1.01,1.02
3-Jan-19,1.02,1.03,1.02,1.02
2-Jan-19,1.02,1.02,1.01,1.02
1-Jan-19,1.02,1.02,1.01,1.02
31-Dec-18,1.02,1.02,1.01,1.01
30-Dec-18,1.03,1.04,1.02,1.02
29-Dec-18,1.02,1.05,1.02,1.03
28-Dec-18,1.02,1.03,0.997092,1.02
27-Dec-18,1.02,1.04,1.02,1.02
26-Dec-18,1.02,1.03,1.01,1.02
25-Dec-18,1.02,1.03,1.01,1.02
24-Dec-18,1.02,1.03,1,1.02
23-Dec-18,1.02,1.03,1.01,1.02
22-Dec-18,1.01,1.02,1.01,1.02
21-Dec-18,1.02,1.03,1.01,1.02
20-Dec-18,1.02,1.04,1.01,1.02
19-Dec-18,1.01,1.02,1.01,1.02
18-Dec-18,1.01,1.02,1,1.01
17-Dec-18,1.01,1.02,0.995431,1.01
16-Dec-18,1.01,1.01,0.99703,1.01
15-Dec-18,1,1.01,0.998623,1
14-Dec-18,1,1.01,0.996187,1
13-Dec-18,1.01,1.01,0.996699,1
12-Dec-18,1.01,1.02,1.01,1.01
11-Dec-18,1.02,1.02,1.01,1.01
10-Dec-18,1.02,1.02,1.01,1.02
9-Dec-18,1.02,1.02,1.01,1.02
8-Dec-18,1,1.02,0.996744,1.02
7-Dec-18,0.998803,1.01,0.990759,1
6-Dec-18,0.991397,1.01,0.982076,0.998296
5-Dec-18,1,1,0.986742,0.992966
4-Dec-18,0.995331,1.01,0.984014,1
3-Dec-18,0.996676,1.01,0.989048,0.996594
2-Dec-18,0.999841,1,0.993351,0.998372
1-Dec-18,0.994961,1.02,0.982213,1
30-Nov-18,0.996603,1.01,0.986517,0.991823
29-Nov-18,0.995164,1.01,0.992057,0.997377
28-Nov-18,0.98332,1.01,0.980093,0.998622
27-Nov-18,0.978976,0.991699,0.966279,0.98426
26-Nov-18,0.975026,0.992572,0.96792,0.977243
25-Nov-18,0.978475,0.990603,0.961215,0.980969
24-Nov-18,0.98185,0.993022,0.964871,0.980224
23-Nov-18,0.990912,1,0.975762,0.98257
22-Nov-18,0.984784,0.999798,0.980565,0.998188
21-Nov-18,0.973448,0.996446,0.964658,0.987504
20-Nov-18,0.977554,0.993013,0.950014,0.968799
19-Nov-18,0.993963,1,0.976188,0.98273
18-Nov-18,0.985216,0.99497,0.983333,0.992533
17-Nov-18,0.989956,0.992895,0.984771,0.985869
16-Nov-18,0.983179,0.992339,0.979035,0.987027
15-Nov-18,0.972578,0.992574,0.962447,0.982022
14-Nov-18,0.9832,1,0.964191,0.966644
13-Nov-18,0.987837,0.994797,0.97994,0.985118
12-Nov-18,0.990272,0.997591,0.9872,0.989148
11-Nov-18,0.997203,1,0.990462,0.990462
10-Nov-18,0.995397,0.998994,0.990663,0.99718
9-Nov-18,0.994384,0.999944,0.98875,0.994832
8-Nov-18,0.992254,0.999743,0.989538,0.994333
7-Nov-18,0.993524,0.998494,0.989453,0.99327
6-Nov-18,0.994805,0.996876,0.987816,0.992796
5-Nov-18,0.989849,1.01,0.989849,0.993176
4-Nov-18,0.99902,1,0.945723,0.988708
3-Nov-18,0.993098,1.01,0.992882,0.999433
2-Nov-18,0.990714,0.996147,0.976929,0.993501
1-Nov-18,0.987386,1.02,0.987285,0.99172
31-Oct-18,0.998544,1.01,0.983885,0.988122
30-Oct-18,0.995925,0.999797,0.984211,0.996671
29-Oct-18,0.996364,1.01,0.991676,0.996859
28-Oct-18,0.995223,0.998892,0.991548,0.998453
27-Oct-18,0.987778,0.997335,0.987005,0.993097
26-Oct-18,0.988571,0.990475,0.981313,0.989789
25-Oct-18,0.990443,0.99149,0.984888,0.988791
24-Oct-18,0.986011,0.988612,0.982466,0.988612
23-Oct-18,0.984913,0.990374,0.982528,0.987962
22-Oct-18,0.985726,0.99521,0.976333,0.983998
21-Oct-18,0.984348,0.988854,0.974997,0.983548
20-Oct-18,0.988241,0.990877,0.977601,0.983831
19-Oct-18,0.981291,0.989284,0.978021,0.987712
18-Oct-18,0.972522,0.985084,0.967321,0.980858
17-Oct-18,0.977078,0.97869,0.966323,0.971225
16-Oct-18,0.979243,0.985358,0.969406,0.975152
15-Oct-18,0.993084,0.993084,0.925284,0.980138
14-Oct-18,0.987869,0.995905,0.984209,0.98957
13-Oct-18,0.995036,0.995455,0.98494,0.988046
12-Oct-18,0.998704,0.998704,0.98367,0.994102
11-Oct-18,0.992934,1.02,0.987252,0.993026
10-Oct-18,0.995332,1,0.990803,0.993502
9-Oct-18,0.996374,0.999826,0.991899,0.996779
8-Oct-18,0.996229,1,0.990055,0.995814
7-Oct-18,0.997938,1,0.992553,0.996617
6-Oct-18,0.996503,1,0.995775,0.997177
5-Oct-18,0.996195,1,0.989995,0.995778
4-Oct-18,0.99834,1,0.988396,0.996185
3-Oct-18,1,1.01,0.991395,0.998569
2-Oct-18,0.99538,1,0.993995,0.999741
1-Oct-18,0.996818,1.01,0.993728,0.997925
30-Sep-18,1,1.01,0.991041,1
29-Sep-18,1,1.01,0.990836,0.999602
28-Sep-18,0.994787,1.01,0.988149,1
27-Sep-18,1,1.01,0.977865,0.997107
26-Sep-18,1,1.01,0.990897,1
25-Sep-18,1.01,1.01,0.99306,1
24-Sep-18,0.999409,1.01,0.994282,1
23-Sep-18,0.996163,1.01,0.992725,0.999512
22-Sep-18,0.992045,1.02,0.982721,1
21-Sep-18,0.998697,1.02,0.975145,0.994428
20-Sep-18,0.999453,1.01,0.990492,1
19-Sep-18,1.01,1.01,0.96457,1
18-Sep-18,1.01,1.01,0.980623,1
17-Sep-18,0.999014,1.01,0.995283,1
16-Sep-18,1,1.01,0.995185,1
15-Sep-18,1.01,1.01,0.993745,1
14-Sep-18,0.998975,1.02,0.988274,1
13-Sep-18,1,1.01,0.986957,1.01
12-Sep-18,1,1.01,0.989434,1
11-Sep-18,0.99645,1.02,0.99645,1
10-Sep-18,0.998831,1.01,0.995038,1
9-Sep-18,1,1.02,0.968354,1
8-Sep-18,1.01,1.02,0.997322,1
7-Sep-18,1,1.01,0.996252,1.01
6-Sep-18,1.01,1.03,0.989162,1
5-Sep-18,0.999856,1.03,0.997398,1.01
4-Sep-18,0.999627,1,0.993396,0.999517
3-Sep-18,0.995396,1,0.99301,0.998642
2-Sep-18,0.996865,1.01,0.993394,0.997839
1-Sep-18,1,1,0.985154,0.996813
31-Aug-18,1,1.01,0.996037,1
30-Aug-18,0.999735,1.01,0.992116,1
29-Aug-18,1,1.02,0.991106,1
28-Aug-18,0.99767,1,0.991961,0.999395
27-Aug-18,1,1.01,0.983211,0.997802
26-Aug-18,1,1.01,0.99775,0.999227
25-Aug-18,0.998537,1,0.995268,1
24-Aug-18,0.998429,1.01,0.994293,1
23-Aug-18,1,1,0.993635,0.998976
22-Aug-18,1,1.01,0.981115,1
21-Aug-18,1.01,1.01,0.995364,1
20-Aug-18,1,1.02,0.997007,1.01
19-Aug-18,1.01,1.01,0.996864,1
18-Aug-18,1,1.01,0.996478,1
17-Aug-18,1,1.01,0.994058,0.997761
16-Aug-18,1,1.01,0.993986,1
15-Aug-18,0.99503,1.01,0.993253,1
14-Aug-18,1,1.02,0.991974,0.997543
13-Aug-18,1,1.02,0.994659,1
12-Aug-18,1.01,1.01,0.99493,1
11-Aug-18,1,1.01,0.978541,1.01
10-Aug-18,1,1.01,0.991889,1
9-Aug-18,1,1.01,0.979456,1
8-Aug-18,1,1.02,0.991345,1
7-Aug-18,0.999416,1.03,0.995265,1
6-Aug-18,1,1,0.998169,1
5-Aug-18,0.997972,1,0.996254,0.999347
4-Aug-18,1,1,0.993336,0.998505
3-Aug-18,1,1,0.995755,0.999095
2-Aug-18,0.998746,1,0.995199,1
1-Aug-18,0.999215,1,0.994754,0.999409
31-Jul-18,0.999708,1.01,0.99534,0.999507
30-Jul-18,0.999317,1.01,0.993987,0.99891
29-Jul-18,0.996403,1,0.995105,0.998919
28-Jul-18,0.995606,1,0.995606,0.997887
27-Jul-18,0.999553,1,0.991179,0.997118
26-Jul-18,0.99674,1,0.992867,0.997951
25-Jul-18,0.992372,1,0.985008,0.998791
24-Jul-18,0.997918,1,0.99339,0.996505
23-Jul-18,1,1,0.991952,0.997496
22-Jul-18,1,1.01,0.994756,0.999843
21-Jul-18,1,1,0.995731,1
20-Jul-18,0.998921,1.01,0.994279,1
19-Jul-18,1,1,0.993331,0.998088
18-Jul-18,0.999476,1.01,0.993404,1
17-Jul-18,1,1.01,0.979782,1
16-Jul-18,0.998966,1,0.988297,0.999139
15-Jul-18,1,1,0.996664,0.998352
14-Jul-18,1,1.01,0.998031,1
13-Jul-18,0.999377,1.01,0.995791,1
12-Jul-18,1,1.01,0.994467,0.99907
11-Jul-18,1,1.01,0.998898,1
10-Jul-18,1.01,1.01,0.997819,1
9-Jul-18,1,1.01,1,1.01
8-Jul-18,1,1.01,1,1
7-Jul-18,1,1.01,0.989028,1.01
6-Jul-18,1.01,1.01,0.998692,1
5-Jul-18,1,1.01,0.999482,1.01
4-Jul-18,0.998857,1,0.993437,0.999195
3-Jul-18,0.997445,1,0.995343,1
2-Jul-18,0.999402,1,0.993193,0.998859
1-Jul-18,0.997323,1.01,0.997016,0.998821
30-Jun-18,1,1.01,0.992682,0.999192
29-Jun-18,0.996047,1.01,0.990261,1
28-Jun-18,0.998823,1,0.989789,0.997193
27-Jun-18,1,1.01,0.981484,0.997935
26-Jun-18,0.998834,1.01,0.990512,1
25-Jun-18,1,1.01,0.984719,1
24-Jun-18,0.998875,1.02,0.971736,1.01
23-Jun-18,1,1.01,0.990621,1
22-Jun-18,1,1.03,0.990974,1
21-Jun-18,1,1.01,0.994075,1
20-Jun-18,1,1.01,0.994434,0.998829
19-Jun-18,1,1.01,0.994846,1
18-Jun-18,1,1.01,0.991164,1
17-Jun-18,1,1.01,0.998453,1.01
16-Jun-18,1,1.01,0.987984,1
15-Jun-18,1,1.01,0.995103,1.01
14-Jun-18,1,1.01,0.993035,1
13-Jun-18,1,1.03,0.994316,1
12-Jun-18,1,1.02,0.998669,1
11-Jun-18,1.01,1.01,0.991656,1
10-Jun-18,1.01,1.02,0.989031,0.998215
9-Jun-18,1,1.01,0.999194,1.01
8-Jun-18,0.99994,1.01,0.99433,1
7-Jun-18,0.999463,1.01,0.996242,0.99875
6-Jun-18,0.997917,1.01,0.990877,1
5-Jun-18,0.999263,1.01,0.990879,1
4-Jun-18,0.997714,1.01,0.995257,1
3-Jun-18,0.99203,1,0.986847,1
2-Jun-18,1,1.01,0.986231,0.99353
1-Jun-18,0.999088,1.01,0.994694,1
31-May-18,1,1.01,0.994691,0.998003
30-May-18,0.999487,1.01,0.995158,0.999727
29-May-18,0.99927,1.01,0.98579,1
28-May-18,1,1.01,0.987478,1
27-May-18,1,1.01,0.991551,0.999182
26-May-18,1,1.01,0.982905,0.99989
25-May-18,0.999292,1.01,0.990553,1
24-May-18,1,1.01,0.993728,0.998818
23-May-18,1,1.01,0.996053,1
22-May-18,1,1.01,0.996062,1
21-May-18,0.999592,1.01,0.996845,1
20-May-18,1,1,0.990756,0.999117
19-May-18,1,1.01,0.99425,1
18-May-18,1,1,0.993732,1
17-May-18,1,1.01,0.996747,1
16-May-18,1,1.01,0.990384,0.99995
15-May-18,1,1.01,0.993853,1
14-May-18,1,1.01,0.989507,1
13-May-18,1,1.01,0.993248,1
12-May-18,0.99975,1.02,0.984735,1
11-May-18,1,1.01,0.982996,1
10-May-18,0.999422,1.01,0.995984,1
9-May-18,1,1.01,0.993117,1
8-May-18,0.998745,1.01,0.994675,1
7-May-18,0.995351,1.01,0.99085,0.997237
6-May-18,0.995906,1.01,0.992321,0.997202
5-May-18,0.999448,1,0.992373,0.996284
4-May-18,1.01,1.01,0.992204,0.998561
3-May-18,0.996267,1.01,0.99392,0.997973
2-May-18,1,1,0.992736,0.997464
1-May-18,1,1.01,0.993633,1
30-Apr-18,0.997553,1.01,0.992921,0.998919
29-Apr-18,0.998866,1.01,0.992304,0.998016
28-Apr-18,1,1.01,0.991015,0.999335
27-Apr-18,1,1.01,0.995122,1
26-Apr-18,1,1.01,0.992381,0.999614
25-Apr-18,1.01,1.02,0.986074,0.991809
24-Apr-18,0.998974,1.01,0.990297,1
23-Apr-18,0.99513,1,0.98878,0.997847
22-Apr-18,1,1.01,0.989191,0.996196
21-Apr-18,0.997071,1.01,0.993816,0.999014
20-Apr-18,0.99755,1,0.988285,0.998338
19-Apr-18,0.997907,1,0.992889,0.997185
18-Apr-18,1,1.01,0.983284,0.997609
17-Apr-18,0.997217,1.01,0.99132,0.998556
16-Apr-18,0.998884,1.01,0.995754,0.997592
15-Apr-18,0.996308,1.01,0.986564,0.998602
14-Apr-18,1,1.01,0.993994,0.999766
13-Apr-18,0.995839,1.01,0.989434,0.998895
12-Apr-18,0.996408,1.02,0.986025,0.996831
11-Apr-18,0.997593,1,0.992521,1
10-Apr-18,0.996953,1,0.991744,0.997356
9-Apr-18,0.997541,1.01,0.993393,0.997555
8-Apr-18,1,1.01,0.995091,0.996809
7-Apr-18,1,1.01,0.98652,0.999644
6-Apr-18,1,1.01,0.991376,1
5-Apr-18,1,1.01,0.987434,1
4-Apr-18,1,1.01,0.99427,1
3-Apr-18,0.997587,1.01,0.995073,1
2-Apr-18,1,1.01,0.98806,1
1-Apr-18,0.995702,1.01,0.980778,0.99981
31-Mar-18,0.997014,1.01,0.993569,1
30-Mar-18,0.995897,1.01,0.979633,0.998943
29-Mar-18,1,1.01,0.982472,0.998623
28-Mar-18,1,1.01,0.993721,0.999204
27-Mar-18,1,1.01,0.989473,1
26-Mar-18,0.9966,1.01,0.983682,1
25-Mar-18,1,1.01,0.994482,0.999686
24-Mar-18,1,1.01,0.994299,1.01
23-Mar-18,0.999221,1.01,0.990235,0.990235
22-Mar-18,0.99946,1.01,0.993468,0.998982
21-Mar-18,0.996938,1.01,0.992647,0.999244
20-Mar-18,1.01,1.01,0.98957,0.996832
19-Mar-18,0.982194,1.02,0.982194,0.989867
18-Mar-18,1.01,1.01,0.979781,1
17-Mar-18,1,1.01,0.990731,1
16-Mar-18,0.997509,1.01,0.989567,0.998551
15-Mar-18,1,1.01,0.984939,1
14-Mar-18,0.996581,1.02,0.991337,1
13-Mar-18,1,1.01,0.987195,0.999843
12-Mar-18,1,1.01,0.98853,1
11-Mar-18,1,1.01,0.994709,1
10-Mar-18,0.997607,1.01,0.994936,1.01
9-Mar-18,0.999723,1.01,0.988564,1
8-Mar-18,1,1.01,0.985734,1.01
7-Mar-18,0.998354,1.02,0.981378,1
6-Mar-18,1.01,1.01,0.99626,1
5-Mar-18,0.997521,1,0.995019,0.998864
4-Mar-18,1,1,0.995287,0.997612
3-Mar-18,0.995248,1.01,0.993477,1
2-Mar-18,0.998189,1.01,0.994439,0.99973
1-Mar-18,0.999847,1.01,0.995679,1
28-Feb-18,1,1.01,0.992791,0.998903
27-Feb-18,0.998677,1.01,0.991642,1
26-Feb-18,0.997664,1.01,0.989677,0.999561
25-Feb-18,1,1.01,0.996229,1
24-Feb-18,1,1.01,0.993887,1
23-Feb-18,1.01,1.01,0.993702,1
22-Feb-18,1,1.01,0.993998,1
21-Feb-18,1.01,1.01,0.988699,1
20-Feb-18,1,1.01,0.994081,1
19-Feb-18,1,1.01,0.994041,1
18-Feb-18,1,1.02,0.998832,1.01
17-Feb-18,1,1.01,0.996919,1
16-Feb-18,1.01,1.01,0.996746,1
15-Feb-18,1.01,1.02,0.997203,1.01
14-Feb-18,0.997715,1.01,0.993292,1
13-Feb-18,1,1.01,0.995931,1
12-Feb-18,1,1.01,0.990812,1
11-Feb-18,1,1.01,0.992728,0.999251
10-Feb-18,1,1.01,0.993346,1
9-Feb-18,1.02,1.05,0.995049,1
8-Feb-18,0.99497,1.03,0.987534,1.02
7-Feb-18,1,1.02,0.984647,1
6-Feb-18,0.9785,1.02,0.958318,1.01
5-Feb-18,0.995794,1.02,0.944777,0.996308
4-Feb-18,1,1.01,0.975209,1.01
3-Feb-18,0.994071,1.02,0.982879,1
2-Feb-18,0.986294,1.02,0.925144,0.990747
1-Feb-18,0.991558,1.01,0.954771,0.986939
31-Jan-18,0.992538,1,0.971403,0.990274
30-Jan-18,0.998672,1.01,0.975436,0.986486
29-Jan-18,0.98844,1,0.981718,0.995319
28-Jan-18,0.996548,1,0.981275,0.98879
27-Jan-18,1,1.01,0.992227,0.993325
26-Jan-18,0.997571,1.02,0.985767,1
25-Jan-18,1.01,1.01,0.987358,0.999595
24-Jan-18,1,1.03,0.992246,0.997484
23-Jan-18,1,1.02,0.984474,1.01
22-Jan-18,1,1.02,0.99151,1.01
21-Jan-18,1,1.03,0.997069,0.999861
20-Jan-18,1.01,1.01,0.991443,1
19-Jan-18,1.02,1.04,1,1
18-Jan-18,1.02,1.04,1,1.02
17-Jan-18,1.03,1.07,0.997739,1.01
16-Jan-18,1.01,1.05,0.999001,1.03
15-Jan-18,1.02,1.02,1,1.01
14-Jan-18,1,1.04,1,1.02
13-Jan-18,1,1.01,0.996576,1
12-Jan-18,1.01,1.02,0.997711,1.01
11-Jan-18,0.999976,1.02,0.990198,1
10-Jan-18,1.01,1.01,0.996446,1
9-Jan-18,1.01,1.01,1,1.01
8-Jan-18,1.01,1.04,0.997617,1.01
7-Jan-18,1.01,1.02,0.998208,1
6-Jan-18,1,1.01,0.996847,1.01
5-Jan-18,1,1.01,0.985915,0.998634
4-Jan-18,1.01,1.02,0.993822,1
3-Jan-18,1.01,1.02,1,1.01
2-Jan-18,1.01,1.01,0.99325,1
1-Jan-18,1.01,1.02,1,1.01
31-Dec-17,1.02,1.02,1,1.01
30-Dec-17,1.01,1.03,0.992842,1.02
29-Dec-17,1.01,1.02,1,1.01
28-Dec-17,1,1.03,1,1.01
27-Dec-17,1,1.01,0.996458,1
26-Dec-17,1.01,1.02,0.99858,1
25-Dec-17,1.03,1.03,1.01,1.01
24-Dec-17,1.05,1.07,1.02,1.02
23-Dec-17,1.01,1.05,1.01,1.05
22-Dec-17,1.01,1.06,0.963089,1.02
21-Dec-17,1,1.04,0.993811,1.01
20-Dec-17,1.01,1.02,0.989079,1
19-Dec-17,1.01,1.03,0.996768,1.01
18-Dec-17,1.01,1.02,0.99574,1.01
17-Dec-17,1.01,1.02,1,1.01
16-Dec-17,1.02,1.02,1,1.01
15-Dec-17,1.01,1.02,0.995525,1.02
14-Dec-17,1.03,1.05,1.01,1.01
13-Dec-17,1.08,1.09,1.02,1.03
12-Dec-17,1.02,1.08,1,1.08
11-Dec-17,1.01,1.03,0.99995,1.02
10-Dec-17,1.02,1.04,0.971536,1.02
9-Dec-17,1.02,1.05,0.99356,1.02
8-Dec-17,1.04,1.06,0.986563,1.02
7-Dec-17,1.01,1.08,1,1.03
6-Dec-17,0.99976,1.02,0.99584,1.01
5-Dec-17,1,1.01,0.996458,1
4-Dec-17,1,1.01,0.992132,1
3-Dec-17,1,1.03,0.98532,1
2-Dec-17,1.01,1.02,0.995611,0.999654
1-Dec-17,1.01,1.02,0.993043,1.01
30-Nov-17,1,1.03,0.989319,1.01
29-Nov-17,1,1.05,0.955618,0.990606
28-Nov-17,1,1.01,0.996048,1
27-Nov-17,1.01,1.02,0.998126,1
26-Nov-17,1,1.02,1,1.01
25-Nov-17,1,1.01,0.995076,1.01
24-Nov-17,1,1.01,0.988004,1
23-Nov-17,0.998658,1.01,0.992239,0.994631
22-Nov-17,0.997427,1,0.992789,1
21-Nov-17,1,1.01,0.988572,0.996047
20-Nov-17,1,1,0.996538,1
19-Nov-17,1,1.01,0.996693,1
18-Nov-17,1,1.01,0.99634,1
17-Nov-17,0.995758,1.01,0.995758,1
16-Nov-17,1.01,1.01,0.993232,1
15-Nov-17,1,1.01,1,1
14-Nov-17,1.01,1.01,0.996898,1.01
13-Nov-17,1,1.03,0.975103,1.01
12-Nov-17,1.01,1.11,0.967601,1.01
11-Nov-17,1.01,1.03,0.995799,1.01
10-Nov-17,1.01,1.02,0.995486,1.01
9-Nov-17,1.01,1.01,0.996515,1.01
8-Nov-17,1,1.04,0.994842,1.01
7-Nov-17,0.999882,1.01,0.997083,1.01
6-Nov-17,1,1.01,0.993269,1
5-Nov-17,1,1.01,0.995977,0.9988
4-Nov-17,1,1.01,0.994864,1
3-Nov-17,0.999063,1.01,0.996363,1.01
2-Nov-17,0.999853,1.04,0.996339,1
1-Nov-17,1,1,0.995643,1
31-Oct-17,0.998327,1,0.996871,1
30-Oct-17,1,1,0.994665,1
29-Oct-17,1,1.01,0.991302,1
28-Oct-17,0.999838,1.01,0.998318,1
27-Oct-17,0.999916,1.01,0.996415,1
26-Oct-17,1,1.01,0.997739,0.999868
25-Oct-17,1,1.01,0.995853,1
24-Oct-17,0.994611,1.02,0.985114,1
23-Oct-17,1,1.01,0.993556,0.996536
22-Oct-17,0.99992,1.01,0.996909,1
21-Oct-17,1,1.01,0.992774,1
20-Oct-17,1,1.01,0.997444,1
19-Oct-17,1,1.01,0.996,1
18-Oct-17,0.998946,1.01,0.991487,1
17-Oct-17,0.998252,1.02,0.981165,0.999335
16-Oct-17,0.998,1.01,0.98402,0.99801
15-Oct-17,1,1.01,0.992759,0.999242
14-Oct-17,1,1,0.995903,0.999709
13-Oct-17,1,1.02,0.992697,1
12-Oct-17,0.999843,1,0.990707,0.997423
11-Oct-17,0.997962,1,0.997106,0.998625
10-Oct-17,1,1,0.996522,0.999441
9-Oct-17,0.998897,1.01,0.994415,0.99978
8-Oct-17,0.99811,1,0.99533,0.998442
7-Oct-17,0.999588,1,0.992831,0.99932
6-Oct-17,1,1.01,0.998001,1
5-Oct-17,1,1.01,0.996433,1
4-Oct-17,1,1.01,0.997725,1
3-Oct-17,1,1.01,0.9988,1
2-Oct-17,0.998088,1,0.995807,1
1-Oct-17,0.997266,1,0.994993,0.999924
30-Sep-17,1,1,0.993904,0.996488
29-Sep-17,0.998357,1.02,0.994503,0.999863
28-Sep-17,1,1.01,0.995264,1
27-Sep-17,1,1,0.991286,1
26-Sep-17,1,1.01,0.995946,1
25-Sep-17,1,1.01,0.984388,1
24-Sep-17,1,1.01,0.9991,1
23-Sep-17,1,1.01,0.997654,1
22-Sep-17,1.01,1.01,0.998901,1
21-Sep-17,0.997446,1.02,0.994434,1
20-Sep-17,1,1,0.988993,1
19-Sep-17,1,1.01,0.995487,1
18-Sep-17,1,1.01,0.992399,1
17-Sep-17,1.01,1.01,0.992028,1.01
16-Sep-17,1,1.04,0.99121,1
15-Sep-17,1,1.03,0.966404,1.01
14-Sep-17,1,1.03,0.979949,1
13-Sep-17,1,1.02,0.991963,1
12-Sep-17,1,1.02,0.996226,1.01
11-Sep-17,1,1.02,0.990974,1
10-Sep-17,1,1.02,0.99618,1.01
9-Sep-17,1.01,1.01,0.99837,1
8-Sep-17,1,1.05,0.997327,1.01
7-Sep-17,1,1.01,0.99577,1
6-Sep-17,1.01,1.05,1,1.01
5-Sep-17,1.03,1.04,0.999893,1
4-Sep-17,1,1.05,0.997741,1.03
3-Sep-17,1.01,1.03,0.99962,1
2-Sep-17,1,1.04,0.998739,1.02
1-Sep-17,1,1.01,1,1
31-Aug-17,1,1.01,0.999514,1
30-Aug-17,1,1.01,0.996119,1
29-Aug-17,1,1.02,0.99569,1
28-Aug-17,1,1.01,0.995565,1
27-Aug-17,1,1.01,0.99709,1
26-Aug-17,1,1.01,0.995768,0.998932
25-Aug-17,1,1.02,0.998112,1
24-Aug-17,0.999332,1.01,0.990714,1
23-Aug-17,1,1.01,0.991684,1
22-Aug-17,1,1.02,0.990916,1.01
21-Aug-17,0.999538,1.01,0.990459,0.999263
20-Aug-17,0.997167,1.02,0.983909,0.996629
19-Aug-17,1.01,1.04,0.980183,1
18-Aug-17,1.01,1.03,0.984905,1.01
17-Aug-17,1,1.01,0.98907,1.01
16-Aug-17,0.998963,1.01,0.991915,1
15-Aug-17,1,1.02,0.994513,1
14-Aug-17,0.995682,1.01,0.990626,0.998163
13-Aug-17,1,1.02,0.980414,0.998616
12-Aug-17,1,1.01,0.995213,1
11-Aug-17,0.996635,1.01,0.988428,1
10-Aug-17,0.998799,1.01,0.988217,0.992991
9-Aug-17,0.999236,1.01,0.993707,1
8-Aug-17,0.99422,1.01,0.989566,1
7-Aug-17,0.999468,1.01,0.990056,0.996254
6-Aug-17,1,1.01,0.993119,1
5-Aug-17,1,1.03,0.991505,0.998314
4-Aug-17,0.968452,1.01,0.966326,1
3-Aug-17,1,1.01,0.955404,0.969304
2-Aug-17,0.996581,1.01,0.985239,1
1-Aug-17,1,1.02,0.988123,0.996819
31-Jul-17,1,1.01,0.995719,1
30-Jul-17,0.996776,1,0.991188,0.998868
29-Jul-17,0.999755,1.01,0.993449,0.996619
28-Jul-17,0.99606,1.01,0.990485,1
27-Jul-17,0.998839,1.01,0.991769,0.997275
26-Jul-17,0.998645,1.01,0.989915,0.996955
25-Jul-17,0.994284,1.02,0.984754,0.999802
24-Jul-17,0.999919,1,0.988839,0.993997
23-Jul-17,0.994773,1.01,0.990375,0.997761
22-Jul-17,0.999612,1,0.986424,0.9932
21-Jul-17,0.998636,1.02,0.984893,0.997202
20-Jul-17,0.99098,1.02,0.976702,0.986866
19-Jul-17,1,1.03,0.980136,1
18-Jul-17,0.995021,1.02,0.982123,0.998216
17-Jul-17,0.988208,1.01,0.98397,0.996888
16-Jul-17,1,1.02,0.969665,0.999161
15-Jul-17,1,1.02,0.988486,1
14-Jul-17,1,1.01,0.994217,1
13-Jul-17,0.999669,1.02,0.99941,1
12-Jul-17,1.01,1.02,0.99549,0.997456
11-Jul-17,1.02,1.04,0.998774,1.01
10-Jul-17,1.01,1.02,0.991515,1.01
9-Jul-17,0.999601,1.01,0.998527,1.01
8-Jul-17,1.01,1.02,0.997497,0.999725
7-Jul-17,1,1.02,1,1.01
6-Jul-17,0.995936,1.01,0.995936,1
5-Jul-17,1,1.02,0.994445,0.99646
4-Jul-17,0.999601,1.01,0.987214,0.998828
3-Jul-17,1.01,1.02,0.992834,1
2-Jul-17,1.02,1.03,1.01,1.02
1-Jul-17,1.01,1.04,1.01,1.02
30-Jun-17,1.02,1.02,0.997355,1.01
29-Jun-17,1.01,1.04,1,1.02
28-Jun-17,1.01,1.04,0.995934,1.01
27-Jun-17,1.01,1.06,0.988021,1.01
26-Jun-17,1.01,1.06,0.970667,1.01
25-Jun-17,1.02,1.04,0.998245,1.01
24-Jun-17,1.01,1.04,1,1.02
23-Jun-17,0.972496,1.01,0.969362,1.01
22-Jun-17,0.981174,0.995994,0.967955,0.972902
21-Jun-17,0.975087,0.997024,0.951189,0.981361
20-Jun-17,0.986156,0.990411,0.956381,0.975272
19-Jun-17,1,1.01,0.982742,0.986406
18-Jun-17,0.988674,1.04,0.976657,1
17-Jun-17,1.02,1.03,0.978804,0.988584
16-Jun-17,1.01,1.05,1.01,1.02
15-Jun-17,1.03,1.06,0.995499,1.02
14-Jun-17,1.01,1.06,1.01,1.03
13-Jun-17,1.03,1.04,1,1.01
12-Jun-17,1.01,1.09,1,1.02
11-Jun-17,1.02,1.03,0.996783,1.01
10-Jun-17,0.999158,1.03,0.99831,1.02
9-Jun-17,1,1.01,0.998157,1
8-Jun-17,1.02,1.03,1,1
7-Jun-17,1,1.03,0.996593,1.01
6-Jun-17,1.02,1.04,0.995467,1
5-Jun-17,1.01,1.03,1.01,1.02
4-Jun-17,1.02,1.03,1.01,1.01
3-Jun-17,1.03,1.04,1.02,1.02
2-Jun-17,1.03,1.05,1.02,1.02
1-Jun-17,1.04,1.05,1.02,1.03
31-May-17,1.01,1.06,1.01,1.04
30-May-17,1.02,1.04,1,1.01
29-May-17,1.04,1.05,1.01,1.02
28-May-17,1.02,1.11,1.02,1.04
27-May-17,1.05,1.21,1,1.02
26-May-17,1.02,1.1,1.01,1.04
25-May-17,1.02,1.1,1,1.04
24-May-17,1.01,1.05,0.998946,1.02
23-May-17,1.01,1.03,1,1.01
22-May-17,1,1.04,0.983247,1.01
21-May-17,0.992749,1,0.986412,1
20-May-17,0.998833,1.01,0.982135,0.993431
19-May-17,0.967244,1,0.962212,1
18-May-17,0.961148,0.980207,0.950662,0.967143
17-May-17,0.952963,0.987525,0.919398,0.970429
16-May-17,0.970698,0.98672,0.95661,0.958591
15-May-17,0.980577,0.992408,0.967298,0.967298
14-May-17,0.972775,0.99373,0.970647,0.981106
13-May-17,0.981353,0.98852,0.963115,0.973648
12-May-17,0.975099,0.998678,0.96065,0.97607
11-May-17,0.97982,0.995306,0.965893,0.983721
10-May-17,0.970483,0.99012,0.970483,0.982
9-May-17,0.967255,0.970504,0.967255,0.970487
8-May-17,0.968962,0.968962,0.967203,0.96726
7-May-17,0.968638,0.969836,0.968638,0.96899
6-May-17,0.955667,0.968619,0.955667,0.968619
5-May-17,0.945975,0.955601,0.945975,0.955601
4-May-17,0.933356,0.945931,0.933356,0.945931
3-May-17,0.932612,0.93393,0.932392,0.933351
2-May-17,0.935857,0.935857,0.932468,0.932607
1-May-17,0.936855,0.937218,0.935871,0.935871
30-Apr-17,0.937189,0.937196,0.935584,0.936854
29-Apr-17,0.934557,0.937409,0.934557,0.937193
28-Apr-17,0.924343,0.934542,0.924335,0.934542
27-Apr-17,0.921049,0.924415,0.921046,0.924351
26-Apr-17,0.913539,0.92105,0.913539,0.92105
25-Apr-17,0.917876,0.917876,0.913595,0.913595
24-Apr-17,0.921308,0.921308,0.91789,0.91789
23-Apr-17,0.940741,0.940741,0.921333,0.921333
22-Apr-17,0.984,0.984,0.940929,0.940929
21-Apr-17,0.998269,0.998269,0.984169,0.984169
20-Apr-17,0.999525,0.999691,0.99783,0.998275
19-Apr-17,0.999617,0.999622,0.999175,0.999523
18-Apr-17,0.999294,0.999793,0.999294,0.999616
17-Apr-17,0.999435,0.999498,0.997826,0.999288
16-Apr-17,0.999939,0.999946,0.999458,0.999458
15-Apr-17,0.999031,0.999949,0.999,0.999939
14-Apr-17,0.999618,0.999755,0.998664,0.998986
13-Apr-17,0.999558,0.999731,0.999306,0.999612
12-Apr-17,0.999842,0.999934,0.999562,0.999562
11-Apr-17,0.999934,0.999937,0.99953,0.999843
10-Apr-17,0.99996,0.999985,0.999591,0.999931
9-Apr-17,0.999714,0.999967,0.99795,0.99996
8-Apr-17,0.999874,0.999958,0.998663,0.999716
7-Apr-17,0.999937,0.999965,0.999781,0.999873
6-Apr-17,1,1,0.999939,0.999939
5-Apr-17,1,1,0.999953,1
4-Apr-17,0.999771,1,0.999694,1
3-Apr-17,1,1,0.999122,0.999752
2-Apr-17,0.999582,1,0.999245,1
1-Apr-17,1,1,0.997387,0.999586
31-Mar-17,0.999985,1,0.999918,1
30-Mar-17,0.999948,1,0.999864,0.999986
29-Mar-17,1,1,0.999831,0.999947
28-Mar-17,1,1,1,1
27-Mar-17,1,1,1,1
26-Mar-17,0.999915,1,0.999915,1
25-Mar-17,0.999898,1,0.999869,0.999916
24-Mar-17,1,1,0.999893,0.999896
23-Mar-17,1,1,1,1
22-Mar-17,1,1,1,1
21-Mar-17,1,1,0.999986,1
20-Mar-17,1,1,1,1
19-Mar-17,1,1,0.99997,1
18-Mar-17,1,1,0.999937,1
17-Mar-17,1,1,1,1
16-Mar-17,1,1,1,1
15-Mar-17,1,1,1,1
14-Mar-17,1,1,1,1
13-Mar-17,1,1,0.999995,1
12-Mar-17,1,1,1,1
11-Mar-17,0.999991,1,0.999991,1
10-Mar-17,0.999905,1,0.999875,0.99999
9-Mar-17,1,1,0.999876,0.999906
8-Mar-17,1,1,1,1
7-Mar-17,1,1,1,1
6-Mar-17,1,1,1,1
5-Mar-17,1,1,1,1
4-Mar-17,1,1,0.999998,1
3-Mar-17,1,1,1,1
2-Mar-17,0.999999,1,0.999999,1
1-Mar-17,0.999972,1,0.999939,0.999998
28-Feb-17,1,1,0.999886,0.99997
27-Feb-17,1,1,0.999984,1
26-Feb-17,1,1,0.999843,1
25-Feb-17,0.999998,1,0.999998,1
24-Feb-17,0.999997,0.999998,0.999997,0.999998
23-Feb-17,0.999971,0.999997,0.999906,0.999997
22-Feb-17,0.999771,0.999998,0.999145,0.999967
21-Feb-17,0.999997,1,0.999641,0.99976
20-Feb-17,0.999897,1,0.999896,0.999997
19-Feb-17,1,1,0.999898,0.999898
18-Feb-17,1,1,1,1
17-Feb-17,1,1,1,1
16-Feb-17,1,1,1,1
15-Feb-17,1,1,1,1
14-Feb-17,1,1,1,1
13-Feb-17,0.999999,1,0.999999,1
12-Feb-17,0.999999,0.999999,0.999999,0.999999
11-Feb-17,0.999999,0.999999,0.999999,0.999999
10-Feb-17,0.999999,0.999999,0.999999,0.999999
9-Feb-17,0.999999,0.999999,0.999999,0.999999
8-Feb-17,0.999999,0.999999,0.999999,0.999999
7-Feb-17,0.999998,0.999999,0.999998,0.999999
6-Feb-17,0.999999,0.999999,0.999998,0.999998
5-Feb-17,0.999999,0.999999,0.999999,0.999999
4-Feb-17,0.999998,0.999999,0.999998,0.999999
3-Feb-17,0.999994,0.999998,0.999994,0.999998
2-Feb-17,0.999999,0.999999,0.849809,0.999994
1-Feb-17,0.999997,0.999999,0.999997,0.999999
31-Jan-17,1,1,0.999979,0.999997
30-Jan-17,1,1,0.999994,1
29-Jan-17,1,1,1,1
28-Jan-17,1,1,1,1
27-Jan-17,1,1,1,1
26-Jan-17,1,1,1,1
25-Jan-17,1,1,1,1
24-Jan-17,1,1,1,1
23-Jan-17,1,1,1,1
22-Jan-17,1,1,1,1
21-Jan-17,1,1,1,1
20-Jan-17,1,1,1,1
19-Jan-17,1,1,1,1
18-Jan-17,1,1,1,1
17-Jan-17,1,1,1,1
16-Jan-17,1,1,1,1
15-Jan-17,1,1,1,1
14-Jan-17,1,1,1,1
13-Jan-17,1,1,1,1
12-Jan-17,1,1,1,1
11-Jan-17,1,1,1,1
10-Jan-17,1,1,1,1
9-Jan-17,1,1,1,1
8-Jan-17,1,1,1,1
7-Jan-17,1,1,1,1
6-Jan-17,1,1,1,1
5-Jan-17,1,1,1,1
4-Jan-17,1,1,1,1
3-Jan-17,1,1,1,1
2-Jan-17,1,1,1,1
1-Jan-17,1,1,1,1
31-Dec-16,1,1,1,1
30-Dec-16,1,1,1,1
29-Dec-16,1,1,1,1
28-Dec-16,1,1,1,1
27-Dec-16,1,1,1,1
26-Dec-16,1,1,1,1
25-Dec-16,1,1,1,1
24-Dec-16,1,1,1,1
23-Dec-16,1,1,1,1
22-Dec-16,1,1,1,1
21-Dec-16,1,1,1,1
20-Dec-16,1,1,1,1
19-Dec-16,1,1,1,1
18-Dec-16,1,1,1,1
17-Dec-16,1,1,1,1
16-Dec-16,1,1,1,1
15-Dec-16,1,1,1,1
14-Dec-16,1,1,1,1
13-Dec-16,1,1,1,1
12-Dec-16,1,1,1,1
11-Dec-16,1,1,1,1
10-Dec-16,1,1,0.999954,1
9-Dec-16,1,1,1,1
8-Dec-16,1,1,1,1
7-Dec-16,1,1,1,1
6-Dec-16,1,1,0.999994,1
5-Dec-16,1,1,1,1
4-Dec-16,1,1,0.999974,1
3-Dec-16,1,1,1,1
2-Dec-16,1,1,1,1
1-Dec-16,1,1,1,1
30-Nov-16,1,1,1,1
29-Nov-16,1,1,1,1
28-Nov-16,1,1,1,1
27-Nov-16,1,1,1,1
26-Nov-16,1,1,1,1
25-Nov-16,1,1,1,1
24-Nov-16,1,1,1,1
23-Nov-16,1,1,1,1
22-Nov-16,1,1,1,1
21-Nov-16,1,1,1,1
20-Nov-16,1,1,1,1
19-Nov-16,1,1,1,1
18-Nov-16,1,1,1,1
17-Nov-16,1,1,1,1
16-Nov-16,1,1,1,1
15-Nov-16,1,1,1,1
14-Nov-16,1,1,1,1
13-Nov-16,1,1,1,1
12-Nov-16,1,1,1,1
11-Nov-16,0.999997,1,0.999997,1
10-Nov-16,1,1,0.999997,0.999997
9-Nov-16,1,1,1,1
8-Nov-16,1,1,1,1
7-Nov-16,1,1,1,1
6-Nov-16,1,1,1,1
5-Nov-16,1,1,1,1
4-Nov-16,1,1,1,1
3-Nov-16,1,1,1,1
2-Nov-16,1,1,1,1
1-Nov-16,1,1,1,1
31-Oct-16,1,1,1,1
30-Oct-16,1,1,1,1
29-Oct-16,1,1,1,1
28-Oct-16,1,1,1,1
27-Oct-16,1,1,1,1
26-Oct-16,1,1,1,1
25-Oct-16,1,1,1,1
24-Oct-16,1,1,1,1
23-Oct-16,1,1,1,1
22-Oct-16,1,1,1,1
21-Oct-16,1,1,1,1
20-Oct-16,1,1,1,1
19-Oct-16,1,1,1,1
18-Oct-16,1,1,1,1
17-Oct-16,1,1,1,1
16-Oct-16,1,1,1,1
15-Oct-16,0.999999,1,0.999999,1
14-Oct-16,1,1,0.999999,0.999999
13-Oct-16,1,1,1,1
12-Oct-16,1,1,1,1
11-Oct-16,1,1,1,1
10-Oct-16,1,1,1,1
9-Oct-16,1,1,1,1
8-Oct-16,1,1,1,1
7-Oct-16,1,1,1,1
6-Oct-16,1,1,1,1
5-Oct-16,1,1,1,1
4-Oct-16,0.999998,1,0.999998,1
3-Oct-16,0.999998,0.999998,0.999997,0.999998
2-Oct-16,1,1,0.999998,0.999998
1-Oct-16,1,1,1,1
30-Sep-16,1,1,1,1
29-Sep-16,1,1,1,1
28-Sep-16,1,1,1,1
27-Sep-16,1,1,1,1
26-Sep-16,1,1,1,1
25-Sep-16,0.999999,1,0.999999,1
24-Sep-16,0.999999,0.999999,0.999999,0.999999
23-Sep-16,0.999999,0.999999,0.999999,0.999999
22-Sep-16,0.999989,0.999999,0.999989,0.999999
21-Sep-16,0.999999,0.999999,0.999987,0.999988
20-Sep-16,0.999999,0.999999,0.999999,0.999999
19-Sep-16,0.999923,0.999999,0.999923,0.999999
18-Sep-16,0.999999,1,0.999888,0.999923
17-Sep-16,0.999999,0.999999,0.999999,0.999999
16-Sep-16,0.999993,0.999999,0.999993,0.999999
15-Sep-16,1,1,0.999993,0.999993
14-Sep-16,1,1,1,1
13-Sep-16,1,1,1,1
12-Sep-16,1,1,1,1
11-Sep-16,1,1,1,1
10-Sep-16,1,1,1,1
9-Sep-16,1,1,1,1
8-Sep-16,1,1,1,1
7-Sep-16,1,1,1,1
6-Sep-16,1,1,1,1
5-Sep-16,1,1,1,1
4-Sep-16,1,1,1,1
3-Sep-16,1,1,1,1
2-Sep-16,1,1,1,1
1-Sep-16,1,1,1,1
31-Aug-16,1,1,1,1
30-Aug-16,1,1,1,1
29-Aug-16,1,1,1,1
28-Aug-16,1,1,1,1
27-Aug-16,1,1,1,1
26-Aug-16,1,1,1,1
25-Aug-16,1,1,1,1
24-Aug-16,1,1,1,1
23-Aug-16,1,1,1,1
22-Aug-16,1,1,1,1
21-Aug-16,1,1,1,1
20-Aug-16,1,1,1,1
19-Aug-16,1,1,1,1
18-Aug-16,1,1,1,1
17-Aug-16,1,1,1,1
16-Aug-16,0.999999,1,0.999999,1
15-Aug-16,0.999999,0.999999,0.999999,0.999999
14-Aug-16,0.999999,0.999999,0.999999,0.999999
13-Aug-16,0.962058,0.999999,0.962058,0.999999
12-Aug-16,0.962372,0.962372,0.962058,0.962058
11-Aug-16,0.973424,0.973424,0.962375,0.962375
10-Aug-16,0.999557,1,0.97356,0.97356
9-Aug-16,0.999557,0.999557,0.999557,0.999557
8-Aug-16,0.999557,0.999557,0.999557,0.999557
7-Aug-16,0.999557,0.999557,0.999557,0.999557
6-Aug-16,0.999831,0.999831,0.999557,0.999557
5-Aug-16,0.999996,0.999996,0.999833,0.999833
4-Aug-16,0.999996,0.999996,0.999996,0.999996
3-Aug-16,0.999995,0.999996,0.999995,0.999996
2-Aug-16,0.999999,1,0.999995,0.999995
1-Aug-16,0.999962,0.999999,0.999959,0.999999
31-Jul-16,1,1,0.999963,0.999963
30-Jul-16,1,1,1,1
29-Jul-16,1,1,1,1
28-Jul-16,1,1,1,1
27-Jul-16,1,1,1,1
26-Jul-16,0.999999,1,0.999999,1
25-Jul-16,1,1,0.999994,0.999999
24-Jul-16,1,1,1,1
23-Jul-16,1,1,1,1
22-Jul-16,1,1,1,1
21-Jul-16,1,1,1,1
20-Jul-16,1,1,1,1
19-Jul-16,1,1,1,1
18-Jul-16,1,1,1,1
17-Jul-16,1,1,1,1
16-Jul-16,1,1,1,1
15-Jul-16,1,1,1,1
14-Jul-16,1,1,1,1
13-Jul-16,1,1,1,1
12-Jul-16,1,1,1,1
11-Jul-16,0.999999,1,0.999999,1
10-Jul-16,0.999999,0.999999,0.999999,0.999999
9-Jul-16,0.999999,0.999999,0.999999,0.999999
8-Jul-16,0.999991,0.999999,0.999989,0.999999
7-Jul-16,1,1,0.999989,0.999991
6-Jul-16,1,1,1,1
5-Jul-16,1,1,1,1
4-Jul-16,1,1,1,1
3-Jul-16,1,1,1,1
2-Jul-16,1,1,1,1
1-Jul-16,1,1,1,1
30-Jun-16,1,1,1,1
29-Jun-16,1,1,1,1
28-Jun-16,0.999953,1,0.999953,1
27-Jun-16,1,1,0.999932,0.999951
26-Jun-16,1,1,1,1
25-Jun-16,1,1,1,1
24-Jun-16,1,1,1,1
23-Jun-16,1,1,1,1
22-Jun-16,1,1,1,1
21-Jun-16,1,1,1,1
20-Jun-16,0.999999,1,0.999999,1
19-Jun-16,0.999999,0.999999,0.999999,0.999999
18-Jun-16,0.999999,0.999999,0.999999,0.999999
17-Jun-16,0.999999,0.999999,0.999999,0.999999
16-Jun-16,1,1,0.999999,0.999999
15-Jun-16,1,1,1,1
14-Jun-16,1,1,1,1
13-Jun-16,1,1,1,1
12-Jun-16,1,1,1,1
11-Jun-16,1,1,1,1
10-Jun-16,1,1,1,1
9-Jun-16,1,1,1,1
8-Jun-16,1,1,1,1
7-Jun-16,1,1,1,1
6-Jun-16,1,1,1,1
5-Jun-16,1,1,1,1
4-Jun-16,1,1,1,1
3-Jun-16,1,1,1,1
2-Jun-16,1,1,1,1
1-Jun-16,1,1,1,1
31-May-16,1,1,1,1
30-May-16,1,1,1,1
29-May-16,1,1,1,1
28-May-16,1,1,1,1
27-May-16,1,1,1,1
26-May-16,1,1,0.999999,1
25-May-16,1,1,1,1
24-May-16,1,1,1,1
23-May-16,1,1,1,1
22-May-16,1,1,1,1
21-May-16,1,1,1,1
20-May-16,1,1,1,1
19-May-16,1,1,1,1
18-May-16,1,1,1,1
17-May-16,1,1,1,1
16-May-16,1,1,1,1
15-May-16,1,1,1,1
14-May-16,1,1.01,1,1
13-May-16,1,1,1,1
12-May-16,1,1,1,1
11-May-16,1,1,1,1
10-May-16,1,1,1,1
9-May-16,1,1,1,1
8-May-16,1,1,1,1
7-May-16,1,1,1,1
6-May-16,1,1,1,1
5-May-16,1,1,1,1
4-May-16,1,1,1,1
3-May-16,1,1,1,1
2-May-16,1,1,1,1
1-May-16,1,1,1,1
30-Apr-16,1,1,1,1
29-Apr-16,1,1,1,1
28-Apr-16,1,1,1,1
27-Apr-16,1,1,1,1
26-Apr-16,1,1,1,1
25-Apr-16,1,1,1,1
24-Apr-16,1,1,1,1
23-Apr-16,1,1,1,1
22-Apr-16,1,1,1,1
21-Apr-16,1,1,1,1
20-Apr-16,1,1,1,1
19-Apr-16,1,1,1,1
18-Apr-16,1,1,1,1
17-Apr-16,1,1,1,1
16-Apr-16,1,1,1,1
15-Apr-16,1,1,1,1
14-Apr-16,1,1,1,1
13-Apr-16,1,1,1,1
12-Apr-16,0.999846,1,0.999516,1
11-Apr-16,1,1,0.999793,0.999861
10-Apr-16,1,1,1,1
9-Apr-16,1,1,1,1
8-Apr-16,1,1,1,1
7-Apr-16,1,1,1,1
6-Apr-16,1,1,1,1
5-Apr-16,1,1,1,1
4-Apr-16,1,1,1,1
3-Apr-16,1,1,1,1
2-Apr-16,1,1,1,1
1-Apr-16,1,1,1,1
31-Mar-16,1,1,1,1
30-Mar-16,1,1,1,1
29-Mar-16,1,1,1,1
28-Mar-16,1,1,1,1
27-Mar-16,1,1,1,1
26-Mar-16,1,1,1,1
25-Mar-16,0.999973,1,0.999973,1
24-Mar-16,0.999999,0.999999,0.999972,0.999972
23-Mar-16,0.999999,0.999999,0.999999,0.999999
22-Mar-16,0.999999,0.999999,0.999999,0.999999
21-Mar-16,0.999998,0.999999,0.999998,0.999999
20-Mar-16,0.999998,0.999998,0.999998,0.999998
19-Mar-16,0.999998,0.999998,0.999998,0.999998
18-Mar-16,0.999983,0.999998,0.999982,0.999998
17-Mar-16,1,1,0.999934,0.999983
16-Mar-16,1,1,1,1
15-Mar-16,0.999994,1,0.999994,1
14-Mar-16,0.999917,0.999994,0.999914,0.999994
13-Mar-16,0.999896,0.999987,0.999896,0.999918
12-Mar-16,0.999995,0.999995,0.999822,0.999895
11-Mar-16,0.999994,0.999995,0.999994,0.999995
10-Mar-16,0.999895,0.999994,0.999895,0.999994
9-Mar-16,1,1,0.999895,0.999895
8-Mar-16,0.999998,1,0.999998,1
7-Mar-16,0.999998,0.999998,0.999998,0.999998
6-Mar-16,1,1,0.999996,0.999998
5-Mar-16,1,1,1,1
4-Mar-16,0.999999,1,0.999999,1
3-Mar-16,0.999961,0.999999,0.999953,0.999999
2-Mar-16,0.999991,0.999994,0.999962,0.999962
1-Mar-16,1,1,0.999981,0.999991
29-Feb-16,1,1,1,1
28-Feb-16,1,1,1,1
27-Feb-16,1,1,1,1
26-Feb-16,1,1,1,1
25-Feb-16,0.999844,1,0.999749,1
24-Feb-16,1,1,0.999844,0.999844
23-Feb-16,1,1,1,1
22-Feb-16,1,1,1,1
21-Feb-16,1,1,1,1
20-Feb-16,1,1,1,1
19-Feb-16,1,1,1,1
18-Feb-16,1,1,1,1
17-Feb-16,1,1,1,1
16-Feb-16,1,1,1,1
15-Feb-16,1,1,1,1
14-Feb-16,1,1,0.999664,1
13-Feb-16,1,1,1,1
12-Feb-16,1,1,1,1
11-Feb-16,1,1,1,1
10-Feb-16,1,1,1,1
9-Feb-16,1,1,1,1
8-Feb-16,1,1,1,1
7-Feb-16,1,1,1,1
6-Feb-16,1,1,1,1
5-Feb-16,1,1,1,1
4-Feb-16,1,1,1,1
3-Feb-16,1,1,1,1
2-Feb-16,0.999969,1,0.999969,1
1-Feb-16,0.999999,1,0.999701,0.999969
31-Jan-16,1,1,0.999999,0.999999
30-Jan-16,0.999978,1,0.999968,1
29-Jan-16,0.999999,1,0.999976,0.999978
28-Jan-16,1,1,0.999926,0.999999
27-Jan-16,1,1,1,1
26-Jan-16,1,1,1,1
25-Jan-16,1,1,1,1
24-Jan-16,1,1,1,1
23-Jan-16,1,1,1,1
22-Jan-16,1,1,1,1
21-Jan-16,1,1,1,1
20-Jan-16,1,1,1,1
19-Jan-16,1,1,1,1
18-Jan-16,1,1,1,1
17-Jan-16,1,1,1,1
16-Jan-16,1,1,0.999692,1
15-Jan-16,1,1,1,1
14-Jan-16,1,1,1,1
13-Jan-16,1,1,1,1
12-Jan-16,1,1,1,1
11-Jan-16,1,1,1,1
10-Jan-16,1,1,1,1
9-Jan-16,1,1,1,1
8-Jan-16,1,1,1,1
7-Jan-16,1,1,1,1
6-Jan-16,1,1,1,1
5-Jan-16,1,1,1,1
4-Jan-16,1,1,1,1
3-Jan-16,1,1,1,1
2-Jan-16,1,1,1,1
1-Jan-16,1,1,1,1
31-Dec-15,1,1,1,1
30-Dec-15,1,1,1,1
29-Dec-15,1,1,1,1
28-Dec-15,1,1,1,1
27-Dec-15,1,1,1,1
26-Dec-15,1,1,1,1
25-Dec-15,1,1,1,1
24-Dec-15,1,1,1,1
23-Dec-15,0.999805,1,0.999805,1
22-Dec-15,0.999864,0.999892,0.999454,0.999801
21-Dec-15,1,1,0.999848,0.999864
20-Dec-15,1,1,1,1
19-Dec-15,1,1,1,1
18-Dec-15,1,1,1,1
17-Dec-15,1,1,1,1
16-Dec-15,1,1,1,1
15-Dec-15,1,1,1,1
14-Dec-15,1,1,1,1
13-Dec-15,1,1,1,1
12-Dec-15,1,1,1,1
11-Dec-15,1,1,1,1
10-Dec-15,1,1,1,1
9-Dec-15,1,1,1,1
8-Dec-15,1,1,1,1
7-Dec-15,1,1,1,1
6-Dec-15,1,1,1,1
5-Dec-15,1,1,1,1
4-Dec-15,1,1,1,1
3-Dec-15,1,1,1,1
2-Dec-15,0.999994,1,0.999988,1
1-Dec-15,1,1,0.999993,0.999993
30-Nov-15,1,1,1,1
29-Nov-15,1,1,1,1
28-Nov-15,1,1,1,1
27-Nov-15,1,1,1,1
26-Nov-15,1,1,1,1
25-Nov-15,1,1,1,1
24-Nov-15,1,1,1,1
23-Nov-15,1,1,1,1
22-Nov-15,1,1,1,1
21-Nov-15,1,1,1,1
20-Nov-15,1,1,1,1
19-Nov-15,1,1,1,1
18-Nov-15,1,1,1,1
17-Nov-15,1,1,1,1
16-Nov-15,1,1,1,1
15-Nov-15,1,1,1,1
14-Nov-15,1,1,1,1
13-Nov-15,1,1,1,1
12-Nov-15,1,1,1,1
11-Nov-15,1,1,1,1
10-Nov-15,1,1,1,1
9-Nov-15,1,1,1,1
8-Nov-15,1,1,1,1
7-Nov-15,1,1,1,1
6-Nov-15,1,1,1,1
5-Nov-15,1,1,1,1
4-Nov-15,1,1,1,1
3-Nov-15,1,1,1,1
2-Nov-15,1,1,1,1
1-Nov-15,1,1,1,1
31-Oct-15,1,1,1,1
30-Oct-15,1,1,1,1
29-Oct-15,1,1,1,1
28-Oct-15,1,1,1,1
27-Oct-15,1,1,1,1
26-Oct-15,1,1,1,1
25-Oct-15,1,1,1,1
24-Oct-15,1,1,1,1
23-Oct-15,1,1,1,1
22-Oct-15,1,1,1,1
21-Oct-15,1,1,1,1
20-Oct-15,1,1,1,1
19-Oct-15,1,1,1,1
18-Oct-15,1,1,1,1
17-Oct-15,1,1,1,1
16-Oct-15,1,1,1,1
15-Oct-15,1,1,1,1
14-Oct-15,1,1,1,1
13-Oct-15,1,1,1,1
12-Oct-15,1,1,1,1
11-Oct-15,1,1,1,1
10-Oct-15,1,1,1,1
9-Oct-15,1,1,1,1
8-Oct-15,1,1,1,1
7-Oct-15,1,1,1,1
6-Oct-15,1,1,1,1
5-Oct-15,1,1,1,1
4-Oct-15,1,1,1,1
3-Oct-15,1,1,1,1
2-Oct-15,1,1,1,1
1-Oct-15,1,1,1,1
30-Sep-15,1,1,1,1
29-Sep-15,1,1,1,1
28-Sep-15,1,1,1,1
27-Sep-15,1,1,1,1
26-Sep-15,1,1,1,1
25-Sep-15,1,1,1,1
24-Sep-15,1,1,1,1
23-Sep-15,1,1,1,1
22-Sep-15,1,1,1,1
21-Sep-15,1,1,1,1
20-Sep-15,1,1,1,1
19-Sep-15,1,1,1,1
18-Sep-15,1,1,1,1
17-Sep-15,1,1,1,1
16-Sep-15,1,1,1,1
15-Sep-15,1,1,1,1
14-Sep-15,1,1,1,1
13-Sep-15,1,1,1,1
12-Sep-15,1,1,1,1
11-Sep-15,1,1,1,1
10-Sep-15,1,1,1,1
9-Sep-15,1,1,1,1
8-Sep-15,1,1,1,1
7-Sep-15,1,1,1,1
6-Sep-15,1,1,1,1
5-Sep-15,1,1,1,1
4-Sep-15,1,1,1,1
3-Sep-15,1,1,1,1
2-Sep-15,1,1,1,1
1-Sep-15,1,1,1,1
31-Aug-15,1,1,1,1
30-Aug-15,1,1,1,1
29-Aug-15,1,1,1,1
28-Aug-15,1,1,1,1
27-Aug-15,1,1,1,1
26-Aug-15,1,1,1,1
25-Aug-15,1,1,1,1
24-Aug-15,1,1,1,1
23-Aug-15,1,1,1,1
22-Aug-15,1,1,1,1
21-Aug-15,1,1,1,1
20-Aug-15,1,1,1,1
19-Aug-15,1,1,1,1
18-Aug-15,1,1,1,1
17-Aug-15,1,1,1,1
16-Aug-15,1,1,1,1
15-Aug-15,1,1,1,1
14-Aug-15,1,1,1,1
13-Aug-15,1,1,1,1
12-Aug-15,1,1,1,1
11-Aug-15,1,1,1,1
10-Aug-15,1,1,1,1
9-Aug-15,1,1,1,1
8-Aug-15,1,1,1,1
7-Aug-15,1,1,1,1
6-Aug-15,1,1,1,1
5-Aug-15,1,1,1,1
4-Aug-15,1,1,1,1
3-Aug-15,1,1,1,1
2-Aug-15,1,1,1,1
1-Aug-15,1,1,1,1
31-Jul-15,1,1,1,1
30-Jul-15,1,1,1,1
29-Jul-15,1,1,1,1
28-Jul-15,1,1,1,1
27-Jul-15,1,1,1,1
26-Jul-15,1,1,1,1
25-Jul-15,1,1,1,1
24-Jul-15,1,1,1,1
23-Jul-15,1,1,1,1
22-Jul-15,1,1,1,1
21-Jul-15,1,1,1,1
20-Jul-15,1,1,1,1
19-Jul-15,1,1,1,1
18-Jul-15,1,1,1,1
17-Jul-15,1,1,1,1
16-Jul-15,1,1,1,1
15-Jul-15,1,1,1,1
14-Jul-15,1,1,1,1
13-Jul-15,1,1,1,1
12-Jul-15,1,1,1,1
11-Jul-15,1,1,1,1
10-Jul-15,1,1,1,1
9-Jul-15,1,1,1,1
8-Jul-15,1,1,1,1
7-Jul-15,1,1,1,1
6-Jul-15,1,1,1,1
5-Jul-15,1,1,1,1
4-Jul-15,1,1,1,1
3-Jul-15,1,1,1,1
2-Jul-15,1,1,1,1
1-Jul-15,1,1,1,1
30-Jun-15,1,1,1,1
29-Jun-15,1,1,1,1
28-Jun-15,1,1,1,1
27-Jun-15,1,1,1,1
26-Jun-15,1,1,1,1
25-Jun-15,1,1,1,1
24-Jun-15,1,1,1,1
23-Jun-15,1,1,1,1
22-Jun-15,1,1,1,1
21-Jun-15,1,1,1,1
20-Jun-15,1,1,1,1
19-Jun-15,1,1,1,1
18-Jun-15,1,1,1,1
17-Jun-15,1,1,1,1
16-Jun-15,1,1,1,1
15-Jun-15,1,1,1,1
14-Jun-15,1,1,1,1