30-Apr-19,0.096438,0.100280,0.096314,0.099953
29-Apr-19,0.098736,0.100421,0.095002,0.096475
28-Apr-19,0.099992,0.100774,0.097778,0.098736
27-Apr-19,0.099223,0.101052,0.098576,0.099951
26-Apr-19,0.099127,0.101052,0.097212,0.099140
25-Apr-19,0.103284,0.105817,0.098894,0.099075
24-Apr-19,0.111793,0.111793,0.101242,0.103259
23-Apr-19,0.113500,0.114636,0.111096,0.111824
22-Apr-19,0.112438,0.114323,0.110666,0.113495
21-Apr-19,0.115479,0.115828,0.110109,0.112404
20-Apr-19,0.115827,0.117340,0.114016,0.115532
19-Apr-19,0.117277,0.117317,0.114736,0.115737
18-Apr-19,0.116655,0.119237,0.115588,0.117363
17-Apr-19,0.117512,0.117512,0.114773,0.116636
16-Apr-19,0.113640,0.117505,0.111893,0.117505
15-Apr-19,0.116647,0.119473,0.112898,0.113629
14-Apr-19,0.115918,0.124288,0.113809,0.116663
13-Apr-19,0.114586,0.117610,0.114202,0.115898
12-Apr-19,0.116747,0.116747,0.112349,0.114609
11-Apr-19,0.125485,0.125879,0.112837,0.116685
10-Apr-19,0.125362,0.128422,0.124100,0.125462
9-Apr-19,0.132015,0.132015,0.124804,0.125384
8-Apr-19,0.130495,0.134701,0.126599,0.131996
7-Apr-19,0.124707,0.132148,0.123427,0.130303
6-Apr-19,0.126378,0.130149,0.123209,0.124729
5-Apr-19,0.118790,0.127923,0.118714,0.126367
4-Apr-19,0.121314,0.125366,0.117057,0.118788
3-Apr-19,0.121859,0.132162,0.119511,0.121339
2-Apr-19,0.109628,0.122047,0.109068,0.121901
1-Apr-19,0.107642,0.110192,0.107410,0.109615
31-Mar-19,0.107423,0.108088,0.106024,0.107651
30-Mar-19,0.107578,0.112294,0.105685,0.107359
29-Mar-19,0.107416,0.108456,0.106206,0.107572
28-Mar-19,0.108017,0.108950,0.105994,0.107440
27-Mar-19,0.103381,0.108254,0.103270,0.108062
26-Mar-19,0.102485,0.104204,0.098930,0.103379
25-Mar-19,0.106107,0.106330,0.101531,0.102469
24-Mar-19,0.107944,0.108320,0.105448,0.106012
23-Mar-19,0.108520,0.109647,0.107014,0.108281
22-Mar-19,0.107948,0.110189,0.106683,0.108693
21-Mar-19,0.111505,0.111952,0.105234,0.107947
20-Mar-19,0.113586,0.113830,0.110799,0.111403
19-Mar-19,0.116198,0.117840,0.112673,0.113248
18-Mar-19,0.109486,0.118035,0.108358,0.115914
17-Mar-19,0.109584,0.109691,0.108163,0.109385
16-Mar-19,0.107836,0.110904,0.107662,0.109619
15-Mar-19,0.107210,0.108453,0.105109,0.107773
14-Mar-19,0.108103,0.111709,0.106917,0.107272
13-Mar-19,0.104512,0.109546,0.102105,0.108199
12-Mar-19,0.102322,0.106382,0.097573,0.104598
11-Mar-19,0.099865,0.107836,0.099180,0.102263
10-Mar-19,0.090055,0.101571,0.089516,0.100039
9-Mar-19,0.087038,0.090924,0.086833,0.089744
8-Mar-19,0.085608,0.089432,0.085384,0.087246
7-Mar-19,0.085534,0.086223,0.084875,0.085541
6-Mar-19,0.086338,0.086610,0.084501,0.085566
5-Mar-19,0.083504,0.086622,0.082984,0.086299
4-Mar-19,0.086924,0.087056,0.081728,0.083539
3-Mar-19,0.084303,0.088583,0.083437,0.087235
2-Mar-19,0.085858,0.086745,0.083573,0.084460
1-Mar-19,0.085505,0.087677,0.084665,0.085833
28-Feb-19,0.086014,0.086491,0.084702,0.085503
27-Feb-19,0.086928,0.087520,0.084697,0.086195
26-Feb-19,0.087170,0.087616,0.084843,0.086800
25-Feb-19,0.083897,0.089436,0.083897,0.087305
24-Feb-19,0.094386,0.096577,0.082807,0.084234
23-Feb-19,0.090721,0.095167,0.089778,0.094257
22-Feb-19,0.088947,0.091433,0.088199,0.090668
21-Feb-19,0.091790,0.093161,0.088248,0.089091
20-Feb-19,0.090029,0.091735,0.087043,0.091735
19-Feb-19,0.083816,0.092082,0.083409,0.089982
18-Feb-19,0.079603,0.084029,0.079498,0.083691
17-Feb-19,0.078410,0.079865,0.077733,0.079608
16-Feb-19,0.079207,0.079334,0.077930,0.078421
15-Feb-19,0.076665,0.080933,0.076297,0.079276
14-Feb-19,0.076976,0.077315,0.075371,0.076635
13-Feb-19,0.077661,0.078840,0.076123,0.076990
12-Feb-19,0.077572,0.078941,0.075941,0.077616
11-Feb-19,0.080657,0.080657,0.077510,0.077595
10-Feb-19,0.080894,0.081390,0.077846,0.080393
9-Feb-19,0.081242,0.081956,0.079928,0.080808
8-Feb-19,0.074717,0.082528,0.073899,0.081224
7-Feb-19,0.074494,0.076992,0.073654,0.074688
6-Feb-19,0.078064,0.078360,0.073615,0.074387
5-Feb-19,0.079581,0.079744,0.076991,0.077882
4-Feb-19,0.081296,0.082248,0.079664,0.079730
3-Feb-19,0.083083,0.083376,0.080472,0.081347
2-Feb-19,0.083289,0.084420,0.081976,0.083090
1-Feb-19,0.082803,0.084435,0.080530,0.083580
31-Jan-19,0.085655,0.087896,0.082284,0.082631
30-Jan-19,0.083717,0.087184,0.082640,0.085634
29-Jan-19,0.088323,0.088323,0.082705,0.083923
28-Jan-19,0.096387,0.096543,0.086067,0.087904
27-Jan-19,0.099888,0.100352,0.095465,0.096316
26-Jan-19,0.101689,0.104441,0.098994,0.100014
25-Jan-19,0.101969,0.101969,0.100190,0.101741
24-Jan-19,0.102370,0.102665,0.101222,0.102210
23-Jan-19,0.104134,0.104349,0.101584,0.102576
22-Jan-19,0.103650,0.104986,0.101690,0.104103
21-Jan-19,0.104683,0.104856,0.102676,0.103380
20-Jan-19,0.108195,0.108906,0.103944,0.104702
19-Jan-19,0.106863,0.110063,0.106707,0.108304
18-Jan-19,0.108312,0.108937,0.105802,0.106821
17-Jan-19,0.106708,0.108856,0.105667,0.108461
16-Jan-19,0.105837,0.108060,0.105679,0.106891
15-Jan-19,0.109422,0.109954,0.105427,0.105685
14-Jan-19,0.103649,0.110128,0.103649,0.109649
13-Jan-19,0.106758,0.111775,0.103231,0.103609
12-Jan-19,0.107269,0.107752,0.105778,0.106764
11-Jan-19,0.108776,0.111904,0.106211,0.107332
10-Jan-19,0.123830,0.128394,0.107248,0.109879
9-Jan-19,0.123213,0.124409,0.122214,0.123774
8-Jan-19,0.123260,0.129191,0.120541,0.123119
7-Jan-19,0.120303,0.124106,0.120021,0.123220
6-Jan-19,0.114073,0.121527,0.113293,0.120384
5-Jan-19,0.115128,0.116614,0.113536,0.114046
4-Jan-19,0.113778,0.117095,0.112709,0.115361
3-Jan-19,0.118946,0.118976,0.113571,0.113825
2-Jan-19,0.116054,0.119368,0.114197,0.119331
1-Jan-19,0.112932,0.118505,0.112223,0.115930
31-Dec-18,0.117709,0.117888,0.112506,0.112813
30-Dec-18,0.118284,0.119345,0.116329,0.117430
29-Dec-18,0.121677,0.122356,0.118036,0.118036
28-Dec-18,0.110513,0.122760,0.109658,0.121383
27-Dec-18,0.120487,0.120645,0.110157,0.110486
26-Dec-18,0.121735,0.125530,0.117893,0.120607
25-Dec-18,0.133123,0.133342,0.119143,0.121682
24-Dec-18,0.126668,0.141351,0.126668,0.132520
23-Dec-18,0.123208,0.128494,0.122604,0.126585
22-Dec-18,0.119997,0.123588,0.117331,0.122750
21-Dec-18,0.126179,0.133440,0.117379,0.119916
20-Dec-18,0.113865,0.127659,0.113524,0.126550
19-Dec-18,0.114731,0.126597,0.114245,0.114245
18-Dec-18,0.109671,0.114330,0.107612,0.114330
17-Dec-18,0.096490,0.112739,0.096297,0.109693
16-Dec-18,0.095470,0.099586,0.095270,0.096278
15-Dec-18,0.097867,0.099413,0.093140,0.095439
14-Dec-18,0.105656,0.105656,0.095881,0.097740
13-Dec-18,0.113754,0.113754,0.104563,0.105800
12-Dec-18,0.112664,0.116236,0.111282,0.113690
11-Dec-18,0.118017,0.119161,0.112389,0.112835
10-Dec-18,0.124218,0.125444,0.116322,0.118253
9-Dec-18,0.118600,0.126537,0.118206,0.124328
8-Dec-18,0.115391,0.125203,0.112567,0.118993
7-Dec-18,0.119471,0.119471,0.106931,0.115263
6-Dec-18,0.135591,0.139226,0.119594,0.119594
5-Dec-18,0.147821,0.147896,0.135936,0.135936
4-Dec-18,0.149287,0.154543,0.146425,0.147653
3-Dec-18,0.160679,0.161217,0.148330,0.149536
2-Dec-18,0.165514,0.169806,0.159690,0.160301
1-Dec-18,0.159088,0.170118,0.156453,0.166332
30-Nov-18,0.164957,0.172415,0.154037,0.158630
29-Nov-18,0.161831,0.172107,0.155423,0.165080
28-Nov-18,0.144111,0.167606,0.144111,0.162237
27-Nov-18,0.144355,0.146664,0.137987,0.144374
26-Nov-18,0.159195,0.163263,0.137487,0.144795
25-Nov-18,0.155430,0.159619,0.133734,0.159607
24-Nov-18,0.181912,0.184994,0.149063,0.154205
23-Nov-18,0.187441,0.189445,0.176112,0.181211
22-Nov-18,0.203459,0.205110,0.187797,0.187797
21-Nov-18,0.194015,0.208379,0.186163,0.203688
20-Nov-18,0.224573,0.230491,0.184698,0.193193
19-Nov-18,0.249614,0.249614,0.224335,0.224412
18-Nov-18,0.244894,0.253564,0.244894,0.249758
17-Nov-18,0.236753,0.246795,0.233868,0.244927
16-Nov-18,0.240067,0.247692,0.235995,0.238850
15-Nov-18,0.233055,0.244733,0.215886,0.241944
14-Nov-18,0.256955,0.256955,0.220117,0.233043
13-Nov-18,0.267548,0.269933,0.255827,0.257787
12-Nov-18,0.274039,0.284025,0.266906,0.267326
11-Nov-18,0.260383,0.274956,0.258771,0.273605
10-Nov-18,0.255588,0.261230,0.254943,0.261230
9-Nov-18,0.255711,0.264205,0.253859,0.255542
8-Nov-18,0.256527,0.263579,0.249665,0.256043
7-Nov-18,0.265875,0.265875,0.253465,0.256718
6-Nov-18,0.246849,0.267038,0.246849,0.265596
5-Nov-18,0.240807,0.246755,0.239831,0.246529
4-Nov-18,0.235788,0.244596,0.234853,0.241638
3-Nov-18,0.234098,0.239844,0.232162,0.235706
2-Nov-18,0.223014,0.236297,0.223014,0.234244
1-Nov-18,0.224360,0.240530,0.222510,0.222945
31-Oct-18,0.226218,0.227941,0.217748,0.223471
30-Oct-18,0.222200,0.226328,0.221782,0.225093
29-Oct-18,0.231678,0.232719,0.221143,0.222357
28-Oct-18,0.229188,0.234080,0.227392,0.232871
27-Oct-18,0.233858,0.235208,0.228200,0.228760
26-Oct-18,0.235332,0.236927,0.230687,0.234011
25-Oct-18,0.237535,0.239069,0.233741,0.235646
24-Oct-18,0.241749,0.244423,0.236891,0.237760
23-Oct-18,0.242491,0.246983,0.239368,0.242215
22-Oct-18,0.240374,0.244095,0.238244,0.242361
21-Oct-18,0.243722,0.248253,0.239730,0.241724
20-Oct-18,0.245219,0.249199,0.240961,0.244182
19-Oct-18,0.238869,0.246234,0.234606,0.242853
18-Oct-18,0.240969,0.245978,0.232275,0.239452
17-Oct-18,0.229563,0.243272,0.227609,0.240403
16-Oct-18,0.222475,0.229817,0.222002,0.227978
15-Oct-18,0.209662,0.230353,0.207930,0.223001
14-Oct-18,0.214765,0.219311,0.208793,0.210144
13-Oct-18,0.215589,0.219563,0.214387,0.214810
12-Oct-18,0.206477,0.218393,0.206083,0.216032
11-Oct-18,0.240941,0.240941,0.206578,0.207037
10-Oct-18,0.243664,0.245796,0.238212,0.241593
9-Oct-18,0.249569,0.250283,0.242846,0.243915
8-Oct-18,0.243991,0.254004,0.241200,0.249009
7-Oct-18,0.242372,0.246788,0.237606,0.245138
6-Oct-18,0.245137,0.247914,0.238837,0.239771
5-Oct-18,0.243500,0.247620,0.240469,0.245192
4-Oct-18,0.240654,0.248393,0.240020,0.244278
3-Oct-18,0.247934,0.249178,0.237829,0.241136
2-Oct-18,0.258257,0.259782,0.248286,0.248286
1-Oct-18,0.259081,0.263545,0.253404,0.258404
30-Sep-18,0.254448,0.262696,0.252677,0.259599
29-Sep-18,0.252453,0.259334,0.245518,0.253908
28-Sep-18,0.259997,0.262948,0.249273,0.254127
27-Sep-18,0.243985,0.264678,0.243985,0.259216
26-Sep-18,0.250619,0.257956,0.238515,0.244767
25-Sep-18,0.258395,0.258395,0.233449,0.252306
24-Sep-18,0.279833,0.282503,0.254954,0.259048
23-Sep-18,0.239433,0.300275,0.238815,0.281478
22-Sep-18,0.248064,0.249508,0.231003,0.239225
21-Sep-18,0.233042,0.275536,0.231694,0.249211
20-Sep-18,0.206568,0.241435,0.205852,0.231897
19-Sep-18,0.207512,0.211158,0.199817,0.206563
18-Sep-18,0.196495,0.214757,0.194385,0.208417
17-Sep-18,0.206108,0.208782,0.195630,0.196827
16-Sep-18,0.203086,0.208485,0.199028,0.206510
15-Sep-18,0.201211,0.205633,0.200511,0.203202
14-Sep-18,0.206978,0.209517,0.198855,0.201743
13-Sep-18,0.197915,0.211132,0.197915,0.207806
12-Sep-18,0.201214,0.207005,0.186384,0.198293
11-Sep-18,0.191480,0.206932,0.185084,0.201071
10-Sep-18,0.191119,0.195371,0.188329,0.190839
9-Sep-18,0.194291,0.202852,0.190194,0.192781
8-Sep-18,0.207994,0.211684,0.193170,0.194437
7-Sep-18,0.206841,0.211473,0.200723,0.207662
6-Sep-18,0.205908,0.207484,0.195504,0.207484
5-Sep-18,0.231953,0.233226,0.207437,0.207437
4-Sep-18,0.221801,0.237544,0.220120,0.231268
3-Sep-18,0.224672,0.232219,0.219134,0.225325
2-Sep-18,0.229713,0.236545,0.221468,0.224744
1-Sep-18,0.222309,0.233377,0.221976,0.229722
31-Aug-18,0.221804,0.223162,0.214964,0.222076
30-Aug-18,0.226858,0.229215,0.213161,0.220902
29-Aug-18,0.234244,0.236947,0.223817,0.226211
28-Aug-18,0.224904,0.236806,0.223158,0.234745
27-Aug-18,0.213918,0.225866,0.213592,0.225437
26-Aug-18,0.223861,0.223861,0.210491,0.214840
25-Aug-18,0.221346,0.225616,0.213940,0.217795
24-Aug-18,0.214871,0.225470,0.211178,0.219806
23-Aug-18,0.213642,0.222162,0.206242,0.222162
22-Aug-18,0.219224,0.238291,0.205148,0.206896
21-Aug-18,0.217877,0.227195,0.210588,0.214708
20-Aug-18,0.230020,0.235864,0.213588,0.216457
19-Aug-18,0.223625,0.231740,0.217247,0.222723
18-Aug-18,0.239124,0.245270,0.220600,0.224235
17-Aug-18,0.215555,0.239695,0.215364,0.238120
16-Aug-18,0.215885,0.221991,0.209144,0.216032
15-Aug-18,0.218285,0.231441,0.216437,0.216954
14-Aug-18,0.222632,0.222632,0.200299,0.216706
13-Aug-18,0.223400,0.243137,0.219708,0.223559
12-Aug-18,0.218225,0.228675,0.216451,0.223601
11-Aug-18,0.224944,0.225080,0.202855,0.217665
10-Aug-18,0.221085,0.236659,0.215707,0.225430
9-Aug-18,0.201653,0.225776,0.198731,0.221435
8-Aug-18,0.230009,0.230009,0.195939,0.201351
7-Aug-18,0.234099,0.245397,0.228993,0.230672
6-Aug-18,0.245017,0.248388,0.232036,0.234705
5-Aug-18,0.241105,0.246923,0.236088,0.244218
4-Aug-18,0.257761,0.261043,0.236501,0.240724
3-Aug-18,0.261763,0.268918,0.246723,0.258956
2-Aug-18,0.276901,0.281400,0.261192,0.261192
1-Aug-18,0.278127,0.282404,0.265441,0.276268
31-Jul-18,0.295472,0.295472,0.267827,0.278009
30-Jul-18,0.308645,0.308645,0.281066,0.295923
29-Jul-18,0.316401,0.318472,0.305141,0.308399
28-Jul-18,0.317788,0.323001,0.311020,0.315229
27-Jul-18,0.308283,0.322608,0.296822,0.316882
26-Jul-18,0.332303,0.348363,0.298460,0.309552
25-Jul-18,0.297336,0.348664,0.294358,0.331706
24-Jul-18,0.284922,0.304381,0.280882,0.301456
23-Jul-18,0.283119,0.298840,0.281608,0.284384
22-Jul-18,0.290739,0.304460,0.281031,0.283534
21-Jul-18,0.270380,0.294494,0.259513,0.292259
20-Jul-18,0.302421,0.303164,0.267198,0.271492
19-Jul-18,0.296818,0.316271,0.280489,0.302513
18-Jul-18,0.253249,0.318009,0.251712,0.298400
17-Jul-18,0.238004,0.253499,0.228724,0.252967
16-Jul-18,0.219478,0.237928,0.217460,0.237928
15-Jul-18,0.208031,0.222303,0.205996,0.219871
14-Jul-18,0.203789,0.211421,0.197084,0.207877
13-Jul-18,0.185986,0.204272,0.183816,0.204272
12-Jul-18,0.190298,0.190430,0.179743,0.185719
11-Jul-18,0.191825,0.194245,0.184680,0.189504
10-Jul-18,0.206595,0.207311,0.191603,0.191889
9-Jul-18,0.210637,0.213485,0.206826,0.207929
8-Jul-18,0.208953,0.216208,0.207633,0.209783
7-Jul-18,0.206104,0.209379,0.200413,0.208450
6-Jul-18,0.203001,0.209693,0.198991,0.206381
5-Jul-18,0.210213,0.214188,0.199528,0.202978
4-Jul-18,0.205776,0.216548,0.203362,0.209735
3-Jul-18,0.211672,0.218992,0.204606,0.206315
2-Jul-18,0.200196,0.213820,0.192646,0.213151
1-Jul-18,0.192850,0.201310,0.190414,0.198573
30-Jun-18,0.186915,0.199292,0.186915,0.193425
29-Jun-18,0.179309,0.187823,0.173148,0.186710
28-Jun-18,0.188750,0.192287,0.177071,0.178951
27-Jun-18,0.184523,0.193435,0.183107,0.189633
26-Jun-18,0.196489,0.197847,0.184877,0.186484
25-Jun-18,0.193652,0.200452,0.188813,0.197753
24-Jun-18,0.203188,0.203222,0.178151,0.193633
23-Jun-18,0.203670,0.206931,0.197436,0.203515
22-Jun-18,0.227657,0.228462,0.198004,0.203407
21-Jun-18,0.232437,0.236066,0.226508,0.227997
20-Jun-18,0.236379,0.238170,0.227794,0.232188
19-Jun-18,0.233515,0.239484,0.232644,0.235309
18-Jun-18,0.231517,0.240065,0.225079,0.234371
17-Jun-18,0.233146,0.235942,0.230298,0.232105
16-Jun-18,0.232527,0.235072,0.227153,0.234041
15-Jun-18,0.241695,0.242083,0.232559,0.234242
14-Jun-18,0.221890,0.243708,0.219758,0.242426
13-Jun-18,0.232297,0.233920,0.212596,0.221691
12-Jun-18,0.255286,0.255565,0.228748,0.231689
11-Jun-18,0.247103,0.256482,0.241464,0.256482
10-Jun-18,0.282765,0.282765,0.242728,0.247658
9-Jun-18,0.287071,0.293240,0.281894,0.281894
8-Jun-18,0.293776,0.296246,0.285597,0.287963
7-Jun-18,0.297974,0.305812,0.291841,0.294206
6-Jun-18,0.293325,0.299955,0.289500,0.298269
5-Jun-18,0.292134,0.297980,0.282434,0.294313
4-Jun-18,0.304636,0.309088,0.288416,0.292158
3-Jun-18,0.298581,0.309325,0.298349,0.302912
2-Jun-18,0.290961,0.303062,0.289850,0.298413
1-Jun-18,0.296535,0.299187,0.283216,0.290022
31-May-18,0.278473,0.302591,0.273827,0.296652
30-May-18,0.283893,0.295864,0.271554,0.277747
29-May-18,0.253952,0.283321,0.249187,0.282845
28-May-18,0.276329,0.278940,0.252205,0.253582
27-May-18,0.284194,0.284375,0.274538,0.276376
26-May-18,0.288601,0.294880,0.283048,0.284695
25-May-18,0.292986,0.298521,0.283877,0.288069
24-May-18,0.279751,0.296440,0.276007,0.291338
23-May-18,0.300583,0.301912,0.272845,0.280355
22-May-18,0.318612,0.321454,0.301084,0.301084
21-May-18,0.332960,0.333420,0.315671,0.318115
20-May-18,0.317749,0.334381,0.315875,0.332810
19-May-18,0.319639,0.329105,0.312646,0.317234
18-May-18,0.313269,0.319522,0.306723,0.319488
17-May-18,0.335431,0.350488,0.310994,0.313497
16-May-18,0.346798,0.347675,0.323518,0.334677
15-May-18,0.369699,0.373292,0.348445,0.348445
14-May-18,0.376304,0.383316,0.350513,0.369680
13-May-18,0.359814,0.381345,0.357971,0.375852
12-May-18,0.314162,0.364699,0.304241,0.359937
11-May-18,0.353429,0.355498,0.300800,0.314252
10-May-18,0.377714,0.386574,0.353962,0.353962
9-May-18,0.385144,0.388978,0.359381,0.377970
8-May-18,0.396568,0.411193,0.379952,0.386371
7-May-18,0.413665,0.414859,0.381616,0.395702
6-May-18,0.430338,0.432132,0.408050,0.412944
5-May-18,0.431216,0.435669,0.428005,0.430875
4-May-18,0.438234,0.439682,0.425356,0.431140
3-May-18,0.439016,0.442878,0.429411,0.437379
2-May-18,0.439037,0.446807,0.434455,0.439227
1-May-18,0.425853,0.451238,0.397226,0.439733
30-Apr-18,0.458688,0.460128,0.417446,0.424659
29-Apr-18,0.429945,0.461518,0.424669,0.458405
28-Apr-18,0.390447,0.435816,0.390447,0.428918
27-Apr-18,0.386439,0.425157,0.383910,0.391085
26-Apr-18,0.341455,0.388597,0.331014,0.387556
25-Apr-18,0.397897,0.398400,0.329635,0.339517
24-Apr-18,0.372631,0.407527,0.370864,0.400670
23-Apr-18,0.367921,0.375050,0.367044,0.372128
22-Apr-18,0.375207,0.383253,0.365541,0.368139
21-Apr-18,0.391513,0.398127,0.348400,0.375663
20-Apr-18,0.366551,0.398048,0.356500,0.391165
19-Apr-18,0.354726,0.377249,0.349030,0.366120
18-Apr-18,0.300338,0.353661,0.300338,0.351544
17-Apr-18,0.284747,0.317498,0.279779,0.300202
16-Apr-18,0.290237,0.301667,0.272608,0.284156
15-Apr-18,0.250979,0.296395,0.250979,0.290722
14-Apr-18,0.245338,0.259121,0.242600,0.250668
13-Apr-18,0.241112,0.267080,0.232920,0.246290
12-Apr-18,0.211258,0.242264,0.206995,0.242120
11-Apr-18,0.199526,0.212465,0.198926,0.212337
10-Apr-18,0.197444,0.201289,0.196407,0.199344
9-Apr-18,0.206718,0.213455,0.192837,0.197333
8-Apr-18,0.201817,0.207877,0.201279,0.206377
7-Apr-18,0.193547,0.205750,0.192891,0.201859
6-Apr-18,0.197781,0.199645,0.189090,0.193317
5-Apr-18,0.207124,0.209153,0.191903,0.197940
4-Apr-18,0.233729,0.236577,0.202380,0.204108
3-Apr-18,0.225992,0.239845,0.225069,0.235691
2-Apr-18,0.207131,0.233383,0.204698,0.224878
1-Apr-18,0.207723,0.213390,0.190688,0.206582
31-Mar-18,0.189039,0.220780,0.189039,0.206778
30-Mar-18,0.190582,0.199357,0.174934,0.188733
29-Mar-18,0.219226,0.221460,0.187853,0.190819
28-Mar-18,0.215889,0.225843,0.215086,0.219251
27-Mar-18,0.228565,0.229138,0.205230,0.216033
26-Mar-18,0.239258,0.246144,0.217238,0.228861
25-Mar-18,0.233062,0.242739,0.230378,0.239952
24-Mar-18,0.237745,0.245778,0.234044,0.235422
23-Mar-18,0.242993,0.242993,0.224581,0.236147
22-Mar-18,0.255170,0.259328,0.228713,0.243212
21-Mar-18,0.270670,0.271789,0.249781,0.254636
20-Mar-18,0.249992,0.282082,0.235574,0.267968
19-Mar-18,0.222368,0.250226,0.212955,0.250226
18-Mar-18,0.206409,0.222828,0.158913,0.220473
17-Mar-18,0.230277,0.234321,0.200989,0.206731
16-Mar-18,0.240988,0.241545,0.227545,0.229991
15-Mar-18,0.248854,0.250575,0.217064,0.240655
14-Mar-18,0.291850,0.297763,0.240711,0.248689
13-Mar-18,0.290151,0.301183,0.282290,0.290193
12-Mar-18,0.304301,0.312193,0.286332,0.291765
11-Mar-18,0.291868,0.306688,0.280042,0.304217
10-Mar-18,0.315618,0.320392,0.290070,0.292661
9-Mar-18,0.311237,0.315440,0.267454,0.311859
8-Mar-18,0.329847,0.341127,0.306218,0.311938
7-Mar-18,0.337814,0.349137,0.300388,0.329103
6-Mar-18,0.351753,0.366554,0.335254,0.337911
5-Mar-18,0.363777,0.398224,0.352031,0.352031
4-Mar-18,0.354031,0.363792,0.342398,0.361930
3-Mar-18,0.319021,0.350168,0.313368,0.350168
2-Mar-18,0.338691,0.340805,0.318850,0.320107
1-Mar-18,0.334118,0.347566,0.321558,0.339314
28-Feb-18,0.360410,0.364738,0.333916,0.333916
27-Feb-18,0.364632,0.372450,0.354834,0.362051
26-Feb-18,0.358687,0.371765,0.346502,0.364579
25-Feb-18,0.354549,0.366940,0.336719,0.357302
24-Feb-18,0.382687,0.386899,0.346156,0.355163
23-Feb-18,0.364134,0.390408,0.352623,0.381985
22-Feb-18,0.393891,0.408898,0.358483,0.366447
21-Feb-18,0.399718,0.433562,0.379845,0.396765
20-Feb-18,0.452845,0.455373,0.399315,0.402289
19-Feb-18,0.450437,0.461753,0.448995,0.452932
18-Feb-18,0.479855,0.486165,0.441988,0.450399
17-Feb-18,0.455103,0.483244,0.451585,0.479075
16-Feb-18,0.451796,0.458327,0.441777,0.455446
15-Feb-18,0.452048,0.463623,0.444260,0.453556
14-Feb-18,0.409872,0.457474,0.402079,0.453888
13-Feb-18,0.396419,0.435547,0.374388,0.410614
12-Feb-18,0.374181,0.401820,0.374181,0.395649
11-Feb-18,0.406615,0.406615,0.357825,0.370005
10-Feb-18,0.398440,0.453920,0.384953,0.406856
9-Feb-18,0.360711,0.402324,0.348872,0.401068
8-Feb-18,0.344930,0.373893,0.344930,0.363565
7-Feb-18,0.368956,0.380924,0.337244,0.342125
6-Feb-18,0.336738,0.374247,0.266352,0.370811
5-Feb-18,0.383191,0.425340,0.312975,0.331192
4-Feb-18,0.425970,0.467492,0.366818,0.377231
3-Feb-18,0.405950,0.478678,0.345184,0.430056
2-Feb-18,0.455087,0.455087,0.285878,0.405075
1-Feb-18,0.540834,0.542970,0.429680,0.456455
31-Jan-18,0.488731,0.555212,0.440520,0.539797
30-Jan-18,0.590831,0.590831,0.475736,0.489648
29-Jan-18,0.632602,0.632602,0.583512,0.589283
28-Jan-18,0.615916,0.640046,0.615448,0.634421
27-Jan-18,0.631495,0.639450,0.610086,0.613061
26-Jan-18,0.602163,0.645780,0.553197,0.633916
25-Jan-18,0.567863,0.649971,0.556165,0.608253
24-Jan-18,0.486517,0.589589,0.473565,0.567014
23-Jan-18,0.475039,0.518281,0.434858,0.486185
22-Jan-18,0.465901,0.529766,0.432834,0.486338
21-Jan-18,0.534347,0.534347,0.445113,0.464117
20-Jan-18,0.509950,0.547453,0.502153,0.534677
19-Jan-18,0.503367,0.535594,0.481281,0.506232
18-Jan-18,0.479522,0.570070,0.453596,0.509523
17-Jan-18,0.441944,0.503706,0.305034,0.477187
16-Jan-18,0.600117,0.600117,0.323407,0.441197
15-Jan-18,0.625504,0.670579,0.599138,0.599271
14-Jan-18,0.672198,0.672198,0.582819,0.630856
13-Jan-18,0.681853,0.721316,0.643237,0.671564
12-Jan-18,0.558864,0.715440,0.534755,0.677960
11-Jan-18,0.563690,0.613405,0.437407,0.558126
10-Jan-18,0.588565,0.588565,0.483044,0.566930
9-Jan-18,0.628026,0.649552,0.568159,0.585653
8-Jan-18,0.695952,0.695952,0.555769,0.629323
7-Jan-18,0.709730,0.744735,0.661080,0.699645
6-Jan-18,0.663060,0.788507,0.614300,0.709945
5-Jan-18,0.739457,0.791967,0.577509,0.662712
4-Jan-18,0.892399,0.938144,0.677496,0.724050
3-Jan-18,0.562720,0.919994,0.562572,0.896227
2-Jan-18,0.496876,0.593645,0.472748,0.564766
1-Jan-18,0.360422,0.523593,0.360422,0.480008
31-Dec-17,0.317846,0.364302,0.307454,0.360756
30-Dec-17,0.316473,0.390380,0.289056,0.323202
29-Dec-17,0.223778,0.335760,0.222680,0.322941
28-Dec-17,0.227821,0.228361,0.200481,0.223544
27-Dec-17,0.226261,0.233267,0.216719,0.229224
26-Dec-17,0.228649,0.232918,0.210969,0.226018
25-Dec-17,0.226538,0.234519,0.212722,0.228511
24-Dec-17,0.236793,0.237185,0.198229,0.224450
23-Dec-17,0.220812,0.263453,0.213736,0.234179
22-Dec-17,0.258506,0.276193,0.161494,0.216717
21-Dec-17,0.252894,0.280786,0.240672,0.257200
20-Dec-17,0.264813,0.265206,0.213690,0.252386
19-Dec-17,0.276017,0.300504,0.245986,0.264310
18-Dec-17,0.273167,0.278075,0.257238,0.276283
17-Dec-17,0.234672,0.300678,0.227982,0.266621
16-Dec-17,0.196077,0.236646,0.190341,0.232125
15-Dec-17,0.198565,0.204663,0.163988,0.195862
14-Dec-17,0.148829,0.209779,0.147458,0.188907
13-Dec-17,0.154966,0.162841,0.140410,0.149342
12-Dec-17,0.143231,0.162208,0.136176,0.156444
11-Dec-17,0.118252,0.151842,0.117751,0.144956
10-Dec-17,0.138053,0.138053,0.103975,0.119263
9-Dec-17,0.140346,0.147715,0.124521,0.135122
8-Dec-17,0.137887,0.145762,0.120002,0.137260
7-Dec-17,0.153297,0.177148,0.131568,0.133046
6-Dec-17,0.121563,0.167933,0.111746,0.151622
5-Dec-17,0.097240,0.127591,0.093964,0.123523
4-Dec-17,0.089487,0.097610,0.087554,0.097610
3-Dec-17,0.093531,0.096906,0.086840,0.089035
2-Dec-17,0.090184,0.098519,0.089947,0.093816
1-Dec-17,0.072181,0.091459,0.071534,0.089883
30-Nov-17,0.065554,0.078906,0.063939,0.072871
29-Nov-17,0.081939,0.099881,0.060393,0.064424
28-Nov-17,0.056877,0.084987,0.056486,0.081415
27-Nov-17,0.048866,0.062059,0.048501,0.059843
26-Nov-17,0.043762,0.049111,0.043762,0.048896
25-Nov-17,0.040280,0.043943,0.040040,0.043639
24-Nov-17,0.040437,0.041181,0.038939,0.040193
23-Nov-17,0.042674,0.044142,0.040149,0.040535
22-Nov-17,0.037669,0.042299,0.037566,0.042299
21-Nov-17,0.038127,0.039060,0.036212,0.037668
20-Nov-17,0.036619,0.039783,0.036174,0.038121
19-Nov-17,0.036482,0.039945,0.036039,0.036566
18-Nov-17,0.035494,0.036583,0.034652,0.036583
17-Nov-17,0.037144,0.037293,0.034894,0.035572
16-Nov-17,0.036987,0.037897,0.034634,0.037234
15-Nov-17,0.036471,0.037343,0.034680,0.037053
14-Nov-17,0.030609,0.037129,0.030382,0.036374
13-Nov-17,0.028115,0.031968,0.028041,0.030656
12-Nov-17,0.032965,0.033334,0.027469,0.028182
11-Nov-17,0.033083,0.035829,0.031881,0.033053
10-Nov-17,0.039833,0.039833,0.031366,0.033073
9-Nov-17,0.033792,0.040380,0.033744,0.039946
8-Nov-17,0.030657,0.035266,0.029160,0.033763
7-Nov-17,0.028874,0.032871,0.028874,0.030699
6-Nov-17,0.026694,0.029117,0.026422,0.028880
5-Nov-17,0.027244,0.027869,0.026324,0.026765
4-Nov-17,0.027829,0.028660,0.026961,0.027294
3-Nov-17,0.027498,0.028573,0.025540,0.027779
2-Nov-17,0.027025,0.028644,0.023969,0.027607
1-Nov-17,0.029387,0.030124,0.027213,0.027353
31-Oct-17,0.031606,0.031815,0.028622,0.029182
30-Oct-17,0.030731,0.032085,0.029874,0.031804
29-Oct-17,0.031104,0.033388,0.029866,0.030331
28-Oct-17,0.034284,0.034615,0.030938,0.031038
27-Oct-17,0.034680,0.035061,0.033246,0.034236
26-Oct-17,0.035246,0.037127,0.034463,0.034546
25-Oct-17,0.036433,0.037877,0.034006,0.035004
24-Oct-17,0.034466,0.042909,0.033463,0.036649
23-Oct-17,0.031206,0.036949,0.030019,0.033832
22-Oct-17,0.036487,0.037668,0.030483,0.031269
21-Oct-17,0.027343,0.038015,0.024250,0.036429
20-Oct-17,0.031246,0.032652,0.025472,0.026757
19-Oct-17,0.035176,0.035356,0.029638,0.031195
18-Oct-17,0.045810,0.045930,0.033016,0.035133
17-Oct-17,0.036511,0.046700,0.035483,0.045842
16-Oct-17,0.018929,0.049123,0.018683,0.036865
15-Oct-17,0.017291,0.019049,0.016837,0.018925
14-Oct-17,0.018017,0.019165,0.017522,0.017522
13-Oct-17,0.017650,0.018663,0.017365,0.017960
12-Oct-17,0.019498,0.019869,0.017362,0.017784
11-Oct-17,0.018870,0.020072,0.018239,0.019450
10-Oct-17,0.017440,0.018953,0.016589,0.018953
9-Oct-17,0.018800,0.022022,0.016326,0.017601
8-Oct-17,0.020691,0.022042,0.018229,0.018598
7-Oct-17,0.018443,0.024591,0.018443,0.020959
6-Oct-17,0.014657,0.019194,0.014657,0.018403
5-Oct-17,0.011881,0.015283,0.011736,0.014576
4-Oct-17,0.012469,0.012537,0.011573,0.011851
3-Oct-17,0.012947,0.012947,0.011327,0.012404
2-Oct-17,0.013697,0.013734,0.012638,0.012962
1-Oct-17,0.013813,0.013864,0.013383,0.013688
30-Sep-17,0.013162,0.013945,0.013141,0.013858
29-Sep-17,0.013816,0.013877,0.012906,0.013204
28-Sep-17,0.014316,0.014562,0.013549,0.013863
27-Sep-17,0.012299,0.014896,0.012299,0.014378
26-Sep-17,0.012077,0.012537,0.011929,0.012388
25-Sep-17,0.011551,0.012454,0.011427,0.012073
24-Sep-17,0.011915,0.012024,0.011394,0.011563
23-Sep-17,0.010755,0.011897,0.010650,0.011896
22-Sep-17,0.010699,0.011150,0.010360,0.010776
21-Sep-17,0.012104,0.012163,0.010523,0.010600
20-Sep-17,0.011781,0.012598,0.011244,0.012236
19-Sep-17,0.013453,0.013505,0.011414,0.011795
18-Sep-17,0.011173,0.013639,0.011173,0.013455
17-Sep-17,0.011710,0.011710,0.010180,0.011211
16-Sep-17,0.012047,0.012474,0.010492,0.011699
15-Sep-17,0.011129,0.012571,0.006892,0.012097
14-Sep-17,0.015355,0.015550,0.011038,0.011038
13-Sep-17,0.016198,0.016301,0.014656,0.015328
12-Sep-17,0.017014,0.017677,0.016036,0.016324
11-Sep-17,0.016276,0.017649,0.015954,0.016993
10-Sep-17,0.017109,0.017193,0.015628,0.016269
9-Sep-17,0.017521,0.017739,0.016580,0.017095
8-Sep-17,0.020058,0.020346,0.016905,0.017447
7-Sep-17,0.020353,0.020655,0.019433,0.020096
6-Sep-17,0.018580,0.020887,0.018580,0.020346
5-Sep-17,0.017857,0.019062,0.015980,0.018567
4-Sep-17,0.021310,0.021339,0.016690,0.017625
3-Sep-17,0.020813,0.021904,0.020297,0.021296
2-Sep-17,0.024058,0.024326,0.020413,0.020837
1-Sep-17,0.022338,0.024472,0.021455,0.023954
31-Aug-17,0.021194,0.022502,0.020776,0.022405
30-Aug-17,0.020056,0.021240,0.019883,0.021224
29-Aug-17,0.020497,0.020823,0.019424,0.020104
28-Aug-17,0.019862,0.021014,0.019239,0.020525
27-Aug-17,0.021120,0.021445,0.019569,0.019785
26-Aug-17,0.020325,0.021226,0.019013,0.021208
25-Aug-17,0.019036,0.020497,0.018367,0.020497
24-Aug-17,0.020465,0.021513,0.018510,0.019024
23-Aug-17,0.021459,0.023979,0.019393,0.020222
22-Aug-17,0.019660,0.021753,0.016734,0.021624
21-Aug-17,0.017669,0.020365,0.017092,0.019753
20-Aug-17,0.016481,0.018386,0.016148,0.017631
19-Aug-17,0.016862,0.017201,0.015550,0.016513
18-Aug-17,0.017326,0.017585,0.016572,0.016842
17-Aug-17,0.017715,0.018238,0.016865,0.017327
16-Aug-17,0.017377,0.018561,0.017127,0.017702
15-Aug-17,0.017605,0.018891,0.016068,0.017433
14-Aug-17,0.018313,0.019210,0.016820,0.017622
13-Aug-17,0.020234,0.020234,0.017237,0.018250
12-Aug-17,0.021400,0.022192,0.019601,0.020218
11-Aug-17,0.021940,0.022304,0.020751,0.021480
10-Aug-17,0.022993,0.023450,0.021993,0.022007
9-Aug-17,0.023813,0.024613,0.021601,0.022996
8-Aug-17,0.022300,0.023737,0.021703,0.023737
7-Aug-17,0.022697,0.023050,0.021222,0.022195
6-Aug-17,0.023835,0.024723,0.022618,0.022701
5-Aug-17,0.022800,0.026538,0.021051,0.023984
4-Aug-17,0.018846,0.022411,0.018597,0.022241
3-Aug-17,0.018313,0.018981,0.018207,0.018860
2-Aug-17,0.017906,0.019188,0.017527,0.018413
1-Aug-17,0.016102,0.017955,0.015866,0.017933
31-Jul-17,0.015894,0.016462,0.015192,0.016095
30-Jul-17,0.017492,0.017492,0.015922,0.015984
29-Jul-17,0.016930,0.017447,0.015495,0.017447
28-Jul-17,0.018420,0.018677,0.016448,0.016961
27-Jul-17,0.018937,0.019232,0.018075,0.018322
26-Jul-17,0.018577,0.019694,0.017651,0.018878
25-Jul-17,0.022616,0.022909,0.017189,0.018551
24-Jul-17,0.021672,0.022820,0.020864,0.022605
23-Jul-17,0.022909,0.023715,0.020321,0.021769
22-Jul-17,0.019178,0.023540,0.019144,0.022877
21-Jul-17,0.018994,0.020628,0.018685,0.019201
20-Jul-17,0.017338,0.020398,0.017338,0.018859
19-Jul-17,0.018771,0.019916,0.017100,0.017256
18-Jul-17,0.018731,0.020158,0.017810,0.018666
17-Jul-17,0.015511,0.018935,0.015511,0.018614
16-Jul-17,0.017577,0.018951,0.013772,0.015654
15-Jul-17,0.016244,0.018272,0.015029,0.017618
14-Jul-17,0.017373,0.017373,0.014969,0.016321
13-Jul-17,0.018142,0.020118,0.015719,0.017351
12-Jul-17,0.014322,0.017907,0.012816,0.017907
11-Jul-17,0.014858,0.015647,0.012365,0.014518
10-Jul-17,0.019547,0.019955,0.013970,0.015137
9-Jul-17,0.021628,0.022491,0.019499,0.019499
8-Jul-17,0.020423,0.021862,0.017816,0.021597
7-Jul-17,0.025482,0.025512,0.019980,0.020415
6-Jul-17,0.025502,0.026190,0.025194,0.025418
5-Jul-17,0.025681,0.025858,0.024795,0.025441
4-Jul-17,0.026169,0.027910,0.025646,0.025750
3-Jul-17,0.025696,0.026887,0.024591,0.026266
2-Jul-17,0.024477,0.025827,0.022372,0.025706
1-Jul-17,0.026959,0.028074,0.023388,0.024466
30-Jun-17,0.029028,0.029625,0.026834,0.026988
29-Jun-17,0.031839,0.032263,0.028674,0.029039
28-Jun-17,0.029205,0.033615,0.028027,0.031998
27-Jun-17,0.030218,0.031348,0.024228,0.029113
26-Jun-17,0.033454,0.035432,0.025687,0.030218
25-Jun-17,0.038099,0.038483,0.031113,0.033373
24-Jun-17,0.040449,0.041339,0.038154,0.038210
23-Jun-17,0.038643,0.041846,0.038487,0.041397
22-Jun-17,0.038317,0.039650,0.037502,0.038720
21-Jun-17,0.039372,0.039702,0.037121,0.038124
20-Jun-17,0.040357,0.043331,0.038141,0.039366
19-Jun-17,0.038310,0.041273,0.038182,0.040252
18-Jun-17,0.039137,0.039217,0.037875,0.038332
17-Jun-17,0.037526,0.039631,0.036814,0.039251
16-Jun-17,0.037467,0.038287,0.035686,0.037536
15-Jun-17,0.039994,0.039994,0.032046,0.037439
14-Jun-17,0.041905,0.044759,0.037485,0.039828
13-Jun-17,0.039688,0.043096,0.039382,0.041860
12-Jun-17,0.045825,0.047296,0.037441,0.039988
11-Jun-17,0.042751,0.046864,0.041732,0.045915
10-Jun-17,0.047365,0.047856,0.042224,0.042866
9-Jun-17,0.050330,0.052061,0.046599,0.047356
8-Jun-17,0.046835,0.056739,0.045391,0.050420
7-Jun-17,0.045483,0.053941,0.045153,0.047098
6-Jun-17,0.041515,0.046595,0.039044,0.045407
5-Jun-17,0.039833,0.043130,0.039588,0.041507
4-Jun-17,0.038989,0.040565,0.036989,0.039989
3-Jun-17,0.040042,0.041036,0.037445,0.039294
2-Jun-17,0.043191,0.043705,0.038478,0.040226
1-Jun-17,0.034424,0.044108,0.034346,0.043069
31-May-17,0.030800,0.035262,0.029765,0.034273
30-May-17,0.036753,0.038143,0.030931,0.031009
29-May-17,0.035289,0.038677,0.033736,0.037044
28-May-17,0.033198,0.039951,0.030864,0.035364
27-May-17,0.040732,0.043088,0.023228,0.033024
26-May-17,0.039485,0.052619,0.036826,0.041065
25-May-17,0.050931,0.051210,0.039599,0.040021
24-May-17,0.055403,0.058619,0.048900,0.051364
23-May-17,0.051216,0.057882,0.050558,0.055500
22-May-17,0.062549,0.064910,0.046861,0.051003
21-May-17,0.053996,0.067443,0.052949,0.060843
20-May-17,0.049562,0.054898,0.049562,0.053888
19-May-17,0.046302,0.055402,0.045009,0.049576
18-May-17,0.048089,0.048857,0.042866,0.046270
17-May-17,0.049946,0.054295,0.039446,0.048568
16-May-17,0.043404,0.051660,0.043404,0.049368
15-May-17,0.038589,0.043638,0.037598,0.043552
14-May-17,0.037482,0.041151,0.036520,0.038648
13-May-17,0.039963,0.041415,0.031632,0.037586
12-May-17,0.037228,0.046143,0.036248,0.040706
11-May-17,0.031073,0.043411,0.026957,0.036203
10-May-17,0.028423,0.036855,0.027191,0.031376
9-May-17,0.039671,0.043180,0.022391,0.027647
8-May-17,0.043297,0.054733,0.031139,0.039880
7-May-17,0.021414,0.062327,0.018637,0.043984
6-May-17,0.010784,0.022215,0.010784,0.021343
5-May-17,0.006623,0.013567,0.006564,0.010877
4-May-17,0.005198,0.006960,0.005174,0.006628
3-May-17,0.004816,0.005252,0.004525,0.005197
2-May-17,0.005153,0.005373,0.004428,0.004834
1-May-17,0.004835,0.005805,0.004654,0.005138
30-Apr-17,0.004975,0.005379,0.004785,0.004840
29-Apr-17,0.004532,0.005105,0.004427,0.004971
28-Apr-17,0.003971,0.004633,0.003965,0.004551
27-Apr-17,0.003839,0.003982,0.003825,0.003970
26-Apr-17,0.003805,0.004070,0.003749,0.003835
25-Apr-17,0.003849,0.003887,0.003761,0.003808
24-Apr-17,0.003521,0.003959,0.003503,0.003840
23-Apr-17,0.003484,0.003534,0.003443,0.003506
22-Apr-17,0.003465,0.003553,0.003465,0.003506
21-Apr-17,0.003365,0.003496,0.003319,0.003466
20-Apr-17,0.003554,0.003692,0.003274,0.003368
19-Apr-17,0.003730,0.003746,0.003514,0.003574
18-Apr-17,0.003582,0.003718,0.003398,0.003706
17-Apr-17,0.003757,0.003799,0.003432,0.003555
16-Apr-17,0.003389,0.003892,0.003313,0.003737
15-Apr-17,0.003129,0.003387,0.003065,0.003385
14-Apr-17,0.003077,0.003266,0.003004,0.003128
13-Apr-17,0.003021,0.003099,0.002976,0.003060
12-Apr-17,0.002768,0.003166,0.002766,0.003036
11-Apr-17,0.002808,0.002820,0.002743,0.002782
10-Apr-17,0.002752,0.002826,0.002671,0.002788
9-Apr-17,0.002910,0.002939,0.002701,0.002745
8-Apr-17,0.002746,0.003078,0.002724,0.002920
7-Apr-17,0.002808,0.002945,0.002646,0.002767
6-Apr-17,0.003140,0.003390,0.002754,0.002824
5-Apr-17,0.003006,0.003481,0.002945,0.003131
4-Apr-17,0.003152,0.003338,0.002826,0.003046
3-Apr-17,0.004118,0.004982,0.002914,0.003124
2-Apr-17,0.002607,0.004285,0.002513,0.004183
1-Apr-17,0.002349,0.002710,0.002320,0.002631
31-Mar-17,0.002270,0.002741,0.002169,0.002356
30-Mar-17,0.002022,0.002375,0.001983,0.002302
29-Mar-17,0.002056,0.002108,0.001907,0.001973
28-Mar-17,0.001899,0.002052,0.001899,0.002043
27-Mar-17,0.002035,0.002110,0.001851,0.001892
26-Mar-17,0.002009,0.002156,0.001959,0.002018
25-Mar-17,0.002112,0.002168,0.001994,0.002016
24-Mar-17,0.002291,0.002419,0.002091,0.002108
23-Mar-17,0.001984,0.002251,0.001981,0.002251
22-Mar-17,0.002186,0.002194,0.001944,0.001983
21-Mar-17,0.001980,0.002229,0.001933,0.002187
20-Mar-17,0.001920,0.002000,0.001915,0.001995
19-Mar-17,0.001875,0.002024,0.001843,0.001916
18-Mar-17,0.001960,0.002096,0.001850,0.001877
17-Mar-17,0.001952,0.002016,0.001895,0.001957
16-Mar-17,0.001944,0.002000,0.001861,0.001970
15-Mar-17,0.001918,0.002026,0.001904,0.001953
14-Mar-17,0.001965,0.001997,0.001855,0.001918
13-Mar-17,0.001859,0.002060,0.001859,0.001965
12-Mar-17,0.001796,0.001863,0.001796,0.001847
11-Mar-17,0.001733,0.001823,0.001684,0.001788
10-Mar-17,0.001784,0.001890,0.001617,0.001733
9-Mar-17,0.001843,0.001893,0.001732,0.001790
8-Mar-17,0.002007,0.002096,0.001803,0.001835
7-Mar-17,0.001987,0.002045,0.001861,0.002011
6-Mar-17,0.001732,0.001876,0.001730,0.001876
5-Mar-17,0.001745,0.001782,0.001726,0.001738
4-Mar-17,0.001775,0.001839,0.001743,0.001753
3-Mar-17,0.001786,0.001860,0.001763,0.001763
2-Mar-17,0.001731,0.001895,0.001707,0.001787
1-Mar-17,0.001842,0.001872,0.001628,0.001724
28-Feb-17,0.001776,0.001863,0.001770,0.001843
27-Feb-17,0.001880,0.001912,0.001774,0.001774
26-Feb-17,0.001880,0.001904,0.001786,0.001875
25-Feb-17,0.001881,0.001910,0.001824,0.001881
24-Feb-17,0.001930,0.002013,0.001834,0.001885
23-Feb-17,0.002020,0.002029,0.001925,0.001927
22-Feb-17,0.002008,0.002068,0.001946,0.002008
21-Feb-17,0.002045,0.002100,0.001991,0.001997
20-Feb-17,0.002021,0.002055,0.001999,0.002052
19-Feb-17,0.002022,0.002081,0.002004,0.002014
18-Feb-17,0.002093,0.002123,0.001991,0.002021
17-Feb-17,0.002136,0.002174,0.002093,0.002093
16-Feb-17,0.002205,0.002236,0.002131,0.002139
15-Feb-17,0.002102,0.002241,0.002071,0.002224
14-Feb-17,0.002069,0.002124,0.002063,0.002090
13-Feb-17,0.002089,0.002149,0.002052,0.002067
12-Feb-17,0.002110,0.002155,0.002068,0.002090
11-Feb-17,0.002141,0.002179,0.002089,0.002111
10-Feb-17,0.002157,0.002175,0.002063,0.002141
9-Feb-17,0.002244,0.002320,0.002088,0.002155
8-Feb-17,0.002321,0.002362,0.002235,0.002235
7-Feb-17,0.002372,0.002410,0.002306,0.002319
6-Feb-17,0.002351,0.002418,0.002343,0.002369
5-Feb-17,0.002397,0.002422,0.002330,0.002344
4-Feb-17,0.002403,0.002467,0.002369,0.002391
3-Feb-17,0.002426,0.002464,0.002367,0.002399
2-Feb-17,0.002362,0.002488,0.002330,0.002420
1-Feb-17,0.002354,0.002414,0.002303,0.002357
31-Jan-17,0.002457,0.002459,0.002264,0.002371
30-Jan-17,0.002225,0.002538,0.002222,0.002458
29-Jan-17,0.002192,0.002243,0.002192,0.002225
28-Jan-17,0.002203,0.002265,0.002191,0.002192
27-Jan-17,0.002254,0.002254,0.002159,0.002196
26-Jan-17,0.002157,0.002233,0.002119,0.002197
25-Jan-17,0.002234,0.002251,0.002146,0.002157
24-Jan-17,0.002336,0.002336,0.002233,0.002234
23-Jan-17,0.002323,0.002387,0.002279,0.002332
22-Jan-17,0.002295,0.002428,0.002291,0.002336
21-Jan-17,0.002371,0.002411,0.002301,0.002301
20-Jan-17,0.002348,0.002528,0.002343,0.002357
19-Jan-17,0.002490,0.002526,0.002265,0.002349
18-Jan-17,0.002546,0.002588,0.002298,0.002481
17-Jan-17,0.002380,0.002558,0.002370,0.002545
16-Jan-17,0.002441,0.002483,0.002334,0.002380
15-Jan-17,0.002458,0.002492,0.002377,0.002441
14-Jan-17,0.002378,0.002488,0.002358,0.002472
13-Jan-17,0.002459,0.002490,0.002316,0.002398
12-Jan-17,0.002080,0.002512,0.002047,0.002475
11-Jan-17,0.002355,0.002381,0.002059,0.002089
10-Jan-17,0.002346,0.002378,0.002323,0.002355
9-Jan-17,0.002357,0.002381,0.002309,0.002347
8-Jan-17,0.002396,0.002436,0.002332,0.002355
7-Jan-17,0.002497,0.002512,0.002264,0.002396
6-Jan-17,0.002606,0.002671,0.002296,0.002494
5-Jan-17,0.002737,0.002826,0.002387,0.002598
4-Jan-17,0.002553,0.002787,0.002541,0.002735
3-Jan-17,0.002499,0.002561,0.002449,0.002554
2-Jan-17,0.002475,0.002537,0.002425,0.002477
1-Jan-17,0.002464,0.002575,0.002432,0.002481
31-Dec-16,0.002545,0.002545,0.002426,0.002469
30-Dec-16,0.002559,0.002580,0.002479,0.002544
29-Dec-16,0.002510,0.002603,0.002309,0.002559
28-Dec-16,0.002552,0.002553,0.002406,0.002509
27-Dec-16,0.002658,0.002747,0.002432,0.002543
26-Dec-16,0.002578,0.002696,0.002569,0.002657
25-Dec-16,0.002692,0.002720,0.002559,0.002578
24-Dec-16,0.002579,0.002760,0.002564,0.002691
23-Dec-16,0.002757,0.002857,0.002477,0.002646
22-Dec-16,0.002824,0.002873,0.002446,0.002751
21-Dec-16,0.002842,0.002947,0.002765,0.002810
20-Dec-16,0.002867,0.003040,0.002835,0.002836
19-Dec-16,0.002901,0.002937,0.002785,0.002868
18-Dec-16,0.002772,0.002958,0.002759,0.002900
17-Dec-16,0.003129,0.003139,0.002749,0.002772
16-Dec-16,0.002821,0.003149,0.002752,0.003123
15-Dec-16,0.002151,0.003013,0.002100,0.002802
14-Dec-16,0.002163,0.002217,0.002104,0.002150
13-Dec-16,0.002265,0.002301,0.002088,0.002158
12-Dec-16,0.002353,0.002418,0.002214,0.002272
11-Dec-16,0.002204,0.002418,0.002136,0.002353
10-Dec-16,0.002587,0.002587,0.002199,0.002233
9-Dec-16,0.002444,0.002615,0.002327,0.002545
8-Dec-16,0.002749,0.002910,0.002310,0.002421
7-Dec-16,0.002653,0.003141,0.001993,0.002767
6-Dec-16,0.001542,0.002824,0.001458,0.002666
5-Dec-16,0.001532,0.001557,0.001512,0.001542
4-Dec-16,0.001592,0.001597,0.001532,0.001532
3-Dec-16,0.001529,0.001606,0.001513,0.001592
2-Dec-16,0.001620,0.001621,0.001487,0.001529
1-Dec-16,0.001629,0.001672,0.001543,0.001619
30-Nov-16,0.001666,0.001688,0.001613,0.001629
29-Nov-16,0.001655,0.001691,0.001636,0.001667
28-Nov-16,0.001665,0.001694,0.001653,0.001655
27-Nov-16,0.001649,0.001688,0.001642,0.001665
26-Nov-16,0.001717,0.001717,0.001605,0.001649
25-Nov-16,0.001691,0.001729,0.001672,0.001722
24-Nov-16,0.001733,0.001741,0.001687,0.001691
23-Nov-16,0.001727,0.001753,0.001719,0.001733
22-Nov-16,0.001755,0.001797,0.001712,0.001735
21-Nov-16,0.001760,0.001798,0.001745,0.001755
20-Nov-16,0.001797,0.001806,0.001753,0.001760
19-Nov-16,0.001806,0.001829,0.001756,0.001796
18-Nov-16,0.001812,0.001832,0.001757,0.001807
17-Nov-16,0.001775,0.001860,0.001734,0.001820
16-Nov-16,0.001852,0.001868,0.001756,0.001772
15-Nov-16,0.001883,0.001884,0.001814,0.001853
14-Nov-16,0.001895,0.001915,0.001867,0.001880
13-Nov-16,0.001899,0.001931,0.001878,0.001896
12-Nov-16,0.001913,0.001924,0.001876,0.001899
11-Nov-16,0.001948,0.001992,0.001897,0.001913
10-Nov-16,0.001968,0.002003,0.001928,0.001948
9-Nov-16,0.001994,0.002014,0.001938,0.001968
8-Nov-16,0.002013,0.002029,0.001965,0.001986
7-Nov-16,0.001969,0.002029,0.001924,0.002013
6-Nov-16,0.002021,0.002058,0.001867,0.001959
5-Nov-16,0.002003,0.002032,0.001980,0.002021
4-Nov-16,0.001991,0.002027,0.001959,0.001999
3-Nov-16,0.002014,0.002072,0.001963,0.001994
2-Nov-16,0.001977,0.002069,0.001952,0.002023
1-Nov-16,0.002088,0.002088,0.001929,0.001976
31-Oct-16,0.002119,0.002167,0.001986,0.002088
30-Oct-16,0.001964,0.002140,0.001932,0.002127
29-Oct-16,0.002095,0.002137,0.001882,0.001957
28-Oct-16,0.002145,0.002222,0.002058,0.002095
27-Oct-16,0.002337,0.002364,0.002097,0.002176
26-Oct-16,0.002358,0.002380,0.002273,0.002338
25-Oct-16,0.002471,0.002478,0.002334,0.002357
24-Oct-16,0.002439,0.002504,0.002416,0.002471
23-Oct-16,0.002409,0.002464,0.002376,0.002438
22-Oct-16,0.002470,0.002521,0.002353,0.002407
21-Oct-16,0.002668,0.002703,0.002399,0.002476
20-Oct-16,0.002336,0.002708,0.002336,0.002670
19-Oct-16,0.002388,0.002411,0.002257,0.002339
18-Oct-16,0.002290,0.002419,0.002284,0.002388
17-Oct-16,0.002419,0.002434,0.002270,0.002291
16-Oct-16,0.002437,0.002496,0.002400,0.002418
15-Oct-16,0.002479,0.002509,0.002412,0.002439
14-Oct-16,0.002536,0.002537,0.002377,0.002479
13-Oct-16,0.002637,0.002662,0.002482,0.002539
12-Oct-16,0.002678,0.002742,0.002628,0.002637
11-Oct-16,0.002467,0.003094,0.002361,0.002679
10-Oct-16,0.002380,0.002559,0.002298,0.002466
9-Oct-16,0.002317,0.002432,0.002240,0.002376
8-Oct-16,0.002386,0.002388,0.002283,0.002317
7-Oct-16,0.002306,0.002438,0.002270,0.002374
6-Oct-16,0.002497,0.002530,0.002282,0.002306
5-Oct-16,0.002590,0.002604,0.002420,0.002485
4-Oct-16,0.002705,0.002758,0.002567,0.002590
3-Oct-16,0.002872,0.002873,0.002708,0.002710
2-Oct-16,0.002782,0.002995,0.002735,0.002867
1-Oct-16,0.002839,0.002927,0.002706,0.002763
30-Sep-16,0.003017,0.003054,0.002799,0.002847
29-Sep-16,0.003136,0.003314,0.003032,0.003066
28-Sep-16,0.002556,0.003376,0.002443,0.003149
27-Sep-16,0.002384,0.002601,0.002341,0.002549
26-Sep-16,0.002459,0.002651,0.002336,0.002385
25-Sep-16,0.002213,0.002501,0.002167,0.002454
24-Sep-16,0.002068,0.002320,0.002062,0.002219
23-Sep-16,0.002138,0.002141,0.002033,0.002083
22-Sep-16,0.002085,0.002169,0.002062,0.002138
21-Sep-16,0.002055,0.002119,0.001998,0.002085
20-Sep-16,0.002127,0.002131,0.002000,0.002052
19-Sep-16,0.002089,0.002170,0.002068,0.002127
18-Sep-16,0.002162,0.002168,0.002082,0.002090
17-Sep-16,0.002082,0.002198,0.002070,0.002162
16-Sep-16,0.002304,0.002336,0.002078,0.002082
15-Sep-16,0.001963,0.002565,0.001900,0.002319
14-Sep-16,0.001946,0.001977,0.001911,0.001963
13-Sep-16,0.001941,0.001993,0.001915,0.001951
12-Sep-16,0.001926,0.001994,0.001896,0.001940
11-Sep-16,0.002023,0.002081,0.001946,0.001966
10-Sep-16,0.002003,0.002231,0.001996,0.002032
9-Sep-16,0.001930,0.002028,0.001910,0.002020
8-Sep-16,0.001925,0.001989,0.001925,0.001931
7-Sep-16,0.001925,0.001946,0.001901,0.001925
6-Sep-16,0.001912,0.001940,0.001900,0.001925
5-Sep-16,0.001942,0.001951,0.001897,0.001912
4-Sep-16,0.001903,0.001971,0.001845,0.001934
3-Sep-16,0.001885,0.001926,0.001846,0.001902
2-Sep-16,0.001887,0.001913,0.001857,0.001885
1-Sep-16,0.001906,0.001930,0.001875,0.001887
31-Aug-16,0.001850,0.001925,0.001822,0.001906
30-Aug-16,0.001830,0.001883,0.001820,0.001850
29-Aug-16,0.001819,0.001877,0.001786,0.001830
28-Aug-16,0.001861,0.001882,0.001743,0.001808
27-Aug-16,0.001888,0.001913,0.001844,0.001862
26-Aug-16,0.001856,0.001936,0.001854,0.001888
25-Aug-16,0.001889,0.001892,0.001861,0.001874
24-Aug-16,0.001878,0.001912,0.001866,0.001888
23-Aug-16,0.001924,0.001941,0.001878,0.001878
22-Aug-16,0.001910,0.001956,0.001899,0.001919
21-Aug-16,0.001930,0.001954,0.001900,0.001908
20-Aug-16,0.001970,0.001972,0.001898,0.001930
19-Aug-16,0.001976,0.001984,0.001931,0.001963
18-Aug-16,0.001997,0.002013,0.001960,0.001976
17-Aug-16,0.002016,0.002020,0.001944,0.001993
16-Aug-16,0.002022,0.002062,0.001944,0.002016
15-Aug-16,0.001997,0.002066,0.001978,0.002019
14-Aug-16,0.002042,0.002144,0.001957,0.002005
13-Aug-16,0.001831,0.002114,0.001810,0.002038
12-Aug-16,0.001889,0.001893,0.001715,0.001831
11-Aug-16,0.001890,0.001914,0.001866,0.001889
10-Aug-16,0.001871,0.001934,0.001861,0.001892
9-Aug-16,0.001849,0.001892,0.001841,0.001871
8-Aug-16,0.001887,0.001910,0.001824,0.001848
7-Aug-16,0.001956,0.001980,0.001863,0.001888
6-Aug-16,0.001900,0.001982,0.001879,0.001956
5-Aug-16,0.001879,0.001956,0.001822,0.001900
4-Aug-16,0.001801,0.001903,0.001801,0.001879
3-Aug-16,0.001773,0.001847,0.001755,0.001804
2-Aug-16,0.001886,0.001906,0.001693,0.001736
1-Aug-16,0.001915,0.001956,0.001874,0.001874
31-Jul-16,0.001940,0.001962,0.001864,0.001916
30-Jul-16,0.002013,0.002027,0.001924,0.001940
29-Jul-16,0.001949,0.002040,0.001939,0.002013
28-Jul-16,0.001931,0.001986,0.001901,0.001948
27-Jul-16,0.001938,0.002016,0.001882,0.001931
26-Jul-16,0.002148,0.002173,0.001913,0.001939
25-Jul-16,0.002274,0.002336,0.002092,0.002143
24-Jul-16,0.002102,0.002297,0.001987,0.002253
23-Jul-16,0.001829,0.002207,0.001816,0.002084
22-Jul-16,0.001840,0.001888,0.001809,0.001824
21-Jul-16,0.001881,0.001881,0.001813,0.001839
20-Jul-16,0.001900,0.001913,0.001849,0.001862
19-Jul-16,0.001985,0.001985,0.001897,0.001900
18-Jul-16,0.001927,0.001992,0.001906,0.001982
17-Jul-16,0.001926,0.001947,0.001895,0.001925
16-Jul-16,0.001973,0.002001,0.001906,0.001926
15-Jul-16,0.002039,0.002069,0.001946,0.001977
14-Jul-16,0.002154,0.002195,0.001958,0.002039
13-Jul-16,0.001971,0.002315,0.001970,0.002164
12-Jul-16,0.001817,0.002041,0.001811,0.001991
11-Jul-16,0.001851,0.001881,0.001755,0.001809
10-Jul-16,0.001763,0.001887,0.001751,0.001852
9-Jul-16,0.001824,0.001830,0.001732,0.001763
8-Jul-16,0.001740,0.001870,0.001730,0.001870
7-Jul-16,0.001847,0.001855,0.001697,0.001740
6-Jul-16,0.001869,0.001937,0.001831,0.001846
5-Jul-16,0.001932,0.001960,0.001834,0.001869
4-Jul-16,0.001929,0.002000,0.001843,0.001935
3-Jul-16,0.002035,0.002041,0.001868,0.001928
2-Jul-16,0.002035,0.002071,0.002002,0.002040
1-Jul-16,0.002117,0.002122,0.002015,0.002035
30-Jun-16,0.002048,0.002187,0.002030,0.002143
29-Jun-16,0.002347,0.002350,0.002002,0.002040
28-Jun-16,0.002545,0.002645,0.002278,0.002333
27-Jun-16,0.002020,0.002863,0.001940,0.002657
26-Jun-16,0.001788,0.002141,0.001788,0.002026
25-Jun-16,0.001789,0.001846,0.001720,0.001788
24-Jun-16,0.001666,0.001847,0.001636,0.001786
23-Jun-16,0.001641,0.001686,0.001558,0.001666
22-Jun-16,0.001709,0.001761,0.001619,0.001620
21-Jun-16,0.001761,0.001967,0.001683,0.001711
20-Jun-16,0.001835,0.001923,0.001747,0.001774
19-Jun-16,0.001758,0.001858,0.001721,0.001831
18-Jun-16,0.001697,0.001799,0.001654,0.001758
17-Jun-16,0.001723,0.001828,0.001642,0.001697
16-Jun-16,0.001667,0.001722,0.001615,0.001722
15-Jun-16,0.001754,0.001755,0.001589,0.001668
14-Jun-16,0.001561,0.001825,0.001521,0.001754
13-Jun-16,0.001620,0.001641,0.001543,0.001561
12-Jun-16,0.001576,0.001653,0.001537,0.001620
11-Jun-16,0.001573,0.001596,0.001529,0.001576
10-Jun-16,0.001587,0.001587,0.001539,0.001573
9-Jun-16,0.001496,0.001587,0.001471,0.001587
8-Jun-16,0.001488,0.001518,0.001475,0.001497
7-Jun-16,0.001496,0.001509,0.001465,0.001488
6-Jun-16,0.001498,0.001519,0.001483,0.001496
5-Jun-16,0.001526,0.001536,0.001490,0.001498
4-Jun-16,0.001530,0.001551,0.001507,0.001527
3-Jun-16,0.001512,0.001551,0.001501,0.001530
2-Jun-16,0.001526,0.001543,0.001511,0.001512
1-Jun-16,0.001542,0.001548,0.001481,0.001525
31-May-16,0.001512,0.001557,0.001483,0.001543
30-May-16,0.001497,0.001547,0.001489,0.001510
29-May-16,0.001475,0.001596,0.001475,0.001497
28-May-16,0.001444,0.001516,0.001443,0.001476
27-May-16,0.001481,0.001578,0.001444,0.001444
26-May-16,0.001551,0.001560,0.001483,0.001489
25-May-16,0.001610,0.001611,0.001535,0.001550
24-May-16,0.001599,0.001641,0.001577,0.001608
23-May-16,0.001626,0.001635,0.001579,0.001599
22-May-16,0.001634,0.001699,0.001606,0.001626
21-May-16,0.001650,0.001651,0.001595,0.001634
20-May-16,0.001665,0.001709,0.001629,0.001649
19-May-16,0.001711,0.001727,0.001639,0.001661
18-May-16,0.001700,0.001736,0.001693,0.001711
17-May-16,0.001724,0.001737,0.001690,0.001692
16-May-16,0.001740,0.001768,0.001687,0.001724
15-May-16,0.001783,0.001783,0.001750,0.001762
14-May-16,0.001770,0.001793,0.001760,0.001781
13-May-16,0.001801,0.001803,0.001743,0.001770
12-May-16,0.001797,0.001805,0.001766,0.001800
11-May-16,0.001775,0.001797,0.001767,0.001797
10-May-16,0.001802,0.001808,0.001752,0.001774
9-May-16,0.001796,0.001815,0.001769,0.001802
8-May-16,0.001814,0.001827,0.001771,0.001796
7-May-16,0.001837,0.001846,0.001810,0.001814
6-May-16,0.001840,0.001860,0.001829,0.001829
5-May-16,0.001865,0.001871,0.001829,0.001840
4-May-16,0.001862,0.001885,0.001838,0.001865
3-May-16,0.001868,0.001891,0.001856,0.001862
2-May-16,0.001883,0.001905,0.001833,0.001868
1-May-16,0.001852,0.001906,0.001841,0.001883
30-Apr-16,0.001849,0.001912,0.001843,0.001852
29-Apr-16,0.001904,0.001910,0.001845,0.001849
28-Apr-16,0.001833,0.001911,0.001799,0.001904
27-Apr-16,0.001820,0.001858,0.001798,0.001832
26-Apr-16,0.001874,0.001910,0.001707,0.001819
25-Apr-16,0.001912,0.001954,0.001859,0.001876
24-Apr-16,0.001926,0.001968,0.001884,0.001912
23-Apr-16,0.001917,0.001930,0.001884,0.001926
22-Apr-16,0.001874,0.001918,0.001859,0.001917
21-Apr-16,0.001919,0.001985,0.001806,0.001874
20-Apr-16,0.001928,0.001949,0.001856,0.001928
19-Apr-16,0.001903,0.001929,0.001893,0.001929
18-Apr-16,0.001899,0.001914,0.001890,0.001903
17-Apr-16,0.001922,0.001931,0.001846,0.001899
16-Apr-16,0.001879,0.001934,0.001869,0.001922
15-Apr-16,0.001877,0.001928,0.001823,0.001879
14-Apr-16,0.001874,0.001887,0.001846,0.001877
13-Apr-16,0.001876,0.001924,0.001832,0.001863
12-Apr-16,0.001903,0.001934,0.001829,0.001871
11-Apr-16,0.001885,0.001988,0.001869,0.001903
10-Apr-16,0.002018,0.002051,0.001427,0.001882
9-Apr-16,0.002184,0.002209,0.002002,0.002017
8-Apr-16,0.002156,0.002237,0.002133,0.002184
7-Apr-16,0.002154,0.002249,0.002131,0.002155
6-Apr-16,0.002160,0.002243,0.002088,0.002163
5-Apr-16,0.002299,0.002307,0.002099,0.002160
4-Apr-16,0.002205,0.002465,0.002204,0.002294
3-Apr-16,0.002089,0.002225,0.002081,0.002210
2-Apr-16,0.002047,0.002128,0.002040,0.002089
1-Apr-16,0.002026,0.002054,0.001993,0.002047
31-Mar-16,0.002039,0.002073,0.002021,0.002027
30-Mar-16,0.002087,0.002089,0.002006,0.002039
29-Mar-16,0.002112,0.002128,0.002053,0.002087
28-Mar-16,0.002031,0.002219,0.002011,0.002113
27-Mar-16,0.002059,0.002095,0.001971,0.002027
26-Mar-16,0.002075,0.002079,0.002009,0.002059
25-Mar-16,0.002087,0.002126,0.002016,0.002076
24-Mar-16,0.002174,0.002183,0.002065,0.002080
23-Mar-16,0.002079,0.002206,0.002005,0.002174
22-Mar-16,0.002074,0.002102,0.002060,0.002079
21-Mar-16,0.002088,0.002088,0.002027,0.002074
20-Mar-16,0.001998,0.002135,0.001996,0.002088
19-Mar-16,0.001985,0.002097,0.001957,0.002015
18-Mar-16,0.002146,0.002180,0.001970,0.001980
17-Mar-16,0.002138,0.002206,0.002088,0.002147
16-Mar-16,0.002197,0.002203,0.002088,0.002136
15-Mar-16,0.002140,0.002201,0.002059,0.002193
14-Mar-16,0.002189,0.002272,0.002097,0.002138
13-Mar-16,0.002278,0.002347,0.002150,0.002177
12-Mar-16,0.002555,0.002555,0.002184,0.002270
11-Mar-16,0.002374,0.002929,0.002374,0.002567
10-Mar-16,0.002229,0.002418,0.002172,0.002368
9-Mar-16,0.002216,0.002316,0.002151,0.002229
8-Mar-16,0.002348,0.002377,0.002130,0.002216
7-Mar-16,0.001940,0.002542,0.001926,0.002392
6-Mar-16,0.001824,0.001939,0.001803,0.001938
5-Mar-16,0.001913,0.001920,0.001804,0.001824
4-Mar-16,0.001891,0.001945,0.001847,0.001914
3-Mar-16,0.001888,0.001939,0.001853,0.001890
2-Mar-16,0.001910,0.001951,0.001823,0.001884
1-Mar-16,0.001949,0.002005,0.001903,0.001909
29-Feb-16,0.001981,0.002005,0.001891,0.001949
28-Feb-16,0.002003,0.002022,0.001923,0.001981
27-Feb-16,0.001955,0.002021,0.001922,0.002003
26-Feb-16,0.001976,0.001990,0.001881,0.001943
25-Feb-16,0.001944,0.001985,0.001925,0.001975
24-Feb-16,0.001904,0.001976,0.001901,0.001959
23-Feb-16,0.001984,0.002075,0.001883,0.001903
22-Feb-16,0.002155,0.002161,0.001962,0.001976
21-Feb-16,0.002057,0.002189,0.002057,0.002157
20-Feb-16,0.002110,0.002204,0.002055,0.002101
19-Feb-16,0.002118,0.002195,0.002064,0.002110
18-Feb-16,0.002160,0.002200,0.002071,0.002122
17-Feb-16,0.002644,0.002644,0.002003,0.002158
16-Feb-16,0.002190,0.002649,0.002119,0.002649
15-Feb-16,0.002192,0.002258,0.002151,0.002203
14-Feb-16,0.002198,0.002292,0.002134,0.002190
13-Feb-16,0.002331,0.002333,0.002088,0.002203
12-Feb-16,0.001878,0.002357,0.001842,0.002344
11-Feb-16,0.001844,0.001902,0.001797,0.001878
10-Feb-16,0.001828,0.001914,0.001821,0.001849
9-Feb-16,0.001853,0.001885,0.001768,0.001826
8-Feb-16,0.001839,0.001875,0.001815,0.001841
7-Feb-16,0.001864,0.002008,0.001843,0.001852
6-Feb-16,0.001835,0.001882,0.001815,0.001864
5-Feb-16,0.001803,0.001868,0.001790,0.001834
4-Feb-16,0.001807,0.001842,0.001778,0.001803
3-Feb-16,0.001796,0.001830,0.001780,0.001807
2-Feb-16,0.001793,0.001818,0.001755,0.001796
1-Feb-16,0.001776,0.001812,0.001744,0.001792
31-Jan-16,0.001735,0.001835,0.001689,0.001776
30-Jan-16,0.001887,0.001953,0.001731,0.001735
29-Jan-16,0.001909,0.002069,0.001807,0.001888
28-Jan-16,0.002237,0.002242,0.001852,0.001908
27-Jan-16,0.001903,0.002235,0.001798,0.002235
26-Jan-16,0.001712,0.001926,0.001674,0.001901
25-Jan-16,0.001723,0.001777,0.001688,0.001709
24-Jan-16,0.001695,0.001776,0.001679,0.001723
23-Jan-16,0.001702,0.001752,0.001686,0.001696
22-Jan-16,0.001733,0.001741,0.001689,0.001704
21-Jan-16,0.001817,0.001826,0.001710,0.001738
20-Jan-16,0.001813,0.001889,0.001712,0.001821
19-Jan-16,0.001712,0.001933,0.001669,0.001826
18-Jan-16,0.001714,0.001796,0.001673,0.001711
17-Jan-16,0.001748,0.001761,0.001668,0.001714
16-Jan-16,0.001737,0.001748,0.001640,0.001748
15-Jan-16,0.001927,0.002091,0.001711,0.001737
14-Jan-16,0.001824,0.001914,0.001762,0.001914
13-Jan-16,0.001741,0.001844,0.001698,0.001824
12-Jan-16,0.001736,0.001773,0.001706,0.001743
11-Jan-16,0.001766,0.001781,0.001690,0.001739
10-Jan-16,0.001749,0.001784,0.001714,0.001765
9-Jan-16,0.001682,0.001806,0.001678,0.001749
8-Jan-16,0.001736,0.001757,0.001679,0.001681
7-Jan-16,0.001669,0.001760,0.001669,0.001728
6-Jan-16,0.001721,0.001744,0.001668,0.001672
5-Jan-16,0.001748,0.001752,0.001700,0.001721
4-Jan-16,0.001745,0.001762,0.001727,0.001748
3-Jan-16,0.001753,0.001756,0.001705,0.001744
2-Jan-16,0.001750,0.001762,0.001684,0.001741
1-Jan-16,0.001752,0.001766,0.001549,0.001748
31-Dec-15,0.001764,0.001774,0.001333,0.001751
30-Dec-15,0.001745,0.001804,0.001729,0.001763
29-Dec-15,0.001771,0.001787,0.001701,0.001743
28-Dec-15,0.001722,0.001777,0.001699,0.001777
27-Dec-15,0.001649,0.001743,0.001638,0.001720
26-Dec-15,0.001830,0.001831,0.001624,0.001650
25-Dec-15,0.001757,0.001828,0.001725,0.001828
24-Dec-15,0.001743,0.001790,0.001696,0.001770
23-Dec-15,0.001726,0.001771,0.001712,0.001742
22-Dec-15,0.001781,0.001793,0.001723,0.001728
21-Dec-15,0.001747,0.001813,0.001691,0.001780
20-Dec-15,0.001842,0.001842,0.001740,0.001746
19-Dec-15,0.001849,0.001893,0.001797,0.001842
18-Dec-15,0.001857,0.001867,0.001812,0.001849
17-Dec-15,0.001846,0.001910,0.001833,0.001857
16-Dec-15,0.001870,0.001912,0.001810,0.001846
15-Dec-15,0.001983,0.002064,0.001757,0.001870
14-Dec-15,0.002065,0.002086,0.001998,0.002002
13-Dec-15,0.001986,0.002085,0.001903,0.002066
12-Dec-15,0.002135,0.002185,0.001977,0.001986
11-Dec-15,0.002026,0.002141,0.001947,0.002135
10-Dec-15,0.002063,0.002366,0.001971,0.002026
9-Dec-15,0.002296,0.002442,0.002063,0.002063
8-Dec-15,0.001966,0.002342,0.001915,0.002292
7-Dec-15,0.001917,0.001965,0.001861,0.001965
6-Dec-15,0.001864,0.001976,0.001830,0.001920
5-Dec-15,0.002011,0.002052,0.001851,0.001864
4-Dec-15,0.001713,0.002010,0.001685,0.002010
3-Dec-15,0.001768,0.001807,0.001680,0.001712
2-Dec-15,0.001738,0.001775,0.001653,0.001767
1-Dec-15,0.001721,0.001739,0.001606,0.001739
30-Nov-15,0.001740,0.001778,0.001679,0.001732
29-Nov-15,0.001743,0.001830,0.001652,0.001740
28-Nov-15,0.001765,0.001854,0.001704,0.001741
27-Nov-15,0.001914,0.001922,0.001765,0.001766
26-Nov-15,0.001908,0.001988,0.001828,0.001920
25-Nov-15,0.001868,0.001911,0.001852,0.001908
24-Nov-15,0.001900,0.001924,0.001808,0.001867
23-Nov-15,0.001972,0.001996,0.001897,0.001900
22-Nov-15,0.001910,0.001986,0.001892,0.001972
21-Nov-15,0.001894,0.001929,0.001850,0.001910
20-Nov-15,0.001931,0.001937,0.001885,0.001895
19-Nov-15,0.001910,0.001956,0.001859,0.001930
18-Nov-15,0.002015,0.002015,0.001879,0.001909
17-Nov-15,0.001922,0.002025,0.001895,0.002015
16-Nov-15,0.001987,0.002080,0.001886,0.001922
15-Nov-15,0.001981,0.001998,0.001899,0.001988
14-Nov-15,0.001979,0.002002,0.001936,0.001981
13-Nov-15,0.002070,0.002136,0.001959,0.001974
12-Nov-15,0.001963,0.002124,0.001924,0.002124
11-Nov-15,0.002042,0.002127,0.001949,0.001964
10-Nov-15,0.002031,0.002185,0.001939,0.002039
9-Nov-15,0.001946,0.002043,0.001913,0.002033
8-Nov-15,0.002014,0.002032,0.001919,0.001943
7-Nov-15,0.001919,0.002019,0.001913,0.002015
6-Nov-15,0.002008,0.002017,0.001853,0.001917
5-Nov-15,0.002183,0.002203,0.001951,0.002012
4-Nov-15,0.002197,0.002504,0.002144,0.002180
3-Nov-15,0.002198,0.002402,0.002141,0.002189
2-Nov-15,0.002127,0.002223,0.002084,0.002190
1-Nov-15,0.002160,0.002237,0.002045,0.002128
31-Oct-15,0.002167,0.002315,0.002111,0.002160
30-Oct-15,0.002070,0.002288,0.002057,0.002184
29-Oct-15,0.002047,0.002103,0.001998,0.002069
28-Oct-15,0.001997,0.002102,0.001973,0.002020
27-Oct-15,0.001840,0.002088,0.001838,0.001997
26-Oct-15,0.001889,0.001947,0.001782,0.001860
25-Oct-15,0.001925,0.002070,0.001878,0.001886
24-Oct-15,0.001956,0.001997,0.001921,0.001923
23-Oct-15,0.001958,0.002017,0.001927,0.001956
22-Oct-15,0.001976,0.002036,0.001914,0.001957
21-Oct-15,0.001870,0.001980,0.001851,0.001975
20-Oct-15,0.001941,0.001977,0.001821,0.001870
19-Oct-15,0.001972,0.002006,0.001921,0.001933
18-Oct-15,0.001985,0.001990,0.001894,0.001972
17-Oct-15,0.001935,0.002006,0.001871,0.001986
16-Oct-15,0.001937,0.002052,0.001896,0.001936
15-Oct-15,0.001911,0.002084,0.001744,0.001934
14-Oct-15,0.002101,0.002212,0.001874,0.001915
13-Oct-15,0.002031,0.002104,0.002030,0.002101
12-Oct-15,0.002109,0.002112,0.002031,0.002031
11-Oct-15,0.002084,0.002124,0.002064,0.002110
10-Oct-15,0.002098,0.002157,0.002043,0.002084
9-Oct-15,0.001996,0.002154,0.001959,0.002121
8-Oct-15,0.002076,0.002101,0.001984,0.001996
7-Oct-15,0.002077,0.002133,0.002069,0.002075
6-Oct-15,0.002023,0.002124,0.001999,0.002077
5-Oct-15,0.002051,0.002051,0.001988,0.001989
4-Oct-15,0.002056,0.002074,0.002002,0.002051
3-Oct-15,0.002076,0.002124,0.002001,0.002013
2-Oct-15,0.002182,0.002223,0.002021,0.002076
1-Oct-15,0.001984,0.002253,0.001920,0.002224
30-Sep-15,0.002075,0.002075,0.001826,0.001985
29-Sep-15,0.002091,0.002133,0.002015,0.002055
28-Sep-15,0.002068,0.002151,0.002063,0.002091
27-Sep-15,0.002070,0.002081,0.002033,0.002067
26-Sep-15,0.002056,0.002105,0.002040,0.002071
25-Sep-15,0.002058,0.002121,0.002056,0.002056
24-Sep-15,0.002073,0.002103,0.002051,0.002058
23-Sep-15,0.002138,0.002162,0.002081,0.002082
22-Sep-15,0.002142,0.002188,0.002067,0.002138
21-Sep-15,0.002223,0.002224,0.002128,0.002142
20-Sep-15,0.002295,0.002295,0.002196,0.002223
19-Sep-15,0.002244,0.002342,0.002216,0.002295
18-Sep-15,0.002228,0.002271,0.002017,0.002243
17-Sep-15,0.002152,0.002228,0.002141,0.002228
16-Sep-15,0.002183,0.002201,0.002124,0.002159
15-Sep-15,0.002139,0.002634,0.002116,0.002183
14-Sep-15,0.002157,0.003004,0.002110,0.002139
13-Sep-15,0.002239,0.002240,0.002097,0.002158
12-Sep-15,0.002231,0.002260,0.002197,0.002239
11-Sep-15,0.002208,0.002279,0.002194,0.002231
10-Sep-15,0.002195,0.002322,0.002195,0.002208
9-Sep-15,0.002300,0.002466,0.002179,0.002195
8-Sep-15,0.002451,0.002464,0.002291,0.002300
7-Sep-15,0.002527,0.002529,0.002451,0.002452
6-Sep-15,0.002417,0.002561,0.002414,0.002527
5-Sep-15,0.002321,0.002476,0.002309,0.002476
4-Sep-15,0.002377,0.002437,0.002318,0.002321
3-Sep-15,0.002423,0.002493,0.002377,0.002377
2-Sep-15,0.002436,0.002551,0.002316,0.002423
1-Sep-15,0.002478,0.002549,0.002420,0.002435
31-Aug-15,0.002364,0.002602,0.002341,0.002479
30-Aug-15,0.002577,0.002607,0.002203,0.002363
29-Aug-15,0.002356,0.002707,0.002250,0.002577
28-Aug-15,0.002006,0.002494,0.001805,0.002354
27-Aug-15,0.002034,0.002084,0.001972,0.002005
26-Aug-15,0.001856,0.002065,0.001856,0.002035
25-Aug-15,0.001882,0.001894,0.001751,0.001855
24-Aug-15,0.001971,0.001975,0.001855,0.001892
23-Aug-15,0.002001,0.002009,0.001938,0.001959
22-Aug-15,0.001994,0.002040,0.001946,0.002001
21-Aug-15,0.002027,0.002066,0.001967,0.001995
20-Aug-15,0.001797,0.002030,0.001781,0.002030
19-Aug-15,0.001870,0.002000,0.001710,0.001810
18-Aug-15,0.002170,0.002170,0.001878,0.001878
17-Aug-15,0.002144,0.002195,0.002125,0.002170
16-Aug-15,0.002270,0.002288,0.002113,0.002135
15-Aug-15,0.002313,0.002330,0.002261,0.002270
14-Aug-15,0.002265,0.002345,0.002262,0.002314
13-Aug-15,0.002379,0.002415,0.002231,0.002264
12-Aug-15,0.002396,0.002501,0.002345,0.002380
11-Aug-15,0.002466,0.002520,0.002382,0.002398
10-Aug-15,0.002345,0.002595,0.002345,0.002466
9-Aug-15,0.002421,0.002500,0.002321,0.002345
8-Aug-15,0.002433,0.002523,0.002296,0.002419
7-Aug-15,0.002524,0.002529,0.002428,0.002432
6-Aug-15,0.002634,0.002634,0.002476,0.002524
5-Aug-15,0.002631,0.002760,0.002285,0.002634
4-Aug-15,0.002627,0.002672,0.002607,0.002632
3-Aug-15,0.002725,0.002754,0.002631,0.002631
2-Aug-15,0.002640,0.002725,0.002603,0.002725
1-Aug-15,0.002645,0.002750,0.002590,0.002642
31-Jul-15,0.002811,0.002857,0.002628,0.002644
30-Jul-15,0.002823,0.002858,0.002771,0.002811
29-Jul-15,0.002727,0.002835,0.002709,0.002823
28-Jul-15,0.002945,0.002962,0.002708,0.002727
27-Jul-15,0.003016,0.003016,0.002866,0.002945
26-Jul-15,0.002939,0.003022,0.002914,0.003016
25-Jul-15,0.003093,0.003164,0.002867,0.002940
24-Jul-15,0.003037,0.003158,0.003015,0.003094
23-Jul-15,0.003113,0.003143,0.003020,0.003037
22-Jul-15,0.003064,0.003147,0.003015,0.003118
21-Jul-15,0.002990,0.003148,0.002823,0.003067
20-Jul-15,0.002872,0.003000,0.002869,0.002986
19-Jul-15,0.002898,0.002983,0.002865,0.002870
18-Jul-15,0.002851,0.002989,0.002759,0.002899
17-Jul-15,0.002831,0.002952,0.002710,0.002853
16-Jul-15,0.002995,0.003022,0.002796,0.002831
15-Jul-15,0.003075,0.003156,0.002984,0.003003
14-Jul-15,0.003219,0.003287,0.003038,0.003077
13-Jul-15,0.003183,0.003333,0.003082,0.003219
12-Jul-15,0.003081,0.003193,0.003056,0.003184
11-Jul-15,0.003114,0.003236,0.003077,0.003081
10-Jul-15,0.003060,0.003517,0.003060,0.003115
9-Jul-15,0.003214,0.003226,0.003054,0.003059
8-Jul-15,0.003140,0.003272,0.003087,0.003214
7-Jul-15,0.003229,0.003264,0.003092,0.003141
6-Jul-15,0.003117,0.003339,0.003117,0.003228
5-Jul-15,0.003194,0.003281,0.003075,0.003122
4-Jul-15,0.003265,0.003285,0.003165,0.003195
3-Jul-15,0.003401,0.003404,0.003235,0.003265
2-Jul-15,0.003458,0.003471,0.003332,0.003401
1-Jul-15,0.003469,0.003486,0.003366,0.003458
30-Jun-15,0.003503,0.003609,0.003458,0.003470
29-Jun-15,0.003427,0.003569,0.003365,0.003503
28-Jun-15,0.003554,0.003574,0.003385,0.003435
27-Jun-15,0.003407,0.003591,0.003406,0.003554
26-Jun-15,0.003476,0.003515,0.003377,0.003407
25-Jun-15,0.003425,0.003501,0.003243,0.003477
24-Jun-15,0.003508,0.003574,0.003429,0.003436
23-Jun-15,0.003681,0.003736,0.003504,0.003508
22-Jun-15,0.003527,0.003698,0.003527,0.003682
21-Jun-15,0.003669,0.003750,0.003504,0.003526
20-Jun-15,0.003733,0.003763,0.003484,0.003658
19-Jun-15,0.003774,0.004086,0.003653,0.003724
18-Jun-15,0.003601,0.003807,0.003435,0.003736
17-Jun-15,0.003747,0.004052,0.003584,0.003600
16-Jun-15,0.003461,0.003848,0.003437,0.003748
15-Jun-15,0.003259,0.003473,0.003207,0.003465
14-Jun-15,0.003232,0.003320,0.003182,0.003261
13-Jun-15,0.003085,0.003254,0.003085,0.003231
12-Jun-15,0.003103,0.003120,0.003052,0.003086
11-Jun-15,0.003161,0.003176,0.003031,0.003104
10-Jun-15,0.003206,0.003212,0.003147,0.003161
9-Jun-15,0.003125,0.003248,0.003125,0.003218
8-Jun-15,0.003085,0.003135,0.003028,0.003126
7-Jun-15,0.003135,0.003170,0.003075,0.003088
6-Jun-15,0.003155,0.003245,0.003116,0.003135
5-Jun-15,0.003156,0.003168,0.003029,0.003155
4-Jun-15,0.003030,0.003264,0.002996,0.003155
3-Jun-15,0.003229,0.003246,0.002967,0.003030
2-Jun-15,0.003094,0.003325,0.002817,0.003216
1-Jun-15,0.003397,0.003407,0.003067,0.003073
31-May-15,0.003252,0.003453,0.003196,0.003386
30-May-15,0.003611,0.003664,0.003157,0.003219
29-May-15,0.003550,0.004109,0.003443,0.003610
28-May-15,0.003167,0.003684,0.003138,0.003609
27-May-15,0.003192,0.003288,0.003136,0.003167
26-May-15,0.003179,0.003207,0.003065,0.003204
25-May-15,0.003135,0.003537,0.003067,0.003179
24-May-15,0.003028,0.003224,0.002928,0.003121
23-May-15,0.003096,0.003318,0.002957,0.003028
22-May-15,0.002765,0.003107,0.002765,0.003046
21-May-15,0.002722,0.002819,0.002712,0.002765
20-May-15,0.002653,0.002969,0.002653,0.002722
19-May-15,0.002511,0.002791,0.002434,0.002652
18-May-15,0.002576,0.002577,0.002502,0.002510
17-May-15,0.002599,0.002626,0.002543,0.002576
16-May-15,0.002878,0.002915,0.002556,0.002599
15-May-15,0.002848,0.002878,0.002796,0.002878
14-May-15,0.002809,0.002952,0.002722,0.002847
13-May-15,0.002790,0.003093,0.002776,0.002810
12-May-15,0.002971,0.002992,0.002767,0.002810
11-May-15,0.002786,0.002992,0.002731,0.002969
10-May-15,0.002836,0.002975,0.002735,0.002793
9-May-15,0.002926,0.002943,0.002720,0.002873
8-May-15,0.002773,0.003054,0.002738,0.002926
7-May-15,0.002761,0.002851,0.002532,0.002772
6-May-15,0.002691,0.003046,0.002649,0.002757
5-May-15,0.003021,0.003175,0.002659,0.002691
4-May-15,0.002677,0.003035,0.002651,0.003021
3-May-15,0.002695,0.002750,0.002660,0.002677
2-May-15,0.002646,0.002770,0.002627,0.002696
1-May-15,0.002735,0.002779,0.002647,0.002647
30-Apr-15,0.002573,0.002738,0.002550,0.002732
29-Apr-15,0.002632,0.002693,0.002446,0.002575
28-Apr-15,0.002693,0.002693,0.002602,0.002630
27-Apr-15,0.002643,0.002696,0.002568,0.002692
26-Apr-15,0.002656,0.002670,0.002594,0.002640
25-Apr-15,0.002650,0.002737,0.002623,0.002657
24-Apr-15,0.002749,0.002749,0.002650,0.002658
23-Apr-15,0.002657,0.002759,0.002629,0.002749
22-Apr-15,0.002762,0.002777,0.002652,0.002698
21-Apr-15,0.002684,0.002764,0.002574,0.002758
20-Apr-15,0.002685,0.002737,0.002668,0.002696
19-Apr-15,0.002741,0.002752,0.002685,0.002685
18-Apr-15,0.002696,0.002756,0.002681,0.002742
17-Apr-15,0.002763,0.002778,0.002685,0.002697
16-Apr-15,0.002671,0.002787,0.002650,0.002765
15-Apr-15,0.002655,0.002700,0.002593,0.002655
14-Apr-15,0.002716,0.002799,0.002627,0.002656
13-Apr-15,0.002833,0.003084,0.002692,0.002732
12-Apr-15,0.002776,0.002830,0.002649,0.002796
11-Apr-15,0.002639,0.002814,0.002540,0.002770
10-Apr-15,0.002649,0.002726,0.002559,0.002637
9-Apr-15,0.002708,0.002819,0.002621,0.002649
8-Apr-15,0.002689,0.002785,0.002608,0.002709
7-Apr-15,0.002572,0.002840,0.002525,0.002690
6-Apr-15,0.002667,0.002684,0.002586,0.002589
5-Apr-15,0.002689,0.002696,0.002586,0.002666
4-Apr-15,0.002767,0.002767,0.002597,0.002690
3-Apr-15,0.002667,0.002790,0.002579,0.002768
2-Apr-15,0.002803,0.002814,0.002627,0.002664
1-Apr-15,0.002874,0.002880,0.002735,0.002803
31-Mar-15,0.002734,0.002990,0.002509,0.002816
30-Mar-15,0.003047,0.003146,0.002674,0.002735
29-Mar-15,0.002959,0.003054,0.002823,0.003046
28-Mar-15,0.003075,0.003183,0.002887,0.002958
27-Mar-15,0.002952,0.003113,0.002900,0.003078
26-Mar-15,0.002933,0.003072,0.002924,0.002940
25-Mar-15,0.002952,0.003003,0.002807,0.002934
24-Mar-15,0.003217,0.003234,0.002924,0.002943
23-Mar-15,0.003218,0.003606,0.003079,0.003193
22-Mar-15,0.002992,0.003384,0.002808,0.003193
21-Mar-15,0.002794,0.003133,0.002736,0.002991
20-Mar-15,0.002817,0.003004,0.002732,0.002796
19-Mar-15,0.002665,0.003003,0.002595,0.002817
18-Mar-15,0.003000,0.003002,0.002641,0.002666
17-Mar-15,0.003145,0.003162,0.002984,0.003000
16-Mar-15,0.003004,0.003380,0.002966,0.003144
15-Mar-15,0.002961,0.003069,0.002947,0.003002
14-Mar-15,0.002962,0.003133,0.002936,0.002968
13-Mar-15,0.003096,0.003182,0.002969,0.002969
12-Mar-15,0.002929,0.003319,0.002914,0.003100
11-Mar-15,0.002936,0.003196,0.002805,0.002930
10-Mar-15,0.002900,0.002963,0.002794,0.002935
9-Mar-15,0.002958,0.003011,0.002888,0.002912
8-Mar-15,0.002947,0.002999,0.002850,0.002958
7-Mar-15,0.002953,0.003002,0.002889,0.002947
6-Mar-15,0.002994,0.003155,0.002891,0.002952
5-Mar-15,0.002874,0.003081,0.002818,0.002992
4-Mar-15,0.002838,0.003003,0.002802,0.002888
3-Mar-15,0.002969,0.003094,0.002842,0.002863
2-Mar-15,0.002780,0.003031,0.002727,0.003003
1-Mar-15,0.003047,0.003052,0.002781,0.002781
28-Feb-15,0.003165,0.003192,0.003030,0.003049
27-Feb-15,0.003117,0.003305,0.003116,0.003159
26-Feb-15,0.003167,0.003171,0.003030,0.003117
25-Feb-15,0.003121,0.003193,0.003007,0.003165
24-Feb-15,0.003110,0.003193,0.003059,0.003122
23-Feb-15,0.002831,0.003200,0.002708,0.003108
22-Feb-15,0.003200,0.003337,0.002512,0.002822
21-Feb-15,0.003218,0.003392,0.003180,0.003198
20-Feb-15,0.003223,0.003294,0.003180,0.003222
19-Feb-15,0.003161,0.003269,0.003155,0.003222
18-Feb-15,0.003356,0.003392,0.003136,0.003160
17-Feb-15,0.003302,0.003404,0.003249,0.003359
16-Feb-15,0.003294,0.003360,0.003244,0.003301
15-Feb-15,0.003696,0.003701,0.003256,0.003285
14-Feb-15,0.003573,0.003781,0.003549,0.003709
13-Feb-15,0.003424,0.003685,0.003375,0.003582
