30-Apr-19,60.54,62.19,60.23,62.1
29-Apr-19,61.25,61.79,59.78,60.54
28-Apr-19,62.64,63.03,61.04,61.23
27-Apr-19,61.81,63.52,61.61,62.55
26-Apr-19,61.41,63.76,59.99,62.09
25-Apr-19,67.66,67.88,61.28,61.3
24-Apr-19,69.33,70.84,65.08,67.68
23-Apr-19,68.57,71.01,68.07,69.33
22-Apr-19,68.69,69.35,67.99,68.59
21-Apr-19,69.59,70.09,67.41,68.72
20-Apr-19,68.6,70.24,68.16,69.52
19-Apr-19,69.17,69.54,67.54,68.57
18-Apr-19,67.48,69.95,67.46,69.16
17-Apr-19,68.87,69.97,66.92,67.48
16-Apr-19,64.36,70.13,63.96,68.9
15-Apr-19,66.59,67.06,64.27,64.35
14-Apr-19,65.31,67.3,64.29,66.58
13-Apr-19,66.1,66.9,64.07,65.32
12-Apr-19,66.33,71.18,65.67,66.1
11-Apr-19,70.95,71.17,62.81,66.37
10-Apr-19,68.36,71.7,68.12,70.98
9-Apr-19,71.11,71.22,68.08,68.37
8-Apr-19,69.82,72.51,68.82,71.09
7-Apr-19,68.09,70.09,67.9,69.81
6-Apr-19,69.16,70.11,66.99,68.09
5-Apr-19,63.93,69.18,63.89,69.16
4-Apr-19,65.84,66.88,62.22,63.93
3-Apr-19,69.06,72.33,63.93,65.71
2-Apr-19,59.96,69.82,59.06,69.06
1-Apr-19,55.88,59.99,55.83,59.97
31-Mar-19,53.46,56.5,53.11,55.89
30-Mar-19,53.47,56.4,52.89,53.45
29-Mar-19,53.92,54.1,52.42,53.48
28-Mar-19,54.71,54.73,53.72,53.9
27-Mar-19,52.96,55.03,52.84,54.73
26-Mar-19,52.24,53.06,50.38,52.94
25-Mar-19,53.8,54.08,51.11,52.34
24-Mar-19,53.81,54.18,53.53,53.74
23-Mar-19,53.9,54.37,53.36,53.84
22-Mar-19,53.85,54.26,53.35,53.92
21-Mar-19,55.98,55.98,53.27,53.85
20-Mar-19,54.98,56.74,53.68,55.88
19-Mar-19,53.47,55.15,53.35,54.75
18-Mar-19,53.59,54,52.7,53.49
17-Mar-19,54.71,54.81,52.65,53.54
16-Mar-19,53.56,55.37,53.56,54.64
15-Mar-19,52.36,53.65,52.26,53.61
14-Mar-19,52.05,52.92,51.65,52.35
13-Mar-19,51.48,52.33,51.29,52.04
12-Mar-19,50.3,51.47,49.49,51.47
11-Mar-19,50.89,50.97,49.38,50.24
10-Mar-19,50.88,51.01,50.4,50.95
9-Mar-19,49.98,51.4,49.82,50.79
8-Mar-19,51.24,51.38,49.6,50.02
7-Mar-19,50.93,52.1,50.93,51.03
6-Mar-19,50.59,50.9,49.58,50.85
5-Mar-19,48.5,50.62,47.94,50.55
4-Mar-19,50.12,50.46,47.17,48.49
3-Mar-19,49.95,50.27,49.46,50.11
2-Mar-19,49.6,50.06,49.12,49.98
1-Mar-19,49.12,50.16,48.99,49.56
28-Feb-19,49.9,50.21,49.04,49.12
27-Feb-19,49.64,50,48.73,49.99
26-Feb-19,50.1,50.1,49.05,49.41
25-Feb-19,48.88,50.19,48.7,50.08
24-Feb-19,53.69,56.83,49.01,49.01
23-Feb-19,52.62,53.82,51.92,53.81
22-Feb-19,50.34,52.71,50.34,52.64
21-Feb-19,52.32,52.32,50.15,50.44
20-Feb-19,52.25,52.64,50.86,52.11
19-Feb-19,51.68,53.6,51.49,52.33
18-Feb-19,48.01,52.23,48.01,51.69
17-Feb-19,46.87,48.13,46.76,48.07
16-Feb-19,47.4,48.44,46.77,46.92
15-Feb-19,46.82,48.65,46.59,47.44
14-Feb-19,49.32,49.64,46.3,46.86
13-Feb-19,49.05,50.74,48.82,49.33
12-Feb-19,48.23,49.41,47.46,49.05
11-Feb-19,49.91,49.91,47.4,48.27
10-Feb-19,48.59,49.83,47.24,49.83
9-Feb-19,48.27,48.76,47.93,48.56
8-Feb-19,43.25,49.55,43.12,48.12
7-Feb-19,43.15,43.78,43.06,43.21
6-Feb-19,43.37,43.37,42.41,43.14
5-Feb-19,42.72,43.47,42.72,43.34
4-Feb-19,42.97,43.11,42.15,42.8
3-Feb-19,43.3,43.73,42.58,42.9
2-Feb-19,43.67,43.8,42,43.39
1-Feb-19,43.67,44.21,42.87,43.72
31-Jan-19,44.25,44.56,43.31,43.66
30-Jan-19,43.67,44.73,42.76,44.26
29-Jan-19,43.58,44.07,42.83,43.71
28-Jan-19,46.69,46.69,43.2,43.59
27-Jan-19,45.78,46.66,45.41,46.58
26-Jan-19,46.86,46.86,45.67,45.73
25-Jan-19,45.88,47.11,45.12,46.89
24-Jan-19,44.91,46.51,44.62,45.78
23-Jan-19,45.94,45.97,44.64,44.88
22-Jan-19,44.58,46.04,44.54,45.92
21-Jan-19,44.11,44.76,43.72,44.58
20-Jan-19,46.09,46.38,44.04,44.11
19-Jan-19,45.27,46.56,44.79,46.22
18-Jan-19,45.65,45.7,44.88,45.13
17-Jan-19,46.16,46.36,44.87,45.65
16-Jan-19,44.89,46.19,44.71,46.18
15-Jan-19,45.82,46.41,44.71,44.95
14-Jan-19,43.11,46.39,43.11,45.91
13-Jan-19,45,45.51,42.84,43.11
12-Jan-19,45.79,46.05,44.59,45.01
11-Jan-19,45.48,46.75,45.12,45.8
10-Jan-19,52.73,53.5,44.55,45.5
9-Jan-19,53.17,54.55,52.43,52.71
8-Jan-19,52.89,54.93,52.6,53.16
7-Jan-19,54.93,55.26,52.18,52.83
6-Jan-19,49.81,55,49.75,54.88
5-Jan-19,50.55,51.65,49.87,49.93
4-Jan-19,49.85,50.89,49.42,50.63
3-Jan-19,52.33,52.33,49.65,49.82
2-Jan-19,48.44,53.2,47.97,52.25
1-Jan-19,46.23,48.37,45.65,48.37
31-Dec-18,48.44,48.47,45.56,46.23
30-Dec-18,48.01,48.89,47.57,48.36
29-Dec-18,49.84,50.08,48.11,48.11
28-Dec-18,44.48,51.11,44.24,49.77
27-Dec-18,49.36,49.37,43.91,44.47
26-Dec-18,50.64,52.05,47.66,49.37
25-Dec-18,56.4,56.4,48.33,50.59
24-Dec-18,52.8,58.17,52.8,56.34
23-Dec-18,51.91,54.51,51.67,52.76
22-Dec-18,51.79,52.33,50.01,51.73
21-Dec-18,54.88,55.78,50.84,51.82
20-Dec-18,46.16,55.11,45.99,55.08
19-Dec-18,46.99,50.66,46.05,46.31
18-Dec-18,43.85,47.48,43.13,46.58
17-Dec-18,39.36,44.89,39.24,43.82
16-Dec-18,38.87,40.64,38.87,39.34
15-Dec-18,39.02,39.37,38.07,38.85
14-Dec-18,41.03,42.42,38.99,39.28
13-Dec-18,44.05,44.06,40.67,40.96
12-Dec-18,42.66,44.97,42.48,43.94
11-Dec-18,44.62,44.68,42.49,42.74
10-Dec-18,47.51,48.23,44.07,44.6
9-Dec-18,45.55,49.27,45.18,47.75
8-Dec-18,46.6,49.05,43.85,45.57
7-Dec-18,46.5,46.59,42.98,46.46
6-Dec-18,51.61,53.55,46.53,46.53
5-Dec-18,57,57.12,51.67,51.67
4-Dec-18,54.54,58.83,53.89,56.98
3-Dec-18,59.4,59.4,53.68,54.84
2-Dec-18,59.6,61.81,58.32,59.1
1-Dec-18,57.92,61.15,57.13,59.65
30-Nov-18,61.33,62.14,56.34,57.79
29-Nov-18,63.87,64.75,59.42,61.2
28-Nov-18,57.42,65.74,57.29,63.52
27-Nov-18,53.12,58.47,52.39,57.13
26-Nov-18,58.13,59.98,52.28,53.22
25-Nov-18,58.37,59.35,53.1,58.05
24-Nov-18,66.68,68.29,57.97,58.36
23-Nov-18,65.68,66.8,62.94,66.63
22-Nov-18,68.88,70.44,65.64,65.86
21-Nov-18,66.45,70.24,64.43,68.94
20-Nov-18,72.32,74.44,63.38,66.49
19-Nov-18,89.38,89.45,72.49,72.49
18-Nov-18,88.33,91.47,88.2,89.39
17-Nov-18,87.13,88.26,85.23,88
16-Nov-18,88.74,88.98,86.4,87.06
15-Nov-18,91.14,92.27,80.68,88.67
14-Nov-18,104.86,104.86,86.56,90.76
13-Nov-18,105.08,106.28,103.94,105.11
12-Nov-18,106.96,107.31,105.03,105.14
11-Nov-18,105.17,106.6,102.68,106.38
10-Nov-18,106.78,107.21,104.73,105.25
9-Nov-18,108.42,108.66,105.65,106.89
8-Nov-18,111.4,111.82,108.34,108.43
7-Nov-18,112.92,113.65,109.62,111.51
6-Nov-18,111.76,113.59,110.47,112.89
5-Nov-18,111.99,112.89,109.5,111.35
4-Nov-18,106.88,112.07,105.61,111.8
3-Nov-18,105.77,107.39,104.89,106.87
2-Nov-18,103.85,106.06,103.57,105.78
1-Nov-18,104.04,105.57,102.81,103.88
31-Oct-18,102.73,104.97,102.29,103.83
30-Oct-18,101.45,102.74,101.04,102.55
29-Oct-18,104.64,104.9,100.81,101.49
28-Oct-18,104.14,106.58,102.12,104.98
27-Oct-18,104.91,105.04,103.78,103.9
26-Oct-18,106.22,106.66,104.78,105.02
25-Oct-18,106.96,106.96,105.09,106.32
24-Oct-18,108.09,109.1,106.56,106.95
23-Oct-18,105.48,109.75,105.47,108.44
22-Oct-18,105,106.05,104.05,105.46
21-Oct-18,103.84,106.14,103.43,105.1
20-Oct-18,103.76,104.72,103.36,103.78
19-Oct-18,102.91,104.66,102.63,103.72
18-Oct-18,105.54,106.62,102.08,102.91
17-Oct-18,107.65,107.83,104.69,105.36
16-Oct-18,107.2,108.33,105.92,107.4
15-Oct-18,100.84,111.27,99.31,107.11
14-Oct-18,102.15,103.35,100.81,100.91
13-Oct-18,100.68,102.99,100.68,102.14
12-Oct-18,100.07,103.64,99.68,100.71
11-Oct-18,113.58,114.17,100.38,100.38
10-Oct-18,113.59,113.67,111.03,113.46
9-Oct-18,114.37,114.93,112.85,113.67
8-Oct-18,113.57,116.27,112.72,114.28
7-Oct-18,115.24,115.33,112.63,113.72
6-Oct-18,114.92,115.3,113.41,115.07
5-Oct-18,114.47,115.1,113.62,114.88
4-Oct-18,114.74,116.26,113.46,114.53
3-Oct-18,116.79,117.6,112.11,114.69
2-Oct-18,114.4,119.82,112.81,116.83
1-Oct-18,115.67,117.01,113.11,114.52
30-Sep-18,114.89,116.72,114.08,116.26
29-Sep-18,117,117.04,112.46,114.87
28-Sep-18,119.35,121.55,115.9,117.06
27-Sep-18,115.12,121.08,113.88,119.26
26-Sep-18,116.45,117.58,113.2,115.59
25-Sep-18,115.4,116.4,111.93,116.4
24-Sep-18,122.34,123.23,115.13,115.48
23-Sep-18,122.27,127.71,120.82,122.5
22-Sep-18,123.54,125.21,118,122.22
21-Sep-18,116.13,124.24,115.77,123.74
20-Sep-18,109.53,116.3,109.53,116.28
19-Sep-18,112.49,112.93,106.06,109.51
18-Sep-18,106.61,113.01,104.58,112.45
17-Sep-18,117.5,120.21,107.19,107.19
16-Sep-18,118.77,118.77,113.78,117.04
15-Sep-18,116.72,122.22,116.38,119.4
14-Sep-18,112.13,117.37,109.85,116.97
13-Sep-18,104.6,116.13,104.6,112.04
12-Sep-18,105.85,106.01,97.58,104.32
11-Sep-18,106,109.2,102.18,105.65
10-Sep-18,105.97,109.15,104.46,105.64
9-Sep-18,104.29,110.73,101.46,106.22
8-Sep-18,111.89,114.94,102.17,104.33
7-Sep-18,117.2,119.75,110.97,111.88
6-Sep-18,115.55,117.97,108.82,117.49
5-Sep-18,137.89,140.1,115.06,115.06
4-Sep-18,135.14,139.79,134.86,137.95
3-Sep-18,120.11,135.58,119.27,135.56
2-Sep-18,120.99,124.92,116.67,120.5
1-Sep-18,116.28,124.19,115.58,120.97
31-Aug-18,103.2,117.49,102.98,116.66
30-Aug-18,103.7,105.99,97.17,102.81
29-Aug-18,107.63,108.13,101.34,103.55
28-Aug-18,104.54,107.75,102.59,107.52
27-Aug-18,95.27,104.63,93.55,104.53
26-Aug-18,92.8,95.3,91.3,95.3
25-Aug-18,93.66,96.33,92.1,92.54
24-Aug-18,90.2,94.27,88.63,93.76
23-Aug-18,89.87,91.38,88.9,90.06
22-Aug-18,94.95,98.56,88.33,90.08
21-Aug-18,93.2,96.51,92.25,94.92
20-Aug-18,98.4,102.05,93.37,93.37
19-Aug-18,98.21,98.86,95,98.42
18-Aug-18,99.41,104.9,95.1,98.17
17-Aug-18,91.01,101.16,90.83,99.2
16-Aug-18,89.35,92.65,88.95,91.08
15-Aug-18,84.59,94.02,84.59,89.55
14-Aug-18,88.03,88.03,79.24,84.18
13-Aug-18,93.18,97.4,88.13,88.24
12-Aug-18,93.49,95.62,92.15,93.21
11-Aug-18,92.18,96.99,88.09,93.62
10-Aug-18,100.47,101.16,90.82,91.72
9-Aug-18,94.72,101.95,94.72,100.53
8-Aug-18,108.04,108.04,93.4,94.53
7-Aug-18,114.09,117.8,108.04,108.04
6-Aug-18,117.48,119.88,112.68,113.55
5-Aug-18,114.06,117.68,111.99,117.27
4-Aug-18,120.16,121.03,113.46,113.99
3-Aug-18,122.55,122.55,115.45,120.02
2-Aug-18,128.04,130.5,121.09,122.79
1-Aug-18,122.27,129.4,119.94,128.15
31-Jul-18,131.56,134.15,121.4,122.32
30-Jul-18,135.57,135.7,128.95,131.8
29-Jul-18,139.7,141.35,134.63,135.36
28-Jul-18,140.11,141.27,138.46,139.4
27-Jul-18,136.82,142.07,135.06,140.06
26-Jul-18,142.98,144.63,135.96,136.81
25-Jul-18,145.89,148.3,138.41,142.74
24-Jul-18,133.84,148.01,132.5,147.4
23-Jul-18,128.54,140.03,128.54,133.57
22-Jul-18,131.88,133.28,127.98,128.72
21-Jul-18,129.82,132.62,127.58,132.13
20-Jul-18,139.55,139.55,128.82,130.17
19-Jul-18,139.6,143.68,138.55,139.53
18-Jul-18,144.07,149.36,138.12,139.77
17-Jul-18,135.18,146.96,134.99,144.07
16-Jul-18,123.98,135.38,122.94,135.27
15-Jul-18,123.13,125.87,121.67,123.96
14-Jul-18,122.4,123.82,121.05,123.22
13-Jul-18,120.82,124.65,120.66,122.53
12-Jul-18,125.45,126.11,118.14,120.24
11-Jul-18,121.52,129.87,121.52,125.39
10-Jul-18,135.6,136.86,121.42,121.48
9-Jul-18,137.93,141.16,135.48,135.73
8-Jul-18,135.28,140.01,134.49,138.12
7-Jul-18,133.83,135.63,130.73,135.61
6-Jul-18,138.38,139.08,131.25,134.04
5-Jul-18,139.24,141.22,134.87,138.75
4-Jul-18,138.6,146.5,137.21,138.4
3-Jul-18,140.12,143.93,137,138.46
2-Jul-18,130.26,142.86,128.34,140.5
1-Jul-18,131.05,133.8,126.12,129.77
30-Jun-18,126.71,135.1,126.69,131.01
29-Jun-18,117.3,127.84,115.48,126.78
28-Jun-18,128.85,133.99,114.87,115.81
27-Jun-18,120.63,130.26,119.7,128.71
26-Jun-18,126.72,129.62,120.73,120.82
25-Jun-18,121.18,129.53,120.96,126.76
24-Jun-18,115.15,124.4,109.01,121.29
23-Jun-18,110.68,119.27,109.98,115.38
22-Jun-18,123.46,123.85,107.46,110.6
21-Jun-18,122.49,124.08,121.45,123.61
20-Jun-18,126.18,126.35,119.92,122.55
19-Jun-18,127.38,130.15,124.76,126.22
18-Jun-18,123.82,129.04,120.42,127.43
17-Jun-18,126.97,127.18,123.31,124.06
16-Jun-18,121.75,128.23,121.68,126.83
15-Jun-18,132.85,133.32,122.78,122.78
14-Jun-18,121.94,133.56,118.85,132.94
13-Jun-18,125.88,126.46,113.62,121.85
12-Jun-18,138.46,138.46,121.15,125.66
11-Jun-18,139.55,140.19,132.83,138.04
10-Jun-18,154.99,154.99,132.09,139.51
9-Jun-18,158.52,160.04,154.96,154.96
8-Jun-18,164.07,165.24,157.21,158.7
7-Jun-18,164.68,171.09,163.06,163.91
6-Jun-18,167.15,167.8,162.08,164.61
5-Jun-18,160.31,168.69,157.44,167.19
4-Jun-18,169.07,170.51,157.84,160.09
3-Jun-18,162.66,176.11,162.66,169.35
2-Jun-18,157.59,167.27,156.25,162.65
1-Jun-18,155.89,158.55,152.87,157.54
31-May-18,154.56,159.17,154.31,155.52
30-May-18,157.6,161.27,152.87,155.23
29-May-18,150.04,166.33,147.93,157.57
28-May-18,166.23,168.22,149.74,149.96
27-May-18,164.47,170.17,161.17,166.08
26-May-18,164.84,168.6,162.99,164.55
25-May-18,171.66,173.66,162.92,164.72
24-May-18,171.21,177.51,160.85,171.49
23-May-18,175.8,179.53,166.33,171.54
22-May-18,198.64,198.95,176.27,176.27
21-May-18,203.83,203.83,194.91,198.74
20-May-18,197.79,205.31,196.6,203.45
19-May-18,203.62,204.21,197.2,197.57
18-May-18,193.02,211.53,187.24,204.05
17-May-18,199.34,204.69,192.92,192.99
16-May-18,204.87,205.11,193.21,199.21
15-May-18,214.69,218.83,203.04,205.17
14-May-18,210.19,219.12,197.33,215.04
13-May-18,202.05,213.78,202.05,209.58
12-May-18,197.57,205.73,192.06,201.96
11-May-18,218.48,218.48,197.65,197.74
10-May-18,227.21,233.27,218.21,218.22
9-May-18,223.82,232.48,216.97,227.52
8-May-18,233.22,234.57,220.23,223.35
7-May-18,235.74,235.84,222.75,233.07
6-May-18,240.88,242.44,232.6,235.49
5-May-18,241.23,245.48,239.72,240.78
4-May-18,246.68,248.4,238.9,241.53
3-May-18,249.34,257.62,242.95,245.98
2-May-18,239.94,252.72,238.84,249.66
1-May-18,242.45,242.45,229.56,240.26
30-Apr-18,256.35,259.07,239.08,242.46
29-Apr-18,260.91,262.91,244.05,256.87
28-Apr-18,251.77,265.51,251.55,261.51
27-Apr-18,267.29,268.63,251.88,251.88
26-Apr-18,258.09,277.25,250.21,268.27
25-Apr-18,293.56,293.56,249.15,257.14
24-Apr-18,282.18,298.08,280.24,296.04
23-Apr-18,270.81,287.11,270.81,283.3
22-Apr-18,257.32,283.99,250.24,271.3
21-Apr-18,271.41,271.41,240.04,258.18
20-Apr-18,239.01,271.98,238.51,271.98
19-Apr-18,228.41,239.01,225.98,238.61
18-Apr-18,195.83,232.72,195.83,228.35
17-Apr-18,194.41,202.07,193.45,195.75
16-Apr-18,200.5,203.01,189.36,194.1
15-Apr-18,190.91,203.93,190.91,200.62
14-Apr-18,188.64,197.19,188.15,190.42
13-Apr-18,192.04,201.17,186.77,188.87
12-Apr-18,168.92,191.94,166.3,191.94
11-Apr-18,165.55,169.16,164.53,169.16
10-Apr-18,167.06,167.38,164.4,165.57
9-Apr-18,174.05,179.13,164.26,167.07
8-Apr-18,169.99,174.15,169.3,173.97
7-Apr-18,162.27,172.74,162.27,170.12
6-Apr-18,172.41,175.37,161.92,162
5-Apr-18,170.05,174.89,164.8,173.31
4-Apr-18,189.4,189.47,169.1,170.1
3-Apr-18,177.57,191.1,177.57,189.54
2-Apr-18,175.87,181.52,175.06,177.51
1-Apr-18,178.78,182.11,165.25,175.51
31-Mar-18,172.53,181.97,171.54,179.56
30-Mar-18,176,180.41,162.99,172.36
29-Mar-18,199.31,200.83,174.64,176.86
28-Mar-18,187.47,201.52,186.32,199.16
27-Mar-18,196.85,197.9,184.58,187.93
26-Mar-18,211.79,212.68,188.55,197.18
25-Mar-18,207.32,214.4,203.02,211.78
24-Mar-18,215.37,217.24,208.7,209.16
23-Mar-18,212.47,214.33,199.17,213.91
22-Mar-18,218.56,223.68,204.9,212.71
21-Mar-18,224.26,235.9,215.29,218.63
20-Mar-18,217.94,233.27,206.96,223.74
19-Mar-18,210.33,222,202.38,216.77
18-Mar-18,197.43,209.63,175.08,209.63
17-Mar-18,215.49,215.84,193.9,197.91
16-Mar-18,213.21,222.38,203.9,215.7
15-Mar-18,215.84,225.96,198.73,213.31
14-Mar-18,248.32,251.83,208.29,215.56
13-Mar-18,258.22,266.35,246.19,248.07
12-Mar-18,282.43,287.09,251.83,259.42
11-Mar-18,256.67,287.17,248.41,282.35
10-Mar-18,290.72,295.79,255.81,257.04
9-Mar-18,277.61,288.09,243.51,288.09
8-Mar-18,338.13,338.13,276.95,278.64
7-Mar-18,346.24,364.75,320.85,339.15
6-Mar-18,368.89,368.89,342.47,346.4
5-Mar-18,369.06,379.68,355.99,373.25
4-Mar-18,351.75,369.07,338.75,368.97
3-Mar-18,346.02,374.72,344.2,352.95
2-Mar-18,313.52,351.39,310.82,344.73
1-Mar-18,286.03,315.67,284.23,314.04
28-Feb-18,301.54,305.75,285.58,285.7
27-Feb-18,295.06,309.1,288.24,302.54
26-Feb-18,282.28,300.33,271.47,293.61
25-Feb-18,273.03,284.04,266.26,281.02
24-Feb-18,285.68,295.49,265.23,273.79
23-Feb-18,280.41,299.44,269.35,285.71
22-Feb-18,320.63,327.28,279.8,282.76
21-Feb-18,302.39,339.69,287.72,322.61
20-Feb-18,316.99,321.73,303.79,304.4
19-Feb-18,299.7,319.73,297.65,316.49
18-Feb-18,325.96,327.77,294.42,300.12
17-Feb-18,296,334.71,293.13,325.67
16-Feb-18,301.01,302.1,280.22,296.48
15-Feb-18,276.08,304.78,269.32,303.25
14-Feb-18,234.34,276.66,234.34,276.66
13-Feb-18,247.99,248.88,230.02,234.69
12-Feb-18,229.87,251.41,229.87,247.57
11-Feb-18,249.44,249.44,219.23,229.49
10-Feb-18,260.59,271.82,243.91,250.03
9-Feb-18,247.82,260.84,233.43,260.43
8-Feb-18,207.77,253.12,207.77,247.22
7-Feb-18,210.73,231.25,191.86,207.27
6-Feb-18,180.87,213.46,149.41,212.29
5-Feb-18,219.04,221.74,167.14,179.49
4-Feb-18,251.97,257.39,214.79,221.05
3-Feb-18,236.51,256.98,215.6,251.59
2-Feb-18,240.84,249.27,184.94,235.63
1-Feb-18,273.88,279.78,228.39,240.96
31-Jan-18,274.9,284.02,265.28,272.89
30-Jan-18,317.36,318.01,268.68,274.02
29-Jan-18,331.77,336.69,314.05,316.63
28-Jan-18,322.96,337.16,322.96,332.17
27-Jan-18,325.3,332.83,310.45,321.36
26-Jan-18,316.6,328.78,292.48,323.68
25-Jan-18,322.17,328,306.59,317.1
24-Jan-18,308.92,323.19,299.46,317.4
23-Jan-18,315.3,321.7,285.61,308.46
22-Jan-18,348.91,356.04,288.79,315.9
21-Jan-18,384.53,389.11,336.01,345.08
20-Jan-18,367.64,403.49,358.77,383.79
19-Jan-18,314.13,367.96,309.54,364.62
18-Jan-18,320.6,347.11,303.35,316.47
17-Jan-18,318.93,332.12,240.36,319.19
16-Jan-18,415.93,418.99,261.2,320.04
15-Jan-18,396.02,444.34,392.37,414.57
14-Jan-18,420.34,444.01,384.3,399.52
13-Jan-18,393.04,433.35,393.04,420.05
12-Jan-18,358.62,394.78,347.32,394.78
11-Jan-18,406.08,415.9,346.69,355.59
10-Jan-18,413.25,419.07,370.52,407.74
9-Jan-18,403.71,447.61,398.53,413.33
8-Jan-18,458.35,469.7,357.54,405.07
7-Jan-18,456.15,495.84,453.39,459.33
6-Jan-18,385.36,452.77,380.21,452.77
5-Jan-18,402.38,407.04,373.89,384.94
4-Jan-18,414.41,419.72,383.54,403.05
3-Jan-18,382.74,418.26,378.86,412.06
2-Jan-18,359.06,387.79,359.06,383.42
1-Jan-18,349.55,363.79,336.98,358.99
31-Dec-17,329,356.77,327.41,349.03
30-Dec-17,378.52,378.52,319.61,330.8
29-Dec-17,381.3,387.56,358.07,377.37
28-Dec-17,422.51,422.51,359.49,378.9
27-Dec-17,381.3,442.6,381.3,421.85
26-Dec-17,361.08,384.77,357.27,381.54
25-Dec-17,339.69,365.87,323.2,360.78
24-Dec-17,391.02,391.02,297.09,337.06
23-Dec-17,349.76,417.65,344.38,382.04
22-Dec-17,419.53,423.42,255.67,346.11
21-Dec-17,470.29,470.29,390.55,417.98
20-Dec-17,375.71,476.4,329.95,469.2
19-Dec-17,381.07,406.03,346.94,377.24
18-Dec-17,353.07,381.51,332.09,381.51
17-Dec-17,328.06,365.24,327.27,351.37
16-Dec-17,312.61,331.54,311.71,327.32
15-Dec-17,325.61,326.08,296.08,312.32
14-Dec-17,303.26,335.53,301.4,325.21
13-Dec-17,307.43,330.35,284.74,305.74
12-Dec-17,281.49,319.9,281.19,308.07
11-Dec-17,244.95,281.03,244.14,279.67
10-Dec-17,262.9,262.9,220.77,245.33
9-Dec-17,277.27,281.4,250.39,262.53
8-Dec-17,281.31,284.86,250.65,276.74
7-Dec-17,277.87,300.32,263.17,280.86
6-Dec-17,268.16,316.67,260.61,278.68
5-Dec-17,211.13,272.64,208.89,269.48
4-Dec-17,199.56,210.24,192.04,210.24
3-Dec-17,203.37,209.09,191.25,200.05
2-Dec-17,190.83,205.26,186.68,203.03
1-Dec-17,179.72,191.85,169.76,190.94
30-Nov-17,170.49,195.39,156.53,180.14
29-Nov-17,203.91,214.27,165.33,168.15
28-Nov-17,175.35,203.21,173.17,203.21
27-Nov-17,162.92,173.39,159.95,173.39
26-Nov-17,168.57,168.72,159.76,163.37
25-Nov-17,159.99,170.1,159.99,168.44
24-Nov-17,158.62,162.94,156.76,160.03
23-Nov-17,166.11,172.92,156.45,158.61
22-Nov-17,142.08,173.45,141.14,165.95
21-Nov-17,136.1,142.21,131.37,141.74
20-Nov-17,129.5,140.55,128.49,135.76
19-Nov-17,130.72,133.62,127.21,129.48
18-Nov-17,126.6,135.01,123.53,130.8
17-Nov-17,120.01,126.7,119.25,126.7
16-Nov-17,121.24,128.09,118.5,120.31
15-Nov-17,122.24,124.72,119.19,121.37
14-Nov-17,123.62,124.2,118.63,122.35
13-Nov-17,128.96,136.53,120.92,123.4
12-Nov-17,119.6,133.68,110.62,123.86
11-Nov-17,105.75,127.11,103.88,119.62
10-Nov-17,121.34,121.67,101.76,105.59
9-Nov-17,112.53,123.4,112.22,120.78
8-Nov-17,99.82,115.94,99.14,113.32
7-Nov-17,104.23,104.75,95.05,99.76
6-Nov-17,86.42,102.92,86.15,102.92
5-Nov-17,87.31,88.04,86.04,86.35
4-Nov-17,87.9,88.48,85.5,87.3
3-Nov-17,83.53,90.14,83.53,87.99
2-Nov-17,85.66,86.08,81.68,83.76
1-Nov-17,87.65,88.2,84.73,85.72
31-Oct-17,88.75,89.33,87.6,87.64
30-Oct-17,88.59,90.49,88.04,88.84
29-Oct-17,86.27,90.36,86.27,88.65
28-Oct-17,86.91,87.76,85.71,86.31
27-Oct-17,88.58,89.19,86.43,86.75
26-Oct-17,88.17,89.87,88.02,88.58
25-Oct-17,88.49,101.29,85.82,88.13
24-Oct-17,85.16,92.35,83.47,88.4
23-Oct-17,86.48,86.92,82.89,85.21
22-Oct-17,88.18,89.04,85.52,86.58
21-Oct-17,90.41,90.41,86.58,88.12
20-Oct-17,88.71,92.73,88.07,90.54
19-Oct-17,89.66,92.48,87.91,88.62
18-Oct-17,91.19,91.26,86.54,89.54
17-Oct-17,95.93,96.94,90.72,91.28
16-Oct-17,94.99,97.97,93.05,95.9
15-Oct-17,99.94,100.81,91.6,94.87
14-Oct-17,95.06,103.13,93.73,100.23
13-Oct-17,87.23,96.77,85.53,95.13
12-Oct-17,87.56,88.63,86.46,87.09
11-Oct-17,86.74,88.25,85.8,87.42
10-Oct-17,85.61,88.41,84.27,86.82
9-Oct-17,89.74,90.12,83.76,85.49
8-Oct-17,91.39,92.2,89.74,89.77
7-Oct-17,90.94,92.05,89.57,91.7
6-Oct-17,91.91,92.94,90.23,91.19
5-Oct-17,90.49,92.45,88.14,91.86
4-Oct-17,92.95,93.65,89.05,90.41
3-Oct-17,91.52,94.81,87.21,92.96
2-Oct-17,93.56,93.8,90.98,91.54
1-Oct-17,95.59,95.74,91.77,93.22
30-Sep-17,94.44,96.33,94.07,95.76
29-Sep-17,97.3,97.78,91.22,94.5
28-Sep-17,100.97,101.14,95.48,97.23
27-Sep-17,92.75,102.91,92.64,101.04
26-Sep-17,93.81,95.31,91.6,93.13
25-Sep-17,89.37,94.23,89.12,93.64
24-Sep-17,91.76,91.81,88,89.5
23-Sep-17,88.03,92.12,86.96,91.85
22-Sep-17,86.17,89.54,84.33,88.17
21-Sep-17,95.33,95.75,85.17,86.24
20-Sep-17,97.64,98.09,93.37,95.57
19-Sep-17,100.83,101.28,93.7,97.72
18-Sep-17,93.81,102.02,93.81,100.57
17-Sep-17,94.97,96.36,89.22,93.74
16-Sep-17,100.11,106.12,91.41,95.29
15-Sep-17,83.13,103.69,73.17,99.85
14-Sep-17,111.29,120.39,82.65,83.04
13-Sep-17,111.81,113.16,102.39,111.33
12-Sep-17,112.72,115.69,110.49,111.89
11-Sep-17,113.05,116.24,110.47,112.75
10-Sep-17,115.64,115.77,103.17,112.33
9-Sep-17,118.19,119.73,113.17,116.27
8-Sep-17,120.28,132.57,113.3,118.04
7-Sep-17,121.39,124.76,116.6,120.84
6-Sep-17,118.79,122.31,114.32,121.63
5-Sep-17,106.75,122.63,95.81,118.82
4-Sep-17,126.23,126.23,101.73,106.17
3-Sep-17,124.93,129.29,115.74,126.01
2-Sep-17,141.35,141.4,121.96,124.8
1-Sep-17,140.65,150.09,136.49,141.2
31-Aug-17,131.95,141.97,131.21,140.41
30-Aug-17,133.85,135.83,124.06,132.38
29-Aug-17,144.24,144.49,128.02,133.04
28-Aug-17,130.76,154.58,129.06,145.4
27-Aug-17,137.6,138.88,124.81,130.68
26-Aug-17,107.46,148.36,105.29,138.05
25-Aug-17,86.47,108.36,85.34,108.26
24-Aug-17,90.35,93.77,79.35,86.29
23-Aug-17,91.01,99.71,85.51,90.33
22-Aug-17,77.99,95.51,72.53,91.16
21-Aug-17,54.67,95.08,52.87,77.82
20-Aug-17,55.79,56.05,51.8,54.71
19-Aug-17,46.97,58.03,46.97,55.96
18-Aug-17,47.37,48.93,46.22,46.69
17-Aug-17,48.82,49.46,47.05,47.45
16-Aug-17,48.77,49.09,47.03,48.78
15-Aug-17,49.97,50.16,45.72,48.74
14-Aug-17,47.69,49.75,46.63,49.75
13-Aug-17,49.38,50.15,45.46,47.76
12-Aug-17,50.85,51.57,46.34,49.37
11-Aug-17,49.31,51.56,48.93,50.65
10-Aug-17,50.94,51.29,49.47,49.47
9-Aug-17,51.94,53.34,49.74,50.96
8-Aug-17,50.4,52.64,49.93,51.94
7-Aug-17,47.67,50.21,47.24,50.21
6-Aug-17,48.57,49.18,47.36,47.83
5-Aug-17,45.18,49.49,45.18,48.58
4-Aug-17,43.36,45.32,42.97,45.12
3-Aug-17,43.8,44.31,43.23,43.36
2-Aug-17,44.08,44.78,42.78,43.63
1-Aug-17,39.88,45.04,39.81,44.15
31-Jul-17,39.67,40.68,38.94,39.84
30-Jul-17,43.95,43.95,39.55,39.62
29-Jul-17,43.69,44.37,42.19,43.89
28-Jul-17,45.29,45.79,42.74,43.96
27-Jul-17,45.92,46.74,43.93,45.24
26-Jul-17,40.73,46.44,38.6,45.8
25-Jul-17,45.55,45.84,38.24,40.68
24-Jul-17,42.66,45.76,41.86,45.58
23-Jul-17,44.64,44.78,41.44,42.67
22-Jul-17,40.25,44.76,40.15,44.71
21-Jul-17,40.55,41.43,39.53,40.34
20-Jul-17,34.89,41.01,34.89,40.3
19-Jul-17,36.47,37.59,34.37,35.06
18-Jul-17,34.89,37.92,33.38,36.38
17-Jul-17,29.47,34.98,29.46,34.83
16-Jul-17,31.97,32.53,28.83,29.43
15-Jul-17,35.57,35.57,31.37,32.09
14-Jul-17,38.08,38.33,34.22,35.48
13-Jul-17,40.43,40.74,37.2,38.23
12-Jul-17,36.89,40.75,35.51,40.39
11-Jul-17,40.25,40.73,35.34,37.14
10-Jul-17,44.91,45.12,38.84,40.01
9-Jul-17,46.69,47,44.56,44.85
8-Jul-17,44.17,46.24,41.9,46.1
7-Jul-17,50.11,50.65,43.84,44.25
6-Jul-17,45.96,50.26,45.88,50.12
5-Jul-17,45.3,46.9,44.13,45.72
4-Jul-17,43.55,45.53,43.55,45.47
3-Jul-17,42.51,44.14,41.82,43.63
2-Jul-17,40.94,43,40.22,42.79
1-Jul-17,43.71,43.98,39.8,40.96
30-Jun-17,45.09,45.87,43.48,43.73
29-Jun-17,47.04,47.91,44.67,45.02
28-Jun-17,43.8,47.41,42.29,47.32
27-Jun-17,43.49,44.05,38.51,43.57
26-Jun-17,45.9,48.2,39.39,43.49
25-Jun-17,47.84,48.73,45.28,45.89
24-Jun-17,51.43,51.81,47.3,48.03
23-Jun-17,47.45,52.51,46.75,51.41
22-Jun-17,46.8,47.8,46.64,47.28
21-Jun-17,48.17,48.91,45.54,46.59
20-Jun-17,49.03,50.91,47.6,48.08
19-Jun-17,49.62,50.67,48.52,49.09
18-Jun-17,50.49,51.7,48.97,49.6
17-Jun-17,48.19,51.2,48.09,50.46
16-Jun-17,45.97,48.24,44.17,48.11
15-Jun-17,46.24,47.02,38.75,46.02
14-Jun-17,51.98,53.56,44.37,46.3
13-Jun-17,49.8,52.87,49.73,51.8
12-Jun-17,59.09,59.81,45.78,50.04
11-Jun-17,52.37,58.7,51.95,58.7
10-Jun-17,55.59,56.25,51.92,52.28
9-Jun-17,56.13,57.23,55.29,55.62
8-Jun-17,52.91,56.46,51.45,56.19
7-Jun-17,55.29,62.38,52.06,52.54
6-Jun-17,48.37,55.57,47.12,55.57
5-Jun-17,42.88,48.5,42.88,48.26
4-Jun-17,42.34,43.42,41.7,42.9
3-Jun-17,43.99,44.42,42.16,42.37
2-Jun-17,43.74,44.65,43,44
1-Jun-17,41.84,45.52,41.84,43.7
31-May-17,39.83,43.11,39.23,41.83
30-May-17,41.29,45.65,39.66,39.79
29-May-17,36.76,43.81,36.06,41.21
28-May-17,33.43,39.39,33.43,36.84
27-May-17,38.71,40.79,28.69,33.41
26-May-17,39.81,44.61,34.84,38.71
25-May-17,45.52,50.9,39.5,40.12
24-May-17,56.31,58.64,44.04,45.38
23-May-17,36.31,56.84,36.3,55.62
22-May-17,34.8,41.18,33.27,36.17
21-May-17,35.04,36.46,33.35,34.64
20-May-17,31.82,36.78,31.27,35.1
19-May-17,30.31,31.87,30.28,31.87
18-May-17,26.98,31.11,26.98,30.33
17-May-17,26.37,27.97,25.28,26.93
16-May-17,27.73,27.73,25.96,26.26
15-May-17,28.51,28.54,27.32,27.79
14-May-17,28.51,29.16,27.79,28.53
13-May-17,28.59,28.73,27.22,28.47
12-May-17,29.61,30.29,28.3,28.68
11-May-17,29.94,30.03,28.73,29.51
10-May-17,28.49,30.67,28.11,29.84
9-May-17,30.48,31.61,26.61,28.66
8-May-17,33.45,33.81,28.58,30.47
7-May-17,28.97,34.56,28.77,32.78
6-May-17,28.5,29.94,27.94,28.98
5-May-17,26.11,30.83,25.93,28.45
4-May-17,25.19,26.52,24.87,25.99
3-May-17,23.05,25.44,22.72,25.2
2-May-17,22.77,23.2,22.06,23.04
1-May-17,23.72,24.07,22.23,22.77
30-Apr-17,22.74,24.2,22.72,23.72
29-Apr-17,22.37,23.26,22.12,22.76
28-Apr-17,21.2,22.53,21.12,22.35
27-Apr-17,19.43,21.83,19.27,21.21
26-Apr-17,19.67,19.93,19.24,19.37
25-Apr-17,19.6,20.1,19.36,19.65
24-Apr-17,19.73,20.11,19.51,19.56
23-Apr-17,20.12,20.17,19.68,19.72
22-Apr-17,20.27,20.52,19.97,20.12
21-Apr-17,19.98,20.34,19.75,20.29
20-Apr-17,20.4,20.9,20.24,20.24
19-Apr-17,21.07,21.12,20.23,20.39
18-Apr-17,20.53,21.17,20.45,21.06
17-Apr-17,20.46,20.99,20.32,20.56
16-Apr-17,20.71,20.82,20.25,20.46
15-Apr-17,20.43,21.19,20.25,20.71
14-Apr-17,21.47,21.8,19.67,20.59
13-Apr-17,21.69,22.08,21.44,21.48
12-Apr-17,21.32,22.11,21.25,21.76
11-Apr-17,21.8,21.89,21.12,21.36
10-Apr-17,20.69,22.41,20.52,21.83
9-Apr-17,20.84,21.31,19.75,20.68
8-Apr-17,19.31,21.46,19,20.83
7-Apr-17,19.32,20.07,18.95,19.39
6-Apr-17,19.59,19.95,18.33,19.27
5-Apr-17,21.31,21.62,19.58,19.62
4-Apr-17,20.33,21.51,19.87,21.35
3-Apr-17,20.16,21.16,19.94,20.33
2-Apr-17,21.42,21.5,20.02,20.14
1-Apr-17,20.52,21.53,19.23,21.5
31-Mar-17,20.8,21.2,19.84,20.54
30-Mar-17,21.06,21.45,20.25,20.88
29-Mar-17,19.88,21.34,19.28,21.14
28-Mar-17,19.49,20.51,18.17,19.81
27-Mar-17,19.75,20.1,17.71,19.66
26-Mar-17,20.16,20.57,19.29,19.61
25-Mar-17,21.08,21.28,19.88,20.14
24-Mar-17,21.85,22.28,20.86,21.1
23-Mar-17,21.45,22.49,20.64,21.82
22-Mar-17,21.39,22.39,20.77,21.42
21-Mar-17,22.62,23.06,20.68,21.29
20-Mar-17,23.3,24.82,22.44,22.51
19-Mar-17,20.11,24.61,20.11,23.29
18-Mar-17,22.27,22.27,18.6,20.07
17-Mar-17,22.57,26.21,20.16,22.35
16-Mar-17,19.05,22.99,18.77,22.48
15-Mar-17,17.79,19.69,17.35,18.98
14-Mar-17,18.09,18.4,17.11,17.76
13-Mar-17,16.8,19.32,16.69,18.13
12-Mar-17,14.72,17.13,14.45,16.79
11-Mar-17,13.12,14.76,13.01,14.69
10-Mar-17,13.05,13.62,12.35,13.21
9-Mar-17,12.46,13.53,12.39,13.03
8-Mar-17,13.56,13.8,12.47,12.47
7-Mar-17,15.43,15.43,13.53,13.53
6-Mar-17,15.23,15.8,14.84,15.41
5-Mar-17,13.67,15.42,13.66,15.18
4-Mar-17,13.93,14.24,13.37,13.67
3-Mar-17,13.1,14.61,12.86,13.91
2-Mar-17,12.26,13.33,12.1,13.11
1-Mar-17,12.3,12.9,12.13,12.33
28-Feb-17,11.99,12.32,11.51,12.28
27-Feb-17,11.87,12.06,11.83,11.96
26-Feb-17,11.84,12.04,11.68,11.89
25-Feb-17,11.92,12.14,11.68,11.85
24-Feb-17,12.89,12.97,11.35,11.92
23-Feb-17,12.78,12.94,12.57,12.87
22-Feb-17,12.32,12.84,12.12,12.77
21-Feb-17,12.12,12.42,11.92,12.34
20-Feb-17,13.01,13.01,11.46,12.22
19-Feb-17,13.38,13.38,12.99,12.99
18-Feb-17,13.41,13.57,13.09,13.36
17-Feb-17,13.07,13.34,13.04,13.3
16-Feb-17,13.62,13.62,12.91,13.1
15-Feb-17,13.01,13.74,12.88,13.62
14-Feb-17,12.2,13.2,12.11,12.99
13-Feb-17,12.31,12.36,12.09,12.2
12-Feb-17,12.27,12.49,12,12.33
11-Feb-17,11.98,12.39,11.98,12.24
10-Feb-17,12.18,12.23,11.73,11.98
9-Feb-17,12.83,12.98,11.83,12.12
8-Feb-17,12.67,12.91,12.54,12.8
7-Feb-17,12.91,13.2,12.53,12.65
6-Feb-17,12.83,12.92,12.59,12.88
5-Feb-17,12.61,12.99,12.61,12.8
4-Feb-17,12.9,13.08,12.47,12.61
3-Feb-17,13.13,13.15,12.15,12.86
2-Feb-17,13.29,13.42,13.05,13.14
1-Feb-17,12.97,13.38,12.93,13.27
31-Jan-17,12.7,13.26,12.7,12.99
30-Jan-17,12.65,12.91,12.64,12.71
29-Jan-17,12.85,13.26,12.55,12.66
28-Jan-17,12.12,13.04,12.07,12.85
27-Jan-17,11.98,12.24,11.67,12.1
26-Jan-17,11.85,12.15,11.73,11.98
25-Jan-17,11.81,11.88,11.54,11.83
24-Jan-17,12.25,12.25,11.79,11.81
23-Jan-17,12.19,12.29,12.05,12.25
22-Jan-17,12.01,12.19,11.81,12.18
21-Jan-17,11.91,12.18,11.84,12.03
20-Jan-17,12.17,12.17,11.75,11.91
19-Jan-17,12.05,12.31,11.68,12.15
18-Jan-17,12.43,12.7,11.57,12.05
17-Jan-17,10.69,12.49,10.56,12.39
16-Jan-17,10.77,10.96,10.29,10.64
15-Jan-17,11.07,11.15,9.92,10.76
14-Jan-17,11.28,11.72,10.96,11.09
13-Jan-17,11.84,11.97,11.07,11.27
12-Jan-17,11.61,12.19,11.1,11.85
11-Jan-17,13.38,13.6,11.18,11.64
10-Jan-17,13.7,14.03,13.34,13.39
9-Jan-17,13.51,13.74,12.66,13.74
8-Jan-17,13.01,13.91,12.86,13.47
7-Jan-17,14.09,14.17,12.37,13.06
6-Jan-17,16.19,16.93,13.58,14.03
5-Jan-17,18.55,19.02,14.86,16.19
4-Jan-17,16.14,18.64,15.83,18.53
3-Jan-17,16.07,17.03,15,16.09
2-Jan-17,14.07,16.47,13.84,16.05
1-Jan-17,13.79,14.17,13.42,13.97
31-Dec-16,12.96,13.88,12.8,13.78
30-Dec-16,13.09,13.28,12.26,12.97
29-Dec-16,14.14,14.17,12.46,13.13
28-Dec-16,12.54,14.62,12.2,14.09
27-Dec-16,10.27,13.05,10.25,12.69
26-Dec-16,9.72,10.29,9.7,10.27
25-Dec-16,9.65,9.8,9.49,9.73
24-Dec-16,9.61,9.77,9.48,9.65
23-Dec-16,8.89,9.79,8.89,9.55
22-Dec-16,8.3,9.49,8.3,8.9
21-Dec-16,8.45,8.62,8.26,8.28
20-Dec-16,8.63,8.7,8.39,8.43
19-Dec-16,8.6,8.77,8.39,8.63
18-Dec-16,8.33,8.83,8.31,8.61
17-Dec-16,8.48,8.53,8.25,8.32
16-Dec-16,8.43,8.54,8.39,8.51
15-Dec-16,8.43,8.55,8.26,8.42
14-Dec-16,8.23,8.59,8.11,8.41
13-Dec-16,8.07,8.14,7.97,8.11
12-Dec-16,7.91,8.06,7.83,8.05
11-Dec-16,7.77,8.09,7.74,7.91
10-Dec-16,7.95,8.03,7.67,7.78
9-Dec-16,7.8,8.07,7.79,7.95
8-Dec-16,7.87,8.03,7.73,7.79
7-Dec-16,7.54,8.01,7.32,7.89
6-Dec-16,7.91,7.96,7.16,7.54
5-Dec-16,7.83,8.15,7.68,7.91
4-Dec-16,8.26,8.42,7.8,7.8
3-Dec-16,8.21,8.56,8.09,8.27
2-Dec-16,8.5,8.5,7.92,8.23
1-Dec-16,8.93,9.13,8.36,8.58
30-Nov-16,7.63,9.31,7.21,8.95
29-Nov-16,7.91,7.99,7.48,7.6
28-Nov-16,7.92,8.08,7.78,7.89
27-Nov-16,7.63,8.12,7.59,7.93
26-Nov-16,7.55,7.81,7.4,7.62
25-Nov-16,7.79,7.8,7.33,7.54
24-Nov-16,7.94,8.37,7.58,7.81
23-Nov-16,7.66,8.11,7.56,7.91
22-Nov-16,6.81,8.24,6.78,7.69
21-Nov-16,6.58,6.88,6.56,6.8
20-Nov-16,6.56,6.88,6.43,6.58
19-Nov-16,6.72,6.86,6.46,6.55
18-Nov-16,6.77,7.1,6.53,6.72
17-Nov-16,6.55,6.97,6.22,6.79
16-Nov-16,7.34,7.47,6.12,6.58
15-Nov-16,7.74,7.92,7.2,7.3
14-Nov-16,7.11,8.13,7.09,7.71
13-Nov-16,7.42,8.11,6.97,7.1
12-Nov-16,6.82,7.68,6.63,7.44
11-Nov-16,6.15,6.98,5.89,6.78
10-Nov-16,6.19,6.48,6.01,6.1
9-Nov-16,6.31,6.54,5.58,6.19
8-Nov-16,5.77,6.82,5.72,6.32
7-Nov-16,4.97,5.85,4.92,5.74
6-Nov-16,4.98,5.03,4.88,4.97
5-Nov-16,4.83,5.02,4.82,5.02
4-Nov-16,4.86,5.12,4.7,4.85
3-Nov-16,4.54,5.27,4.51,4.89
2-Nov-16,4.73,5.01,4.38,4.51
1-Nov-16,5.1,5.24,4.56,4.71
31-Oct-16,5.54,5.61,4.84,5.12
30-Oct-16,5.14,5.7,4.81,5.57
29-Oct-16,5.72,5.84,4.28,5.14
28-Oct-16,6.22,6.35,5.63,5.73
27-Oct-16,6.17,6.38,5.99,6.21
26-Oct-16,6.09,6.21,5.82,6.17
25-Oct-16,6.42,6.43,5.77,6.09
24-Oct-16,6.51,6.61,6.41,6.42
23-Oct-16,6.52,6.69,6.45,6.51
22-Oct-16,6.79,6.81,6.24,6.52
21-Oct-16,6.59,6.91,6.43,6.78
20-Oct-16,6.63,7.2,6.48,6.56
19-Oct-16,6.57,7.13,6.49,6.62
18-Oct-16,6.29,6.79,6.08,6.57
17-Oct-16,6.39,6.41,5.7,6.28
16-Oct-16,6.57,6.63,6.12,6.38
15-Oct-16,6.92,6.93,6.45,6.56
14-Oct-16,6.94,7.18,6.83,6.92
13-Oct-16,7.28,7.31,6.78,6.91
12-Oct-16,7.28,7.62,7.17,7.31
11-Oct-16,6.92,7.74,6.6,7.28
10-Oct-16,7.56,7.59,6.78,6.94
9-Oct-16,6.9,7.69,6.89,7.48
8-Oct-16,6.89,7.18,6.62,6.88
7-Oct-16,7.19,7.67,6.56,6.89
6-Oct-16,6.71,7.29,6.37,7.18
5-Oct-16,7.66,7.66,6.13,6.76
4-Oct-16,7.95,8.12,7.45,7.65
3-Oct-16,8.31,8.55,7.82,7.95
2-Oct-16,7.33,8.48,7.32,8.3
1-Oct-16,8.42,8.42,7.17,7.36
30-Sep-16,8.65,8.66,7.99,8.41
29-Sep-16,9.4,9.41,8.32,8.71
28-Sep-16,9.33,9.5,9.19,9.4
27-Sep-16,9.36,9.6,9.18,9.31
26-Sep-16,10.25,10.36,9.14,9.4
25-Sep-16,10.62,10.7,10.19,10.24
24-Sep-16,10.8,11.03,10.63,10.63
23-Sep-16,10.12,11.01,10.03,10.77
22-Sep-16,9.96,10.59,9.96,10.16
21-Sep-16,11.25,11.25,9.78,9.92
20-Sep-16,10.54,11.69,10.32,11.15
19-Sep-16,9.45,10.85,9.07,10.56
18-Sep-16,9.69,9.78,9.25,9.45
17-Sep-16,8.88,9.82,8.82,9.68
16-Sep-16,9.5,9.83,8.75,8.91
15-Sep-16,10.53,10.53,9.33,9.41
14-Sep-16,10.97,10.97,10.31,10.51
13-Sep-16,10.26,11.36,9.85,10.88
12-Sep-16,10.66,11.01,9.97,10.03
11-Sep-16,12.26,12.41,10.53,10.69
10-Sep-16,12.33,12.58,11.98,12.23
9-Sep-16,12.71,13.63,12.08,12.43
8-Sep-16,11.91,13,11.54,12.74
7-Sep-16,12.44,12.88,11.1,11.83
6-Sep-16,13.84,14.19,11.99,12.46
5-Sep-16,13.57,14.26,12.58,13.96
4-Sep-16,11.13,13.87,10.41,13.39
3-Sep-16,10.19,15.05,9.9,10.59
2-Sep-16,7.97,10.61,7.82,10.21
1-Sep-16,8.52,8.84,7.85,8
31-Aug-16,8.51,8.86,7.49,8.58
30-Aug-16,8.49,9.17,7.95,8.49
29-Aug-16,9.35,10.69,8.07,8.5
28-Aug-16,5.3,9.51,5.09,9.51
27-Aug-16,4.25,5.3,4.21,5.3
26-Aug-16,4.13,4.62,4.09,4.18
25-Aug-16,4.46,4.51,3.73,4.15
24-Aug-16,4.66,5.07,4.36,4.42
23-Aug-16,4.03,5.32,4,4.72
22-Aug-16,2.53,5.23,2.53,3.99
21-Aug-16,2.44,2.6,2.4,2.54
20-Aug-16,2.3,2.55,2.28,2.44
19-Aug-16,2.19,2.34,2.18,2.3
18-Aug-16,2.24,2.26,2.15,2.19
17-Aug-16,2.2,2.29,2.13,2.24
16-Aug-16,2.18,2.27,2.08,2.2
15-Aug-16,2.01,2.2,1.98,2.18
14-Aug-16,1.98,2.09,1.88,2.01
13-Aug-16,1.95,2.02,1.93,1.98
12-Aug-16,1.98,1.99,1.89,1.95
11-Aug-16,2.02,2.05,1.9,1.98
10-Aug-16,2.05,2.05,1.95,2.01
9-Aug-16,1.9,2.05,1.89,2.05
8-Aug-16,1.9,1.99,1.84,1.9
7-Aug-16,1.88,2,1.8,1.9
6-Aug-16,1.79,1.93,1.74,1.88
5-Aug-16,1.85,1.86,1.77,1.79
4-Aug-16,1.57,1.9,1.57,1.85
3-Aug-16,1.49,1.65,1.47,1.57
2-Aug-16,1.7,1.74,1.43,1.49
1-Aug-16,1.82,1.83,1.69,1.7
31-Jul-16,1.91,1.94,1.8,1.82
30-Jul-16,1.91,1.94,1.87,1.91
29-Jul-16,1.85,1.95,1.82,1.89
28-Jul-16,1.94,1.95,1.83,1.85
27-Jul-16,1.83,1.95,1.76,1.94
26-Jul-16,1.85,1.86,1.7,1.83
25-Jul-16,1.86,1.89,1.82,1.85
24-Jul-16,1.9,1.94,1.83,1.88
23-Jul-16,1.83,1.91,1.81,1.89
22-Jul-16,1.73,1.85,1.72,1.83
21-Jul-16,1.77,1.81,1.72,1.74
20-Jul-16,1.9,1.93,1.73,1.76
19-Jul-16,1.95,1.96,1.85,1.9
18-Jul-16,1.99,2.02,1.94,1.95
17-Jul-16,1.98,2.01,1.95,1.99
16-Jul-16,2,2.02,1.97,1.98
15-Jul-16,2.01,2.03,1.94,1.99
14-Jul-16,1.94,2.03,1.93,2.01
13-Jul-16,1.98,2,1.9,1.93
12-Jul-16,1.98,2.08,1.95,1.99
11-Jul-16,1.91,2.03,1.89,1.98
10-Jul-16,1.96,1.96,1.86,1.91
9-Jul-16,1.99,1.99,1.84,1.96
8-Jul-16,1.9,2.02,1.86,1.98
7-Jul-16,1.94,2.11,1.82,1.9
6-Jul-16,1.73,1.98,1.72,1.94
5-Jul-16,1.71,1.74,1.64,1.73
4-Jul-16,1.7,1.8,1.66,1.71
3-Jul-16,1.75,1.85,1.7,1.7
2-Jul-16,1.66,1.79,1.64,1.75
1-Jul-16,1.59,1.7,1.58,1.66
30-Jun-16,1.54,1.61,1.5,1.61
29-Jun-16,1.49,1.6,1.46,1.55
28-Jun-16,1.48,1.51,1.43,1.49
27-Jun-16,1.48,1.49,1.38,1.48
26-Jun-16,1.56,1.61,1.46,1.48
25-Jun-16,1.58,1.65,1.51,1.55
24-Jun-16,1.56,1.66,1.52,1.59
23-Jun-16,1.49,1.57,1.4,1.56
22-Jun-16,1.61,1.72,1.49,1.5
21-Jun-16,1.83,1.87,1.56,1.61
20-Jun-16,1.86,1.91,1.72,1.83
19-Jun-16,2.03,2.06,1.81,1.87
18-Jun-16,1.77,2.34,1.77,2.01
17-Jun-16,1.57,1.79,1.48,1.75
16-Jun-16,1.47,1.63,1.43,1.58
15-Jun-16,1.37,1.5,1.33,1.46
14-Jun-16,1.28,1.41,1.24,1.39
13-Jun-16,1.25,1.37,1.25,1.28
12-Jun-16,1.14,1.28,1.11,1.25
11-Jun-16,1.14,1.18,1.12,1.14
10-Jun-16,1.11,1.19,1.08,1.15
9-Jun-16,0.994472,1.22,0.989995,1.11
8-Jun-16,1.01,1.02,0.971487,0.999952
7-Jun-16,1,1.01,0.958776,1.01
6-Jun-16,1.01,1.05,0.987163,1.01
5-Jun-16,0.973615,1.01,0.960302,1
4-Jun-16,0.940914,0.991519,0.940438,0.974353
3-Jun-16,0.926588,0.958702,0.924081,0.945202
2-Jun-16,0.913437,0.933852,0.907306,0.92668
1-Jun-16,0.934166,0.950454,0.873635,0.914871
31-May-16,0.909725,0.969137,0.901513,0.928747
30-May-16,0.880528,0.919046,0.876059,0.910537
29-May-16,0.928311,0.956759,0.856513,0.881719
28-May-16,0.861864,0.921455,0.846382,0.919737
27-May-16,0.860189,0.874443,0.830595,0.859091
26-May-16,0.865867,0.90906,0.842439,0.860175
25-May-16,0.899239,0.918087,0.864997,0.865887
24-May-16,0.914471,0.992032,0.901127,0.901127
23-May-16,0.938519,0.95966,0.904732,0.91473
22-May-16,0.975337,0.985725,0.920184,0.938764
21-May-16,0.940434,1,0.934302,0.975433
20-May-16,0.858781,0.986409,0.852128,0.942222
19-May-16,0.840467,0.868031,0.828803,0.853595
18-May-16,0.813099,0.878206,0.800627,0.840542
17-May-16,0.818318,0.854,0.806392,0.813343
16-May-16,0.826412,0.850339,0.806073,0.818356
15-May-16,0.838644,0.856903,0.80674,0.823823
14-May-16,0.847938,0.859677,0.824663,0.838895
13-May-16,0.875739,0.883328,0.841779,0.847763
12-May-16,0.859854,0.887074,0.844275,0.875668
11-May-16,0.828834,0.869361,0.82739,0.85971
10-May-16,0.825951,0.875618,0.812145,0.829463
9-May-16,0.848722,0.867028,0.814215,0.825393
8-May-16,0.880503,0.897977,0.835346,0.850586
7-May-16,0.877036,0.884583,0.832369,0.880058
6-May-16,0.906994,0.91905,0.868383,0.877466
5-May-16,0.916448,0.922198,0.87948,0.906841
4-May-16,0.91748,0.950575,0.899844,0.916455
3-May-16,0.963722,0.977479,0.908237,0.908237
2-May-16,0.911209,1,0.895719,0.964395
1-May-16,0.916798,0.945897,0.894976,0.914293
30-Apr-16,0.883464,0.970719,0.883464,0.916537
29-Apr-16,0.904687,0.934122,0.872672,0.883684
28-Apr-16,0.943459,0.953414,0.882325,0.904794
27-Apr-16,0.894009,0.97624,0.860762,0.941531
26-Apr-16,0.962278,0.995101,0.84477,0.884295
25-Apr-16,1.02,1.04,0.942687,0.953362
24-Apr-16,1.03,1.04,0.987257,1.01
23-Apr-16,0.977764,1.05,0.977764,1.04
22-Apr-16,0.96843,1.01,0.951049,0.980429
21-Apr-16,1.06,1.07,0.946187,0.977233
20-Apr-16,1.11,1.12,1,1.06
19-Apr-16,1.11,1.16,1.1,1.11
18-Apr-16,1.04,1.12,1.02,1.11
17-Apr-16,0.978342,1.08,0.969814,1.04
16-Apr-16,0.990496,0.997399,0.94743,0.977983
15-Apr-16,1.01,1.02,0.954306,0.990145
14-Apr-16,1.03,1.06,0.976168,1.01
13-Apr-16,0.944542,1.07,0.922155,1.03
12-Apr-16,1.02,1.03,0.875678,0.955986
11-Apr-16,1.12,1.13,0.986046,1.02
10-Apr-16,1.14,1.17,0.921744,1.1
9-Apr-16,1.26,1.37,1.13,1.13
8-Apr-16,1.51,1.54,1.14,1.24
7-Apr-16,1.51,1.57,1.5,1.5
6-Apr-16,1.52,1.57,1.46,1.51
5-Apr-16,1.58,1.58,1.45,1.52
4-Apr-16,1.55,1.6,1.5,1.6
3-Apr-16,1.53,1.58,1.48,1.54
2-Apr-16,1.46,1.57,1.46,1.55
1-Apr-16,1.41,1.48,1.41,1.46
31-Mar-16,1.44,1.46,1.39,1.4
30-Mar-16,1.48,1.52,1.41,1.45
29-Mar-16,1.49,1.53,1.46,1.49
28-Mar-16,1.53,1.56,1.4,1.49
27-Mar-16,1.69,1.72,1.43,1.53
26-Mar-16,1.6,1.73,1.58,1.7
25-Mar-16,1.69,1.75,1.58,1.6
24-Mar-16,1.45,1.73,1.39,1.7
23-Mar-16,1.35,1.46,1.34,1.45
22-Mar-16,1.48,1.53,1.34,1.39
21-Mar-16,1.52,1.54,1.36,1.49
20-Mar-16,1.2,1.53,1.2,1.52
19-Mar-16,1.15,1.26,1.13,1.21
18-Mar-16,1.31,1.33,1.11,1.15
17-Mar-16,1.15,1.34,1.05,1.3
16-Mar-16,1.14,1.2,1.12,1.15
15-Mar-16,1.12,1.18,1.1,1.14
14-Mar-16,1.24,1.24,1.11,1.12
13-Mar-16,1.15,1.25,1.13,1.24
12-Mar-16,1.1,1.19,1.06,1.15
11-Mar-16,1.1,1.14,1.08,1.1
10-Mar-16,1.25,1.31,1.07,1.09
9-Mar-16,1.19,1.32,1.1,1.24
8-Mar-16,1.08,1.19,1.02,1.19
7-Mar-16,1.21,1.22,0.99992,1.07
6-Mar-16,1.2,1.26,1.05,1.2
5-Mar-16,1.1,1.37,1.1,1.2
4-Mar-16,1.09,1.25,1.04,1.1
3-Mar-16,0.823845,1.14,0.81797,1.09
2-Mar-16,0.846396,0.869524,0.820669,0.827633
1-Mar-16,0.870027,0.889621,0.819532,0.847996
29-Feb-16,0.870271,0.890505,0.848024,0.870503
28-Feb-16,0.828838,0.888928,0.803117,0.870485
27-Feb-16,0.820387,0.859694,0.806601,0.8297
26-Feb-16,0.806193,0.824461,0.791316,0.813595
25-Feb-16,0.806463,0.887144,0.784579,0.806427
24-Feb-16,0.757318,0.801767,0.74625,0.801251
23-Feb-16,0.780228,0.794417,0.733614,0.756528
22-Feb-16,0.77964,0.826471,0.757781,0.77803
21-Feb-16,0.822279,0.831479,0.739073,0.782148
20-Feb-16,0.828511,0.883552,0.788912,0.824465
19-Feb-16,0.774915,0.85219,0.731723,0.819088
18-Feb-16,0.732115,0.793629,0.693414,0.774533
17-Feb-16,0.952018,0.954261,0.711905,0.733156
16-Feb-16,0.791869,1,0.770798,0.935744
15-Feb-16,0.826702,0.851612,0.738173,0.791647
14-Feb-16,0.805152,0.852597,0.680174,0.846403
13-Feb-16,0.60533,0.903807,0.603464,0.804311
12-Feb-16,0.517753,0.617738,0.510167,0.612499
11-Feb-16,0.479195,0.595656,0.477212,0.516381
10-Feb-16,0.464797,0.483992,0.456572,0.480424
9-Feb-16,0.481638,0.484413,0.463913,0.46485
8-Feb-16,0.478246,0.502676,0.478246,0.481636
7-Feb-16,0.484194,0.504286,0.471624,0.479407
6-Feb-16,0.49366,0.494883,0.469674,0.480421
5-Feb-16,0.506717,0.513125,0.484886,0.496352
4-Feb-16,0.494891,0.518876,0.491945,0.507164
3-Feb-16,0.501236,0.50154,0.486799,0.491974
2-Feb-16,0.503276,0.507891,0.491114,0.501037
1-Feb-16,0.486532,0.508789,0.483038,0.497962
31-Jan-16,0.511871,0.518856,0.482378,0.483429
30-Jan-16,0.516054,0.522529,0.487912,0.511528
29-Jan-16,0.564969,0.564969,0.484859,0.51825
28-Jan-16,0.610622,0.627402,0.559235,0.563129
27-Jan-16,0.584655,0.622019,0.565625,0.61087
26-Jan-16,0.582868,0.644975,0.573788,0.584982
25-Jan-16,0.626776,0.626776,0.563546,0.581354
24-Jan-16,0.616407,0.651889,0.590431,0.62205
23-Jan-16,0.536673,0.649985,0.515369,0.61602
22-Jan-16,0.551754,0.55505,0.511548,0.536995
21-Jan-16,0.531672,0.57239,0.519337,0.549362
20-Jan-16,0.543377,0.572267,0.515125,0.535095
19-Jan-16,0.505234,0.547589,0.499941,0.545904
18-Jan-16,0.447013,0.508079,0.444039,0.502346
17-Jan-16,0.499139,0.50904,0.435545,0.450774
16-Jan-16,0.426969,0.501106,0.426614,0.496668
15-Jan-16,0.485673,0.489764,0.428456,0.428456
14-Jan-16,0.485144,0.496792,0.473786,0.486483
13-Jan-16,0.485822,0.489039,0.456484,0.484302
12-Jan-16,0.481367,0.508041,0.470785,0.490113
11-Jan-16,0.491365,0.497664,0.47599,0.482049
10-Jan-16,0.489759,0.523419,0.477837,0.488578
9-Jan-16,0.485166,0.51337,0.485019,0.490135
8-Jan-16,0.490154,0.505359,0.484898,0.488417
7-Jan-16,0.503148,0.519682,0.478614,0.492529
6-Jan-16,0.49922,0.516756,0.49552,0.505053
5-Jan-16,0.517417,0.542459,0.494788,0.499272
4-Jan-16,0.506154,0.528551,0.498989,0.517388
3-Jan-16,0.532842,0.540589,0.490855,0.500312
2-Jan-16,0.498302,0.564373,0.498302,0.532668
1-Jan-16,0.470707,0.556793,0.465202,0.497867
31-Dec-15,0.441443,0.473527,0.438939,0.470402
30-Dec-15,0.456351,0.471401,0.437645,0.441028
29-Dec-15,0.446724,0.470286,0.441525,0.45616
28-Dec-15,0.452179,0.45989,0.443942,0.446928
27-Dec-15,0.448906,0.4664,0.440986,0.451554
26-Dec-15,0.488908,0.494685,0.436318,0.446716
25-Dec-15,0.489532,0.496537,0.482095,0.484163
24-Dec-15,0.480936,0.493704,0.474434,0.490058
23-Dec-15,0.478893,0.499558,0.467131,0.482244
22-Dec-15,0.488346,0.507606,0.457085,0.480099
21-Dec-15,0.505214,0.515024,0.450852,0.488745
20-Dec-15,0.472986,0.5145,0.453287,0.507456
19-Dec-15,0.499377,0.500674,0.469805,0.471013
18-Dec-15,0.500976,0.510883,0.491797,0.499438
17-Dec-15,0.51908,0.532793,0.495784,0.501231
16-Dec-15,0.555805,0.556907,0.515,0.518993
15-Dec-15,0.536327,0.561471,0.52132,0.556358
14-Dec-15,0.474014,0.564516,0.463613,0.534761
13-Dec-15,0.455545,0.469722,0.445625,0.465171
12-Dec-15,0.459582,0.481152,0.424192,0.455326
11-Dec-15,0.430741,0.465265,0.430741,0.458294
10-Dec-15,0.450669,0.456122,0.416312,0.431434
9-Dec-15,0.43195,0.465338,0.425805,0.452073
8-Dec-15,0.421141,0.433819,0.395307,0.42936
7-Dec-15,0.428331,0.448007,0.413978,0.421295
6-Dec-15,0.441376,0.472206,0.423569,0.439947
5-Dec-15,0.371867,0.461083,0.367797,0.451304
4-Dec-15,0.370545,0.385908,0.361464,0.370805
3-Dec-15,0.368825,0.389666,0.362636,0.366891
2-Dec-15,0.376133,0.387212,0.360591,0.368688
1-Dec-15,0.393141,0.414991,0.363408,0.376028
30-Nov-15,0.401331,0.428038,0.374931,0.395225
29-Nov-15,0.392537,0.407767,0.383381,0.401147
28-Nov-15,0.385953,0.396764,0.379471,0.39204
27-Nov-15,0.401079,0.410845,0.370903,0.386268
26-Nov-15,0.387136,0.421036,0.375184,0.404663
25-Nov-15,0.391612,0.394932,0.371908,0.387684
24-Nov-15,0.390972,0.398646,0.374851,0.390148
23-Nov-15,0.396207,0.396207,0.377029,0.391113
22-Nov-15,0.391161,0.396945,0.378655,0.395824
21-Nov-15,0.390449,0.408989,0.375678,0.391906
20-Nov-15,0.403695,0.406138,0.379315,0.389316
19-Nov-15,0.415762,0.420251,0.395156,0.407052
18-Nov-15,0.43235,0.433141,0.408752,0.415567
17-Nov-15,0.436079,0.448905,0.421571,0.428999
16-Nov-15,0.430657,0.44098,0.414873,0.435954
15-Nov-15,0.425155,0.438183,0.406889,0.43081
14-Nov-15,0.449764,0.457954,0.41886,0.424853
13-Nov-15,0.442413,0.466205,0.420078,0.452619
12-Nov-15,0.450587,0.464221,0.412313,0.443275
11-Nov-15,0.457574,0.464213,0.41136,0.450299
10-Nov-15,0.471436,0.503834,0.448403,0.460954
9-Nov-15,0.49906,0.503041,0.463946,0.472776
8-Nov-15,0.452099,0.559047,0.440685,0.497654
7-Nov-15,0.439904,0.462344,0.43536,0.452638
6-Nov-15,0.434111,0.460322,0.400474,0.439195
5-Nov-15,0.502058,0.512523,0.42448,0.43253
4-Nov-15,0.446854,0.577542,0.442558,0.505869
3-Nov-15,0.443038,0.473188,0.418063,0.442707
2-Nov-15,0.4232,0.445866,0.408869,0.442886
1-Nov-15,0.402422,0.434974,0.402422,0.423505
31-Oct-15,0.452474,0.459883,0.397492,0.404538
30-Oct-15,0.447587,0.476094,0.389679,0.456442
29-Oct-15,0.447411,0.461054,0.421973,0.447103
28-Oct-15,0.41077,0.449257,0.401033,0.448829
27-Oct-15,0.390942,0.412288,0.383613,0.409574
26-Oct-15,0.407862,0.409649,0.377313,0.38796
25-Oct-15,0.39566,0.424338,0.385677,0.407067
24-Oct-15,0.391922,0.398093,0.380405,0.395808
23-Oct-15,0.403452,0.405415,0.390979,0.393922
22-Oct-15,0.394789,0.403582,0.384388,0.403236
21-Oct-15,0.400869,0.400869,0.38196,0.394597
20-Oct-15,0.397011,0.400255,0.376777,0.399646
19-Oct-15,0.409815,0.414749,0.383501,0.403212
18-Oct-15,0.426104,0.427756,0.406558,0.409797
17-Oct-15,0.4123,0.436358,0.410916,0.426942
16-Oct-15,0.393517,0.41184,0.379642,0.411511
15-Oct-15,0.383465,0.403249,0.382849,0.390841
14-Oct-15,0.388551,0.396034,0.382399,0.384266
13-Oct-15,0.39651,0.39651,0.382108,0.388015
12-Oct-15,0.38035,0.402801,0.379191,0.395317
11-Oct-15,0.387736,0.39602,0.37698,0.380724
10-Oct-15,0.394552,0.394552,0.384232,0.387789
9-Oct-15,0.389521,0.40061,0.379771,0.397329
8-Oct-15,0.39337,0.410677,0.387575,0.387872
7-Oct-15,0.410812,0.417501,0.392512,0.393186
6-Oct-15,0.415127,0.426898,0.40763,0.411378
5-Oct-15,0.400232,0.428543,0.382255,0.416151
4-Oct-15,0.40975,0.410795,0.399259,0.400312
3-Oct-15,0.409377,0.416073,0.404727,0.409928
2-Oct-15,0.405273,0.41498,0.394695,0.409897
1-Oct-15,0.401044,0.429373,0.394394,0.404696
30-Sep-15,0.437495,0.437785,0.350445,0.399882
29-Sep-15,0.449097,0.450184,0.430411,0.435817
28-Sep-15,0.440906,0.454246,0.436447,0.448998
27-Sep-15,0.44504,0.451799,0.436453,0.43771
26-Sep-15,0.453607,0.468061,0.441743,0.445105
25-Sep-15,0.470271,0.476337,0.442823,0.451515
24-Sep-15,0.464555,0.470385,0.456599,0.468678
23-Sep-15,0.467306,0.476228,0.452022,0.464606
22-Sep-15,0.481006,0.481633,0.45921,0.471829
21-Sep-15,0.488108,0.493709,0.478568,0.480452
20-Sep-15,0.498473,0.502246,0.479377,0.485971
19-Sep-15,0.498444,0.503089,0.491181,0.496418
18-Sep-15,0.49487,0.50458,0.482009,0.50044
17-Sep-15,0.510042,0.521257,0.478933,0.494782
16-Sep-15,0.502213,0.510922,0.478238,0.509974
15-Sep-15,0.483566,0.569801,0.478813,0.502379
14-Sep-15,0.458575,0.506924,0.45198,0.482289
13-Sep-15,0.464892,0.476977,0.451275,0.462865
12-Sep-15,0.495145,0.495145,0.459555,0.465473
11-Sep-15,0.497159,0.506059,0.489671,0.495325
10-Sep-15,0.506263,0.517275,0.492157,0.497247
9-Sep-15,0.517122,0.53213,0.495952,0.506011
8-Sep-15,0.498696,0.519969,0.496269,0.517402
7-Sep-15,0.505125,0.508743,0.491372,0.499452
6-Sep-15,0.481595,0.507062,0.47895,0.505111
5-Sep-15,0.470903,0.482948,0.465358,0.481594
4-Sep-15,0.459605,0.47442,0.455117,0.467874
3-Sep-15,0.468598,0.474624,0.458676,0.45929
2-Sep-15,0.457513,0.472726,0.45346,0.468083
1-Sep-15,0.467261,0.470225,0.455776,0.458517
31-Aug-15,0.465863,0.480005,0.456943,0.467238
30-Aug-15,0.476522,0.481059,0.455379,0.459009
29-Aug-15,0.476754,0.487442,0.4629,0.47655
28-Aug-15,0.465286,0.489536,0.450725,0.481627
27-Aug-15,0.495994,0.499538,0.459141,0.465475
26-Aug-15,0.490084,0.519656,0.482042,0.496679
25-Aug-15,0.433043,0.495155,0.413889,0.490286
24-Aug-15,0.542486,0.553264,0.433056,0.434871
23-Aug-15,0.552861,0.556044,0.512382,0.544585
22-Aug-15,0.567801,0.57331,0.53686,0.553084
21-Aug-15,0.59862,0.613015,0.566985,0.568307
20-Aug-15,0.541129,0.617613,0.535015,0.597797
19-Aug-15,0.488089,0.545772,0.488089,0.534101
18-Aug-15,0.610303,0.620896,0.493284,0.493284
17-Aug-15,0.619902,0.626488,0.586213,0.610122
16-Aug-15,0.613368,0.674721,0.611529,0.620167
15-Aug-15,0.611454,0.634827,0.605944,0.613236
14-Aug-15,0.575992,0.614718,0.555077,0.609906
13-Aug-15,0.615626,0.634651,0.564244,0.575855
12-Aug-15,0.603783,0.651037,0.602168,0.622923
11-Aug-15,0.656747,0.657478,0.599139,0.603582
10-Aug-15,0.686737,0.698476,0.656262,0.656576
9-Aug-15,0.676069,0.696012,0.633,0.674739
8-Aug-15,0.742898,0.744513,0.675775,0.676046
7-Aug-15,0.728998,0.750604,0.679179,0.742292
6-Aug-15,0.615411,0.74654,0.615411,0.729102
5-Aug-15,0.61745,0.622628,0.597039,0.618616
4-Aug-15,0.595026,0.620082,0.58555,0.618406
3-Aug-15,0.62588,0.62644,0.594341,0.595818
2-Aug-15,0.588595,0.624904,0.571623,0.624904
1-Aug-15,0.574428,0.591867,0.560702,0.588741
31-Jul-15,0.58295,0.583462,0.564961,0.574956
30-Jul-15,0.58992,0.58992,0.571276,0.583228
29-Jul-15,0.61613,0.616264,0.585366,0.589967
28-Jul-15,0.596008,0.617435,0.588746,0.615015
27-Jul-15,0.580721,0.61129,0.576175,0.59605
26-Jul-15,0.569399,0.602531,0.555629,0.584723
25-Jul-15,0.575943,0.585839,0.562108,0.566003
24-Jul-15,0.566469,0.58414,0.560192,0.576016
23-Jul-15,0.573298,0.588953,0.558372,0.570335
22-Jul-15,0.586897,0.590094,0.55477,0.57342
21-Jul-15,0.549014,0.597732,0.546039,0.587578
20-Jul-15,0.538906,0.547709,0.529836,0.547709
19-Jul-15,0.528092,0.542489,0.51608,0.537989
18-Jul-15,0.535249,0.546805,0.51635,0.523595
17-Jul-15,0.536343,0.537956,0.507398,0.535182
16-Jul-15,0.541435,0.558581,0.514705,0.536325
15-Jul-15,0.562987,0.577868,0.540471,0.541855
14-Jul-15,0.571649,0.581572,0.550451,0.570033
13-Jul-15,0.631493,0.635161,0.545211,0.572132
12-Jul-15,0.539135,0.64576,0.539135,0.628094
11-Jul-15,0.520567,0.548013,0.517228,0.539175
10-Jul-15,0.4863,0.555355,0.484886,0.520876
9-Jul-15,0.514289,0.516238,0.482391,0.497226
8-Jul-15,0.51141,0.523209,0.501646,0.51399
7-Jul-15,0.507229,0.51346,0.494695,0.512376
6-Jul-15,0.522178,0.524661,0.497707,0.505507
5-Jul-15,0.506999,0.528074,0.499398,0.521969
4-Jul-15,0.492272,0.508582,0.487245,0.507361
3-Jul-15,0.492674,0.49911,0.483622,0.491196
2-Jul-15,0.498977,0.506656,0.473017,0.492605
1-Jul-15,0.499344,0.507624,0.485761,0.498848
30-Jun-15,0.493517,0.507952,0.48222,0.500266
29-Jun-15,0.469706,0.506616,0.454029,0.493447
28-Jun-15,0.489918,0.496296,0.446696,0.470636
27-Jun-15,0.483322,0.503799,0.475463,0.491951
26-Jun-15,0.503591,0.503591,0.477839,0.484247
25-Jun-15,0.509393,0.517542,0.497704,0.503678
24-Jun-15,0.526948,0.531123,0.502254,0.506506
23-Jun-15,0.540583,0.54128,0.518084,0.526921
22-Jun-15,0.526186,0.540942,0.519536,0.540599
21-Jun-15,0.537554,0.542974,0.520188,0.523274
20-Jun-15,0.514188,0.546906,0.503838,0.53798
19-Jun-15,0.503972,0.539115,0.495827,0.511796
18-Jun-15,0.502986,0.506237,0.48855,0.50388
17-Jun-15,0.507717,0.523661,0.493578,0.50334
16-Jun-15,0.505134,0.515859,0.489906,0.506086
15-Jun-15,0.495178,0.51544,0.493206,0.508224
14-Jun-15,0.487891,0.496882,0.474605,0.49497
13-Jun-15,0.470766,0.489714,0.459585,0.489472
12-Jun-15,0.461866,0.496143,0.456475,0.470966
11-Jun-15,0.479596,0.491135,0.458411,0.462852
10-Jun-15,0.493943,0.497465,0.473942,0.479738
9-Jun-15,0.543491,0.548059,0.452515,0.495991
8-Jun-15,0.515774,0.552648,0.504766,0.542956
7-Jun-15,0.526472,0.534333,0.495418,0.517933
6-Jun-15,0.504834,0.531513,0.494784,0.526428
5-Jun-15,0.476499,0.505126,0.469603,0.498892
4-Jun-15,0.453636,0.484314,0.451858,0.476494
3-Jun-15,0.454506,0.468198,0.452353,0.453476
2-Jun-15,0.454769,0.465194,0.443201,0.455539
1-Jun-15,0.451224,0.467436,0.44699,0.451619
31-May-15,0.446073,0.482621,0.442069,0.450889
30-May-15,0.441193,0.447659,0.429383,0.445107
29-May-15,0.444393,0.460195,0.439708,0.439872
28-May-15,0.425935,0.453363,0.421284,0.443637
27-May-15,0.448145,0.448145,0.415162,0.421971
26-May-15,0.46367,0.47053,0.434143,0.446883
25-May-15,0.479449,0.483379,0.46172,0.463606
24-May-15,0.470752,0.483848,0.467902,0.479603
23-May-15,0.45893,0.491955,0.458416,0.470987
22-May-15,0.467157,0.477355,0.421431,0.460764
21-May-15,0.512711,0.535783,0.440916,0.462956
20-May-15,0.51494,0.552889,0.492917,0.492917
19-May-15,0.534982,0.550374,0.495834,0.51466
18-May-15,0.558933,0.597701,0.517159,0.535773
17-May-15,0.597889,0.624824,0.546362,0.557216
16-May-15,0.546561,0.623946,0.534678,0.595673
15-May-15,0.495878,0.569368,0.495756,0.544965
14-May-15,0.4829,0.511704,0.475443,0.495548
13-May-15,0.476743,0.523206,0.475371,0.483207
12-May-15,0.513022,0.515426,0.477435,0.477612
11-May-15,0.561128,0.56721,0.495461,0.511342
10-May-15,0.51507,0.574016,0.498172,0.565103
9-May-15,0.4911,0.537699,0.479652,0.513693
8-May-15,0.474257,0.499916,0.471741,0.490568
7-May-15,0.458921,0.486493,0.455222,0.473934
6-May-15,0.471263,0.480915,0.445022,0.458257
5-May-15,0.468268,0.482659,0.447593,0.471166
4-May-15,0.498803,0.503922,0.467321,0.467889
3-May-15,0.495055,0.513322,0.491903,0.499079
2-May-15,0.500167,0.509485,0.484577,0.497577
1-May-15,0.502925,0.52752,0.492795,0.499998
30-Apr-15,0.49244,0.52662,0.462531,0.501179
29-Apr-15,0.484513,0.502058,0.447521,0.491526
28-Apr-15,0.566098,0.572987,0.445988,0.47931
27-Apr-15,0.556476,0.573146,0.529841,0.566088
26-Apr-15,0.563681,0.567488,0.531613,0.556385
25-Apr-15,0.572382,0.585438,0.514305,0.56474
24-Apr-15,0.596757,0.60509,0.56803,0.569937
23-Apr-15,0.57687,0.614022,0.556235,0.603233
22-Apr-15,0.631823,0.633604,0.575792,0.576331