4/30/2019,0.283383,0.302634,0.281658,0.300978
4/29/2019,0.287385,0.288351,0.280209,0.283383
4/28/2019,0.289248,0.290835,0.284625,0.287385
4/27/2019,0.290973,0.293043,0.28635,0.289248
4/26/2019,0.283935,0.290973,0.280209,0.290973
4/25/2019,0.2967,0.303393,0.278829,0.283935
4/24/2019,0.31395,0.317124,0.290283,0.2967
4/23/2019,0.31464,0.320229,0.313467,0.31395
4/22/2019,0.31326,0.323127,0.3105,0.31464
4/21/2019,0.317124,0.320781,0.309051,0.31326
4/20/2019,0.32085,0.323955,0.314226,0.317124
4/19/2019,0.326508,0.326508,0.31878,0.32085
4/18/2019,0.32361,0.335478,0.323472,0.326508
4/17/2019,0.317193,0.329544,0.310155,0.32361
4/16/2019,0.309396,0.317193,0.305463,0.317193
4/15/2019,0.318504,0.322023,0.30429,0.309396
4/14/2019,0.315744,0.31947,0.313605,0.318504
4/13/2019,0.316227,0.326715,0.314157,0.315744
4/12/2019,0.32085,0.321678,0.3105,0.316227
4/11/2019,0.34086,0.343068,0.31395,0.32085
4/10/2019,0.339825,0.347967,0.338169,0.34086
4/9/2019,0.350244,0.350244,0.33741,0.339825
4/8/2019,0.34914,0.3588,0.341964,0.350244
4/7/2019,0.342723,0.354936,0.340446,0.34914
4/6/2019,0.351417,0.352176,0.33741,0.342723
4/5/2019,0.321264,0.364113,0.320367,0.351417
4/4/2019,0.333063,0.3381,0.314709,0.321264
4/3/2019,0.340032,0.3588,0.320505,0.333063
4/2/2019,0.3036,0.345,0.301806,0.340032
4/1/2019,0.298425,0.30429,0.298011,0.3036
3/31/2019,0.30222,0.303462,0.29739,0.298425
3/30/2019,0.299874,0.309189,0.298149,0.30222
3/29/2019,0.296355,0.301323,0.296079,0.299874
3/28/2019,0.301116,0.301116,0.294837,0.296355
3/27/2019,0.290628,0.301116,0.290628,0.301116
3/26/2019,0.292215,0.294423,0.284901,0.290628
3/25/2019,0.299184,0.299184,0.291249,0.292215
3/24/2019,0.301461,0.301875,0.297252,0.299184
3/23/2019,0.30291,0.3036,0.300426,0.301461
3/22/2019,0.303255,0.303255,0.29739,0.30291
3/21/2019,0.307395,0.309258,0.296217,0.303255
3/20/2019,0.307464,0.3105,0.303186,0.307395
3/19/2019,0.30567,0.307464,0.302979,0.307464
3/18/2019,0.306498,0.310293,0.303048,0.30567
3/17/2019,0.309948,0.309948,0.30567,0.306498
3/16/2019,0.305946,0.312018,0.304428,0.309948
3/15/2019,0.304635,0.306774,0.30153,0.305946
3/14/2019,0.305325,0.307395,0.300288,0.304635
3/13/2019,0.301599,0.315882,0.300495,0.305325
3/12/2019,0.302841,0.304014,0.298218,0.301599
3/11/2019,0.306498,0.306567,0.300978,0.302841
3/10/2019,0.304635,0.307809,0.301668,0.306498
3/9/2019,0.301875,0.311328,0.299874,0.304635
3/8/2019,0.30636,0.309051,0.29808,0.301875
3/7/2019,0.308775,0.312018,0.30567,0.30636
3/6/2019,0.306981,0.312777,0.303945,0.308775
3/5/2019,0.295458,0.310362,0.293526,0.306981
3/4/2019,0.300909,0.303669,0.291939,0.295458
3/3/2019,0.30705,0.307257,0.30015,0.300909
3/2/2019,0.30705,0.310224,0.303048,0.30705
3/1/2019,0.306567,0.31395,0.300357,0.30705
2/28/2019,0.299874,0.308085,0.298563,0.306567
2/27/2019,0.302772,0.30705,0.29118,0.299874
2/26/2019,0.316503,0.322989,0.301461,0.302772
2/25/2019,0.28704,0.326784,0.286557,0.316503
2/24/2019,0.319953,0.330441,0.28704,0.28704
2/23/2019,0.310569,0.322092,0.30567,0.319953
2/22/2019,0.307533,0.311673,0.303669,0.310569
2/21/2019,0.3174,0.32085,0.304359,0.307533
2/20/2019,0.310224,0.320712,0.304428,0.3174
2/19/2019,0.309948,0.333063,0.30774,0.310224
2/18/2019,0.29118,0.314709,0.289317,0.309948
2/17/2019,0.288489,0.294147,0.286557,0.29118
2/16/2019,0.290076,0.291318,0.287247,0.288489
2/15/2019,0.291525,0.294423,0.286419,0.290076
2/14/2019,0.29394,0.295803,0.2898,0.291525
2/13/2019,0.291594,0.298701,0.289317,0.29394
2/12/2019,0.292905,0.295941,0.287661,0.291594
2/11/2019,0.297528,0.29808,0.2898,0.292905
2/10/2019,0.29946,0.30015,0.287937,0.297528
2/9/2019,0.300426,0.30153,0.29532,0.29946
2/8/2019,0.280899,0.30705,0.280692,0.300426
2/7/2019,0.278967,0.284211,0.278553,0.280899
2/6/2019,0.281589,0.283176,0.276,0.278967
2/5/2019,0.283521,0.28566,0.27945,0.281589
2/4/2019,0.286143,0.289317,0.282279,0.283521
2/3/2019,0.29394,0.29463,0.281244,0.286143
2/2/2019,0.289938,0.2967,0.286626,0.29394
2/1/2019,0.292698,0.293181,0.281451,0.289938
1/31/2019,0.301875,0.3174,0.286419,0.292698
1/30/2019,0.276621,0.3105,0.274275,0.301875
1/29/2019,0.2829,0.284211,0.27117,0.276621
1/28/2019,0.29325,0.29463,0.271998,0.2829
1/27/2019,0.300702,0.301392,0.292284,0.29325
1/26/2019,0.302151,0.305187,0.298908,0.300702
1/25/2019,0.307809,0.30912,0.299667,0.302151
1/24/2019,0.305601,0.309258,0.30291,0.307809
1/23/2019,0.30774,0.310293,0.30291,0.305601
1/22/2019,0.307119,0.310569,0.29946,0.30774
1/21/2019,0.306912,0.310776,0.302703,0.307119
1/20/2019,0.317055,0.318021,0.300771,0.306912
1/19/2019,0.30912,0.324093,0.309051,0.317055
1/18/2019,0.313881,0.315951,0.307947,0.30912
1/17/2019,0.315882,0.317055,0.3105,0.313881
1/16/2019,0.310155,0.320505,0.309672,0.315882
1/15/2019,0.320643,0.32223,0.307878,0.310155
1/14/2019,0.301875,0.3243,0.301875,0.320643
1/13/2019,0.315261,0.324231,0.300633,0.301875
1/12/2019,0.31533,0.319884,0.312363,0.315261
1/11/2019,0.317469,0.324231,0.3105,0.31533
1/10/2019,0.35535,0.368805,0.31119,0.317469
1/9/2019,0.352728,0.358041,0.349761,0.35535
1/8/2019,0.349899,0.357903,0.345414,0.352728
1/7/2019,0.353211,0.371289,0.349347,0.349899
1/6/2019,0.34155,0.35673,0.339618,0.353211
1/5/2019,0.346242,0.353349,0.338583,0.34155
1/4/2019,0.350796,0.357489,0.340239,0.346242
1/3/2019,0.373221,0.373221,0.348105,0.350796
1/2/2019,0.357075,0.3795,0.349554,0.373221
1/1/2019,0.344793,0.357075,0.338583,0.357075
12/31/2018,0.359697,0.363216,0.34086,0.344793
12/30/2018,0.3519,0.364044,0.34845,0.359697
12/29/2018,0.36639,0.3726,0.34914,0.3519
12/28/2018,0.3312,0.3726,0.327405,0.36639
12/27/2018,0.367977,0.368391,0.323679,0.3312
12/26/2018,0.371841,0.385779,0.351279,0.367977
12/25/2018,0.39675,0.399648,0.356385,0.371841
12/24/2018,0.361077,0.441324,0.36087,0.39675
12/23/2018,0.354798,0.373911,0.35121,0.361077
12/22/2018,0.351141,0.35535,0.340032,0.354798
12/21/2018,0.365631,0.372117,0.344517,0.351141
12/20/2018,0.3381,0.377292,0.329958,0.365631
12/19/2018,0.338031,0.37743,0.332166,0.3381
12/18/2018,0.315468,0.338031,0.310569,0.338031
12/17/2018,0.272757,0.32706,0.272688,0.315468
12/16/2018,0.271101,0.28221,0.271032,0.272757
12/15/2018,0.276207,0.278277,0.26841,0.271101
12/14/2018,0.285522,0.286488,0.27117,0.276207
12/13/2018,0.2898,0.292422,0.28152,0.285522
12/12/2018,0.28566,0.295458,0.283107,0.2898
12/11/2018,0.287799,0.295665,0.281727,0.28566
12/10/2018,0.296838,0.299046,0.283245,0.287799
12/9/2018,0.288075,0.301323,0.285591,0.296838
12/8/2018,0.28842,0.306015,0.279795,0.288075
12/7/2018,0.290697,0.2967,0.277035,0.28842
12/6/2018,0.318435,0.328026,0.290007,0.290697
12/5/2018,0.328923,0.330924,0.318435,0.318435
12/4/2018,0.32568,0.335823,0.3174,0.328923
12/3/2018,0.34086,0.343275,0.323265,0.32568
12/2/2018,0.349692,0.35535,0.339342,0.34086
12/1/2018,0.34017,0.355074,0.332442,0.349692
11/30/2018,0.354798,0.36225,0.333339,0.34017
11/29/2018,0.36915,0.371082,0.348795,0.354798
11/28/2018,0.342447,0.379293,0.341067,0.36915
11/27/2018,0.334581,0.350037,0.322713,0.342447
11/26/2018,0.352728,0.371151,0.322161,0.334581
11/25/2018,0.34845,0.361905,0.30015,0.352728
11/24/2018,0.384606,0.392955,0.341343,0.34845
11/23/2018,0.397509,0.402684,0.370461,0.384606
11/22/2018,0.422073,0.424005,0.396198,0.397509
11/21/2018,0.4071,0.434424,0.38778,0.422073
11/20/2018,0.43746,0.461472,0.380259,0.4071
11/19/2018,0.4761,0.477273,0.435666,0.43746
11/18/2018,0.454986,0.487278,0.454986,0.4761
11/17/2018,0.441738,0.46506,0.438495,0.454986
11/16/2018,0.45747,0.4623,0.43884,0.441738
11/15/2018,0.446154,0.461541,0.40503,0.45747
11/14/2018,0.484587,0.48645,0.4002,0.446154
11/13/2018,0.495627,0.502113,0.48024,0.484587
11/12/2018,0.480516,0.503079,0.478446,0.495627
11/11/2018,0.481827,0.484656,0.471201,0.480516
11/10/2018,0.478446,0.488175,0.476721,0.481827
11/9/2018,0.46644,0.491625,0.46644,0.478446
11/8/2018,0.50715,0.511842,0.464922,0.46644
11/7/2018,0.524331,0.5244,0.497076,0.50715
11/6/2018,0.475134,0.53475,0.473271,0.524331
11/5/2018,0.446016,0.477549,0.440358,0.475134
11/4/2018,0.436563,0.451467,0.429111,0.446016
11/3/2018,0.439944,0.440013,0.434079,0.436563
11/2/2018,0.437115,0.4416,0.433251,0.439944
11/1/2018,0.436356,0.439323,0.428076,0.437115
10/31/2018,0.428835,0.439875,0.422763,0.436356
10/30/2018,0.429801,0.436218,0.427869,0.428835
10/29/2018,0.443877,0.447051,0.4209,0.429801
10/28/2018,0.4416,0.44712,0.439047,0.443877
10/27/2018,0.444222,0.445119,0.439254,0.4416
10/26/2018,0.44298,0.449328,0.441255,0.444222
10/25/2018,0.442014,0.4485,0.436356,0.44298
10/24/2018,0.445188,0.455193,0.439185,0.442014
10/23/2018,0.437874,0.459402,0.422142,0.445188
10/22/2018,0.439806,0.441945,0.431526,0.437874
10/21/2018,0.441393,0.446223,0.436494,0.439806
10/20/2018,0.43608,0.447327,0.4347,0.441393
10/19/2018,0.440427,0.444636,0.431526,0.43608
10/18/2018,0.448086,0.45816,0.428628,0.440427
10/17/2018,0.448017,0.4554,0.434424,0.448086
10/16/2018,0.425592,0.4485,0.421038,0.448017
10/15/2018,0.388746,0.448431,0.379914,0.425592
10/14/2018,0.405237,0.41262,0.384675,0.388746
10/13/2018,0.405582,0.412275,0.39882,0.405237
10/12/2018,0.367287,0.4278,0.360318,0.405582
10/11/2018,0.447051,0.448224,0.36363,0.367287
10/10/2018,0.4623,0.464784,0.445119,0.447051
10/9/2018,0.477273,0.479412,0.45885,0.4623
10/8/2018,0.4692,0.48645,0.466578,0.477273
10/7/2018,0.475548,0.476583,0.454296,0.4692
10/6/2018,0.506322,0.506736,0.458574,0.475548
10/5/2018,0.513291,0.515499,0.496317,0.506322
10/4/2018,0.509427,0.533301,0.50853,0.513291
10/3/2018,0.496731,0.516741,0.487071,0.509427
10/2/2018,0.553656,0.553656,0.494661,0.496731
10/1/2018,0.554277,0.576426,0.5106,0.553656
9/30/2018,0.542961,0.591951,0.536613,0.554277
9/29/2018,0.51819,0.569112,0.505632,0.542961
9/28/2018,0.517638,0.527436,0.4968,0.51819
9/27/2018,0.48645,0.531231,0.48645,0.517638
9/26/2018,0.50232,0.544134,0.4623,0.48645
9/25/2018,0.467061,0.524124,0.41607,0.50232
9/24/2018,0.534198,0.54717,0.45885,0.467061
9/23/2018,0.531438,0.555381,0.518397,0.534198
9/22/2018,0.52233,0.586431,0.4485,0.531438
9/21/2018,0.418071,0.7245,0.397302,0.52233
9/20/2018,0.312018,0.462921,0.303669,0.418071
9/19/2018,0.304566,0.319332,0.29739,0.312018
9/18/2018,0.261648,0.323541,0.260199,0.304566
9/17/2018,0.269652,0.273654,0.25875,0.261648
9/16/2018,0.269652,0.271653,0.265719,0.269652
9/15/2018,0.267375,0.273171,0.265581,0.269652
9/14/2018,0.267582,0.27324,0.260958,0.267375
9/13/2018,0.260061,0.272343,0.257163,0.267582
9/12/2018,0.253368,0.261648,0.24495,0.260061
9/11/2018,0.260475,0.267237,0.246675,0.253368
9/10/2018,0.266064,0.272136,0.254127,0.260475
9/9/2018,0.271584,0.281658,0.264408,0.266064
9/8/2018,0.280968,0.285522,0.264201,0.271584
9/7/2018,0.288006,0.29463,0.274965,0.280968
9/6/2018,0.267306,0.292353,0.25875,0.288006
9/5/2018,0.318642,0.322092,0.26565,0.267306
9/4/2018,0.319263,0.325749,0.316917,0.318642
9/3/2018,0.328095,0.328095,0.318228,0.319263
9/2/2018,0.3312,0.33327,0.32085,0.328095
9/1/2018,0.321816,0.336444,0.319677,0.3312
8/31/2018,0.315882,0.32499,0.312915,0.321816
8/30/2018,0.326163,0.328026,0.30705,0.315882
8/29/2018,0.330303,0.335409,0.321816,0.326163
8/28/2018,0.319401,0.334788,0.314916,0.330303
8/27/2018,0.306429,0.320298,0.302496,0.319401
8/26/2018,0.309672,0.3105,0.302427,0.306429
8/25/2018,0.308982,0.312915,0.303807,0.309672
8/24/2018,0.30981,0.312501,0.29877,0.308982
8/23/2018,0.301599,0.312432,0.300702,0.30981
8/22/2018,0.316848,0.3312,0.294285,0.301599
8/21/2018,0.299874,0.319194,0.2967,0.316848
8/20/2018,0.32568,0.334443,0.2967,0.299874
8/19/2018,0.312708,0.335685,0.301323,0.32568
8/18/2018,0.346035,0.352383,0.297045,0.312708
8/17/2018,0.278208,0.359145,0.278208,0.346035
8/16/2018,0.269859,0.289593,0.265995,0.278208
8/15/2018,0.260613,0.28842,0.260613,0.269859
8/14/2018,0.27048,0.276,0.245295,0.260613
8/13/2018,0.303531,0.303876,0.26979,0.27048
8/12/2018,0.29325,0.29325,0.29325,0.29325
8/11/2018,0.314571,0.314571,0.28635,0.29325
8/10/2018,0.33741,0.340377,0.3105,0.314571
8/9/2018,0.30705,0.345,0.30705,0.33741
8/8/2018,0.352866,0.352866,0.3036,0.30705
8/7/2018,0.38571,0.389229,0.348519,0.352866
8/6/2018,0.403926,0.408411,0.37881,0.38571
8/5/2018,0.400407,0.40848,0.4002,0.403926
8/4/2018,0.409032,0.414,0.400407,0.400407
8/3/2018,0.40503,0.416208,0.401925,0.409032
8/2/2018,0.416484,0.423867,0.40365,0.40503
8/1/2018,0.406065,0.430491,0.39675,0.416484
7/31/2018,0.41745,0.418278,0.400131,0.406065
7/30/2018,0.423453,0.425523,0.40779,0.41745
7/29/2018,0.424005,0.427041,0.419244,0.423453
7/28/2018,0.422832,0.427731,0.417588,0.424005
7/27/2018,0.42297,0.427593,0.414897,0.422832
7/26/2018,0.423315,0.434631,0.417795,0.42297
7/25/2018,0.427041,0.434424,0.418692,0.423315
7/24/2018,0.419313,0.437115,0.408549,0.427041
7/23/2018,0.418071,0.432285,0.41469,0.419313
7/22/2018,0.423867,0.428421,0.415794,0.418071
7/21/2018,0.417657,0.427662,0.407997,0.423867
7/20/2018,0.442566,0.444153,0.40365,0.417657
7/19/2018,0.453468,0.4623,0.441462,0.442566
7/18/2018,0.4692,0.486381,0.442428,0.453468
7/17/2018,0.4485,0.481551,0.4347,0.4692
7/16/2018,0.416001,0.4485,0.410757,0.4485
7/15/2018,0.407169,0.418278,0.40365,0.416001
7/14/2018,0.40641,0.410826,0.404202,0.407169
7/13/2018,0.409515,0.417036,0.40365,0.40641
7/12/2018,0.4209,0.4278,0.4002,0.409515
7/11/2018,0.4209,0.4278,0.4071,0.4209
7/10/2018,0.4347,0.4416,0.414,0.4209
7/9/2018,0.4416,0.4485,0.4347,0.4347
7/8/2018,0.4485,0.4554,0.4416,0.4416
7/7/2018,0.4347,0.4554,0.4278,0.4485
7/6/2018,0.4485,0.4485,0.4278,0.4347
7/5/2018,0.4623,0.4623,0.4347,0.4485
7/4/2018,0.4485,0.4692,0.4347,0.4623
7/3/2018,0.4485,0.483,0.4416,0.4485
7/2/2018,0.4278,0.4623,0.4209,0.4485
7/1/2018,0.4347,0.4347,0.414,0.4278
6/30/2018,0.414,0.4485,0.414,0.4347
6/29/2018,0.4209,0.4278,0.3933,0.414
6/28/2018,0.4485,0.4485,0.414,0.4209
6/27/2018,0.4278,0.4485,0.414,0.4485
6/26/2018,0.4554,0.4554,0.4209,0.4278
6/25/2018,0.4485,0.4554,0.4347,0.4554
6/24/2018,0.4623,0.4623,0.414,0.4485
6/23/2018,0.4485,0.4623,0.4416,0.4623
6/22/2018,0.5037,0.5037,0.4416,0.4485
6/21/2018,0.5037,0.5175,0.4899,0.5037
6/20/2018,0.5106,0.5106,0.4899,0.5037
6/19/2018,0.5037,0.5244,0.4968,0.5106
6/18/2018,0.4899,0.5106,0.4692,0.5037
6/17/2018,0.4968,0.5037,0.483,0.4899
6/16/2018,0.4968,0.5037,0.483,0.4968
6/15/2018,0.5244,0.5244,0.4899,0.4968
6/14/2018,0.4899,0.5244,0.4761,0.5244
6/13/2018,0.5175,0.5175,0.4623,0.4899
6/12/2018,0.5451,0.5451,0.4968,0.5175
6/11/2018,0.5382,0.5451,0.5106,0.5451
6/10/2018,0.6003,0.6003,0.5037,0.5382
6/9/2018,0.6141,0.621,0.6003,0.6003
6/8/2018,0.621,0.621,0.6003,0.6141
6/7/2018,0.6141,0.621,0.6072,0.621
6/6/2018,0.6072,0.6141,0.5934,0.6141
6/5/2018,0.5865,0.621,0.5796,0.6072
6/4/2018,0.6279,0.6486,0.5727,0.5865
6/3/2018,0.5796,0.6279,0.5796,0.6279
6/2/2018,0.5727,0.5934,0.5589,0.5796
6/1/2018,0.5589,0.5727,0.552,0.5727
5/31/2018,0.5451,0.5658,0.5382,0.5589
5/30/2018,0.552,0.5796,0.5313,0.5451
5/29/2018,0.5106,0.5589,0.4968,0.552
5/28/2018,0.5589,0.5589,0.5037,0.5106
5/27/2018,0.552,0.5589,0.5451,0.5589
5/26/2018,0.5589,0.5727,0.552,0.552
5/25/2018,0.5727,0.5796,0.5451,0.5589
5/24/2018,0.5451,0.5796,0.5313,0.5727
5/23/2018,0.5934,0.5934,0.5313,0.5451
5/22/2018,0.621,0.6279,0.5865,0.5934
5/21/2018,0.6417,0.6486,0.6141,0.621
5/20/2018,0.6141,0.6486,0.6141,0.6417
5/19/2018,0.621,0.6348,0.6072,0.6141
5/18/2018,0.6003,0.6279,0.5934,0.621
5/17/2018,0.6486,0.6555,0.6003,0.6003
5/16/2018,0.6417,0.6486,0.6141,0.6486
5/15/2018,0.6762,0.6831,0.6348,0.6417
5/14/2018,0.6693,0.6831,0.6348,0.6762
5/13/2018,0.6279,0.69,0.6141,0.6693
5/12/2018,0.621,0.6555,0.5865,0.6279
5/11/2018,0.69,0.6969,0.5865,0.621
5/10/2018,0.7383,0.7452,0.69,0.69
5/9/2018,0.7521,0.7521,0.7038,0.7383
5/8/2018,0.759,0.7797,0.7314,0.7521
5/7/2018,0.7866,0.7935,0.7245,0.759
5/6/2018,0.8073,0.8211,0.759,0.7866
5/5/2018,0.8004,0.828,0.8004,0.8073
5/4/2018,0.8004,0.828,0.7797,0.8004
5/3/2018,0.7866,0.8073,0.7659,0.8004
5/2/2018,0.7728,0.7935,0.7521,0.7866
5/1/2018,0.7659,0.7728,0.7176,0.7728
4/30/2018,0.7935,0.8004,0.7521,0.7659
4/29/2018,0.7866,0.8211,0.7521,0.7935
4/28/2018,0.7452,0.8073,0.7314,0.7866
4/27/2018,0.7797,0.7935,0.7383,0.7452
4/26/2018,0.7176,0.7866,0.69,0.7797
4/25/2018,0.8487,0.8487,0.7038,0.7176
4/24/2018,0.7935,0.8694,0.7866,0.8487
4/23/2018,0.7728,0.7935,0.759,0.7935
4/22/2018,0.7659,0.8073,0.7452,0.7728
4/21/2018,0.8211,0.828,0.6969,0.7659
4/20/2018,0.7038,0.8349,0.7038,0.8211
4/19/2018,0.621,0.7107,0.6141,0.7038
4/18/2018,0.5796,0.6417,0.5727,0.621
4/17/2018,0.5865,0.6003,0.5727,0.5796
4/16/2018,0.6072,0.6141,0.552,0.5865
4/15/2018,0.552,0.6072,0.552,0.6072
4/14/2018,0.5589,0.5865,0.5451,0.552
4/13/2018,0.5658,0.621,0.5382,0.5589
4/12/2018,0.4761,0.5865,0.4485,0.5658
4/11/2018,0.4416,0.4968,0.4347,0.4761
4/10/2018,0.4416,0.4416,0.4209,0.4416
4/9/2018,0.4485,0.4623,0.4278,0.4416
4/8/2018,0.4416,0.4554,0.4278,0.4485
4/7/2018,0.4278,0.4485,0.4209,0.4416
4/6/2018,0.4485,0.4485,0.414,0.4278
4/5/2018,0.4416,0.4554,0.4278,0.4485
4/4/2018,0.4899,0.5037,0.4347,0.4416
4/3/2018,0.4347,0.4968,0.4347,0.4899
4/2/2018,0.4209,0.4485,0.414,0.4347
4/1/2018,0.4554,0.4623,0.414,0.4209
3/31/2018,0.4416,0.4692,0.4416,0.4554
3/30/2018,0.4485,0.4761,0.4209,0.4416
3/29/2018,0.5175,0.5175,0.4485,0.4485
3/28/2018,0.5106,0.5313,0.5106,0.5175
3/27/2018,0.5313,0.5382,0.4968,0.5106
3/26/2018,0.5658,0.5796,0.5175,0.5313
3/25/2018,0.5727,0.5934,0.5589,0.5658
3/24/2018,0.5727,0.6072,0.5658,0.5727
3/23/2018,0.5865,0.5934,0.5451,0.5727
3/22/2018,0.6003,0.621,0.5658,0.5865
3/21/2018,0.6348,0.6417,0.5934,0.6003
3/20/2018,0.6555,0.6555,0.5934,0.6348
3/19/2018,0.5865,0.6555,0.5589,0.6555
3/18/2018,0.5589,0.6141,0.4899,0.5865
3/17/2018,0.6141,0.6141,0.552,0.5589
3/16/2018,0.6141,0.6348,0.5934,0.6141
3/15/2018,0.6141,0.6417,0.552,0.6141
3/14/2018,0.69,0.6969,0.5727,0.6141
3/13/2018,0.6969,0.7038,0.6762,0.69
3/12/2018,0.7245,0.7314,0.6762,0.6969
3/11/2018,0.6831,0.7383,0.6624,0.7245
3/10/2018,0.7314,0.7452,0.6762,0.6831
3/9/2018,0.7176,0.7521,0.6486,0.7314
3/8/2018,0.759,0.7797,0.7107,0.7176
3/7/2018,0.8073,0.828,0.7107,0.759
3/6/2018,0.8487,0.8763,0.7935,0.8073
3/5/2018,0.8901,0.966,0.8349,0.8487
3/4/2018,0.8004,0.9177,0.7935,0.8901
3/3/2018,0.8004,0.8211,0.7935,0.8004
3/2/2018,0.8142,0.828,0.7935,0.8004
3/1/2018,0.8004,0.8556,0.7866,0.8142
2/28/2018,0.828,0.8418,0.7935,0.8004
2/27/2018,0.828,0.8556,0.8073,0.828
2/26/2018,0.8004,0.8349,0.7728,0.828
2/25/2018,0.8073,0.8211,0.7797,0.8004
2/24/2018,0.8418,0.8625,0.7728,0.8073
2/23/2018,0.7935,0.8763,0.759,0.8418
2/22/2018,0.8556,0.897,0.7659,0.7935
2/21/2018,0.9108,0.9315,0.828,0.8556
2/20/2018,0.9798,1.0005,0.8832,0.9108
2/19/2018,0.9453,1.0005,0.9453,0.9798
2/18/2018,1.0419,1.0488,0.9177,0.9453
2/17/2018,0.9798,1.0557,0.9729,1.0419
2/16/2018,0.9798,0.9867,0.9315,0.9798
2/15/2018,0.9867,1.0005,0.9246,0.9798
2/14/2018,0.8694,1.0143,0.8694,0.9867
2/13/2018,0.9246,0.9315,0.8418,0.8694
2/12/2018,0.8487,0.9522,0.8487,0.9246
2/11/2018,0.9108,0.9246,0.7935,0.8487
2/10/2018,0.828,1.1385,0.8073,0.9108
2/9/2018,0.6969,0.828,0.6624,0.828
2/8/2018,0.6417,0.7107,0.6348,0.6969
2/7/2018,0.6693,0.7314,0.6072,0.6417
2/6/2018,0.5658,0.6969,0.483,0.6693
2/5/2018,0.7038,0.7176,0.552,0.5658
2/4/2018,0.8142,0.828,0.6762,0.7038
2/3/2018,0.7797,0.8487,0.621,0.8142
2/2/2018,0.7935,0.8556,0.4554,0.7797
2/1/2018,0.966,0.9798,0.7383,0.7935
1/31/2018,0.9246,0.9867,0.8487,0.966
1/30/2018,1.0764,1.0902,0.9039,0.9246
1/29/2018,1.1523,1.1592,1.0695,1.0764
1/28/2018,1.0488,1.1937,1.035,1.1523
1/27/2018,1.0557,1.0695,1.0212,1.0488
1/26/2018,1.1385,1.1385,0.9729,1.0557
1/25/2018,1.1799,1.2006,1.1316,1.1385
1/24/2018,1.1799,1.2351,1.1385,1.1799
1/23/2018,1.2213,1.2351,1.0557,1.1799
1/22/2018,1.2351,1.2903,1.0074,1.2213
1/21/2018,1.449,1.4559,1.1799,1.2351
1/20/2018,1.4076,1.4973,1.3524,1.449
1/19/2018,1.4697,1.587,1.38,1.4076
1/18/2018,1.173,1.6353,1.1385,1.4697
1/17/2018,1.0695,1.3317,0.7728,1.173
1/16/2018,1.5387,1.6491,0.7038,1.0695
1/15/2018,1.7871,1.8561,1.5318,1.5387
1/14/2018,1.932,1.9389,1.725,1.7871
1/13/2018,2.001,2.0631,1.9113,1.932
1/12/2018,1.8837,2.1252,1.8492,2.001
1/11/2018,1.9182,2.208,1.518,1.8837
1/10/2018,1.9665,2.2149,1.7112,1.9182
1/9/2018,2.4219,2.5668,1.587,1.9665
1/8/2018,2.7117,2.7186,2.208,2.4219
1/7/2018,2.5944,2.76,2.5323,2.7117
1/6/2018,2.3736,2.76,2.346,2.5944
1/5/2018,2.6496,3.105,2.1114,2.3736
1/4/2018,2.6841,3.312,2.484,2.6496
1/3/2018,2.0562,2.76,2.0424,2.6841
1/2/2018,1.9734,2.139,1.8354,2.0562
1/1/2018,1.8699,2.0217,1.7733,1.9734
12/31/2017,1.8423,1.9734,1.5042,1.8699
12/30/2017,2.0838,2.3115,1.725,1.8423
12/29/2017,1.2213,2.5806,1.2075,2.0838
12/28/2017,1.1316,1.2489,1.0626,1.2213
12/27/2017,0.9936,1.1661,0.9867,1.1316
12/26/2017,0.9591,1.0074,0.9177,0.9936
12/25/2017,0.966,0.9798,0.9246,0.9591
12/24/2017,1.0143,1.0212,0.9108,0.966
12/23/2017,1.0212,1.035,0.9591,1.0143
12/22/2017,1.0557,1.2006,0.7314,1.0212
12/21/2017,0.7107,1.0695,0.7038,1.0557
12/20/2017,0.7314,0.7383,0.69,0.7107
12/19/2017,0.7245,0.8211,0.69,0.7314
12/18/2017,0.69,0.7521,0.6279,0.7245
12/17/2017,0.7314,0.7314,0.6555,0.69
12/16/2017,0.7107,0.7797,0.7038,0.7314
12/15/2017,0.9591,0.966,0.6831,0.7107
12/14/2017,0.4692,1.1592,0.4554,0.9591
12/13/2017,0.4278,0.5244,0.3519,0.4692
12/12/2017,0.2346,0.69,0.2346,0.4278
12/11/2017,0.2277,0.2415,0.2277,0.2346
12/10/2017,0.2346,0.2415,0.207,0.2277
12/9/2017,0.2415,0.2415,0.2277,0.2346
12/8/2017,0.2208,0.2622,0.207,0.2415
12/7/2017,0.2346,0.2346,0.207,0.2208
12/6/2017,0.2415,0.2415,0.2208,0.2346
12/5/2017,0.2346,0.2415,0.2346,0.2415
12/4/2017,0.2415,0.2484,0.2346,0.2346
12/3/2017,0.2346,0.2415,0.2277,0.2415
12/2/2017,0.2346,0.2415,0.2277,0.2346
12/1/2017,0.2346,0.2415,0.2277,0.2346
11/30/2017,0.2277,0.2553,0.2208,0.2346
11/29/2017,0.2622,0.2691,0.2208,0.2277
11/28/2017,0.2277,0.276,0.2208,0.2622
11/27/2017,0.2277,0.2346,0.2208,0.2277
11/26/2017,0.2346,0.2346,0.2208,0.2277
11/25/2017,0.2208,0.2346,0.2208,0.2346
11/24/2017,0.2277,0.2277,0.2139,0.2208
11/23/2017,0.2208,0.2277,0.2139,0.2277
11/22/2017,0.2208,0.2277,0.2139,0.2208
11/21/2017,0.2277,0.2277,0.2139,0.2208
11/20/2017,0.2139,0.2277,0.207,0.2277
11/19/2017,0.2139,0.2208,0.207,0.2139
11/18/2017,0.2139,0.2139,0.207,0.2139
11/17/2017,0.2139,0.2208,0.2001,0.2139
11/16/2017,0.1932,0.2484,0.1863,0.2139
11/15/2017,0.1932,0.2001,0.1863,0.1932
11/14/2017,0.1863,0.1932,0.1794,0.1932
11/13/2017,0.1863,0.1932,0.1794,0.1863
11/12/2017,0.1932,0.2001,0.1725,0.1863
11/11/2017,0.1863,0.2001,0.1863,0.1932
11/10/2017,0.2001,0.2001,0.1863,0.1863
11/9/2017,0.2001,0.207,0.1932,0.2001
11/8/2017,0.1932,0.207,0.1863,0.2001
11/7/2017,0.1932,0.1932,0.1863,0.1932
11/6/2017,0.1863,0.1932,0.1794,0.1932
11/5/2017,0.1932,0.1932,0.1794,0.1863
11/4/2017,0.1932,0.2001,0.1863,0.1932
11/3/2017,0.1794,0.2139,0.1794,0.1932
11/2/2017,0.1794,0.1863,0.1656,0.1794
11/1/2017,0.1794,0.1863,0.1725,0.1794
31-Oct-17,0.202405,0.203778,0.200461,0.200558
30-Oct-17,0.203076,0.204135,0.201946,0.202711
29-Oct-17,0.201358,0.205209,0.200075,0.202785
28-Oct-17,0.202592,0.203476,0.201401,0.201835
27-Oct-17,0.203668,0.204492,0.201771,0.202785
26-Oct-17,0.204444,0.206289,0.20266,0.203628
25-Oct-17,0.207113,0.208237,0.201803,0.204604
24-Oct-17,0.195567,0.217508,0.190455,0.206644
23-Oct-17,0.203504,0.203919,0.190729,0.196928
22-Oct-17,0.210958,0.211901,0.200722,0.204177
21-Oct-17,0.210189,0.212381,0.200774,0.211016
20-Oct-17,0.215086,0.223822,0.208754,0.210549
19-Oct-17,0.218229,0.23179,0.208317,0.21515
18-Oct-17,0.231216,0.23815,0.207265,0.21852
17-Oct-17,0.256098,0.263147,0.222939,0.232064
16-Oct-17,0.263386,0.291359,0.24901,0.256232
15-Oct-17,0.257537,0.268419,0.249048,0.263983
14-Oct-17,0.26115,0.267721,0.25732,0.25732
13-Oct-17,0.248285,0.26425,0.238867,0.260489
12-Oct-17,0.265046,0.267468,0.248414,0.248414
11-Oct-17,0.260658,0.267843,0.25908,0.264439
10-Oct-17,0.252825,0.26656,0.241193,0.260733
9-Oct-17,0.278758,0.278758,0.24043,0.251825
8-Oct-17,0.238312,0.279944,0.237532,0.279944
7-Oct-17,0.233963,0.239336,0.233478,0.23861
6-Oct-17,0.237726,0.242424,0.233533,0.234039
5-Oct-17,0.215583,0.241023,0.215583,0.237016
4-Oct-17,0.203218,0.217024,0.202647,0.214774
3-Oct-17,0.203209,0.204808,0.19873,0.203318
2-Oct-17,0.206077,0.206556,0.199444,0.202676
1-Oct-17,0.197622,0.207185,0.19617,0.206532
30-Sep-17,0.193824,0.199826,0.193497,0.197529
29-Sep-17,0.196105,0.196203,0.187172,0.193606
28-Sep-17,0.202532,0.203271,0.191344,0.196131
27-Sep-17,0.185297,0.207687,0.185098,0.203299
26-Sep-17,0.181968,0.191247,0.180085,0.186119
25-Sep-17,0.175519,0.183665,0.174939,0.181487
24-Sep-17,0.178175,0.178939,0.174165,0.175787
23-Sep-17,0.173371,0.178672,0.171527,0.177882
22-Sep-17,0.171567,0.17587,0.169291,0.17351
21-Sep-17,0.180981,0.182109,0.171148,0.171754
20-Sep-17,0.18371,0.186229,0.180333,0.182078
19-Sep-17,0.189819,0.19068,0.181334,0.184041
18-Sep-17,0.178309,0.190019,0.178309,0.189768
17-Sep-17,0.178377,0.181121,0.171017,0.178393
16-Sep-17,0.181925,0.187417,0.172279,0.179082
15-Sep-17,0.165035,0.189184,0.150973,0.181358
14-Sep-17,0.200427,0.20201,0.164167,0.164167
13-Sep-17,0.20963,0.209674,0.196179,0.200778
12-Sep-17,0.21486,0.220623,0.207608,0.209303
11-Sep-17,0.212513,0.220057,0.210353,0.214441
10-Sep-17,0.209606,0.216529,0.197605,0.213031
9-Sep-17,0.211293,0.211892,0.206395,0.209995
8-Sep-17,0.223615,0.224308,0.206103,0.211518
7-Sep-17,0.226382,0.22721,0.219618,0.22364
6-Sep-17,0.214951,0.22686,0.214805,0.226186
5-Sep-17,0.20511,0.218674,0.190232,0.215189
4-Sep-17,0.228781,0.228781,0.19596,0.204968
3-Sep-17,0.227229,0.236443,0.218662,0.228811
2-Sep-17,0.249348,0.24968,0.217774,0.226669
1-Sep-17,0.255803,0.256162,0.243833,0.248479
31-Aug-17,0.227558,0.261038,0.225907,0.25563
30-Aug-17,0.218871,0.229805,0.217476,0.228006
29-Aug-17,0.224026,0.225926,0.214867,0.218564
28-Aug-17,0.203425,0.23626,0.19661,0.224508
27-Aug-17,0.212617,0.212617,0.197717,0.202995
26-Aug-17,0.218256,0.229086,0.210324,0.212577
25-Aug-17,0.2172,0.232184,0.203022,0.217828
24-Aug-17,0.252371,0.288783,0.212543,0.218958
23-Aug-17,0.240987,0.297662,0.219992,0.246827
22-Aug-17,0.194971,0.254659,0.171483,0.239286
21-Aug-17,0.15841,0.205684,0.154856,0.191918
20-Aug-17,0.154569,0.161205,0.153432,0.158735
19-Aug-17,0.159553,0.162348,0.152305,0.155057
18-Aug-17,0.157117,0.168716,0.154162,0.158883
17-Aug-17,0.160787,0.161001,0.155909,0.157498
16-Aug-17,0.161238,0.161726,0.153087,0.160431
15-Aug-17,0.16979,0.16979,0.158244,0.161221
14-Aug-17,0.168376,0.180054,0.165289,0.169991
13-Aug-17,0.173545,0.174147,0.162625,0.168092
12-Aug-17,0.179221,0.182599,0.173242,0.173853
11-Aug-17,0.180175,0.182631,0.177627,0.179307
10-Aug-17,0.183168,0.1835,0.180013,0.180399
9-Aug-17,0.192527,0.192914,0.180629,0.182947
8-Aug-17,0.179602,0.194391,0.178487,0.192586
7-Aug-17,0.179716,0.181847,0.177605,0.179021
6-Aug-17,0.185398,0.189486,0.180298,0.180444
5-Aug-17,0.173865,0.187844,0.173267,0.184737
4-Aug-17,0.174555,0.176053,0.172224,0.173743
3-Aug-17,0.173218,0.175969,0.17173,0.174612
2-Aug-17,0.177531,0.179655,0.171618,0.173113
1-Aug-17,0.168024,0.178332,0.166124,0.177053
31-Jul-17,0.16505,0.169535,0.162002,0.167386
30-Jul-17,0.169494,0.170411,0.164094,0.165082
29-Jul-17,0.165218,0.171566,0.155475,0.169871
28-Jul-17,0.173211,0.174078,0.162183,0.165937
27-Jul-17,0.17521,0.176602,0.17198,0.173457
26-Jul-17,0.177582,0.180872,0.16906,0.173822
25-Jul-17,0.19228,0.192734,0.169797,0.178104
24-Jul-17,0.194979,0.195279,0.189835,0.192002
23-Jul-17,0.193568,0.204121,0.188722,0.195058
22-Jul-17,0.182168,0.195009,0.181447,0.19332
21-Jul-17,0.18943,0.190708,0.181098,0.182608
20-Jul-17,0.170017,0.192918,0.167718,0.188295
19-Jul-17,0.188498,0.188533,0.158188,0.168388
18-Jul-17,0.179668,0.195807,0.165966,0.188718
17-Jul-17,0.150146,0.179604,0.141425,0.177889
16-Jul-17,0.16948,0.172575,0.11977,0.148056
15-Jul-17,0.190976,0.191167,0.167118,0.170589
14-Jul-17,0.200819,0.201156,0.183369,0.190769
13-Jul-17,0.205873,0.230452,0.193357,0.200809
12-Jul-17,0.184198,0.205898,0.177162,0.205354
11-Jul-17,0.196415,0.20332,0.168265,0.185019
10-Jul-17,0.234067,0.234067,0.185418,0.203165
9-Jul-17,0.236884,0.248501,0.233416,0.233416
8-Jul-17,0.239741,0.239741,0.221769,0.236134
7-Jul-17,0.254858,0.255431,0.238892,0.23948
6-Jul-17,0.256374,0.257148,0.253303,0.254641
5-Jul-17,0.255125,0.261713,0.254275,0.256523
4-Jul-17,0.259841,0.262258,0.254387,0.254709
3-Jul-17,0.258977,0.262354,0.255666,0.259959
2-Jul-17,0.254512,0.259951,0.250944,0.259449
1-Jul-17,0.262855,0.263053,0.252966,0.254744
30-Jun-17,0.26606,0.26916,0.262242,0.26293
29-Jun-17,0.280565,0.280873,0.264175,0.265421
28-Jun-17,0.275391,0.28149,0.26784,0.280455
27-Jun-17,0.277288,0.27881,0.251052,0.276306
26-Jun-17,0.29877,0.30198,0.260819,0.277288
25-Jun-17,0.310816,0.311157,0.289148,0.298423
24-Jun-17,0.319188,0.327117,0.306487,0.31111
23-Jun-17,0.297718,0.320751,0.295551,0.319978
22-Jun-17,0.299886,0.305852,0.291519,0.297848
21-Jun-17,0.324623,0.32776,0.283614,0.296366
20-Jun-17,0.292194,0.339533,0.290147,0.324427
19-Jun-17,0.283977,0.296068,0.280233,0.296068
18-Jun-17,0.268085,0.289468,0.265078,0.2846
17-Jun-17,0.262358,0.270717,0.258105,0.268351
16-Jun-17,0.259473,0.266211,0.252408,0.262068
15-Jun-17,0.278196,0.278923,0.240868,0.259266
14-Jun-17,0.265823,0.307854,0.263202,0.278447
13-Jun-17,0.253823,0.274659,0.2522,0.266153
12-Jun-17,0.273075,0.28329,0.247476,0.253964
11-Jun-17,0.259445,0.277735,0.259113,0.272759
10-Jun-17,0.285806,0.288991,0.257879,0.260874
9-Jun-17,0.289695,0.299493,0.285884,0.286019
8-Jun-17,0.280902,0.29857,0.276441,0.289678
7-Jun-17,0.284677,0.298379,0.278874,0.279783
6-Jun-17,0.294028,0.294537,0.276248,0.284548
5-Jun-17,0.299862,0.302394,0.2846,0.294003
4-Jun-17,0.298386,0.313944,0.277185,0.299413
3-Jun-17,0.30046,0.310863,0.277563,0.29458
2-Jun-17,0.333645,0.335809,0.29071,0.303448
1-Jun-17,0.243946,0.336797,0.243946,0.333657
31-May-17,0.20536,0.247677,0.193839,0.24659
30-May-17,0.232191,0.237367,0.205324,0.205324
29-May-17,0.227189,0.24282,0.214777,0.23207
28-May-17,0.212887,0.242395,0.204652,0.229554
27-May-17,0.272697,0.283363,0.162345,0.212549
26-May-17,0.245083,0.327812,0.245083,0.271808
25-May-17,0.291834,0.303467,0.238308,0.246065
24-May-17,0.325054,0.357358,0.293009,0.29589
23-May-17,0.313347,0.354014,0.291893,0.323368
22-May-17,0.338403,0.345412,0.270091,0.317954
21-May-17,0.353164,0.367636,0.332222,0.336201
20-May-17,0.328631,0.370361,0.303941,0.351634
19-May-17,0.363505,0.363505,0.300794,0.327801
18-May-17,0.394931,0.408012,0.331116,0.364869
17-May-17,0.355124,0.43517,0.326358,0.394132
16-May-17,0.269824,0.349861,0.269824,0.349861
15-May-17,0.220069,0.27072,0.220069,0.27072
14-May-17,0.215179,0.223486,0.211186,0.220223
13-May-17,0.206697,0.223602,0.18698,0.214878
12-May-17,0.18276,0.209535,0.180984,0.206068
11-May-17,0.185035,0.194828,0.162431,0.183135
10-May-17,0.158471,0.201207,0.156363,0.186066
9-May-17,0.199198,0.21689,0.134406,0.160074
8-May-17,0.14162,0.237587,0.135105,0.198212
7-May-17,0.101929,0.148274,0.098938,0.141763
6-May-17,0.093429,0.106144,0.093429,0.101791
5-May-17,0.080229,0.106935,0.078704,0.093551
4-May-17,0.061062,0.085499,0.059283,0.078914
3-May-17,0.053905,0.061435,0.052283,0.06049
2-May-17,0.054646,0.055639,0.05071,0.053908
1-May-17,0.05158,0.057779,0.049317,0.055115
30-Apr-17,0.052807,0.054646,0.049574,0.051607
29-Apr-17,0.044558,0.057719,0.044558,0.052868
28-Apr-17,0.034843,0.045111,0.034784,0.044475
27-Apr-17,0.032827,0.035377,0.032157,0.034816
26-Apr-17,0.03239,0.033509,0.032183,0.032797
25-Apr-17,0.031409,0.033826,0.031297,0.032346
24-Apr-17,0.031236,0.031436,0.030739,0.031384
23-Apr-17,0.031878,0.031974,0.030742,0.031278
22-Apr-17,0.033122,0.033279,0.031422,0.03177
21-Apr-17,0.029727,0.034044,0.029216,0.032779
20-Apr-17,0.030259,0.030611,0.027493,0.029984
19-Apr-17,0.033181,0.033387,0.029687,0.030173
18-Apr-17,0.033638,0.034021,0.032866,0.033184
17-Apr-17,0.0334,0.03406,0.032955,0.033655
16-Apr-17,0.03388,0.034002,0.033194,0.033462
15-Apr-17,0.033528,0.034281,0.033276,0.033955
14-Apr-17,0.034262,0.035127,0.032986,0.033779
13-Apr-17,0.034459,0.035574,0.033461,0.034383
12-Apr-17,0.033002,0.034794,0.032477,0.034336
11-Apr-17,0.033677,0.034576,0.032035,0.032952
10-Apr-17,0.034123,0.035091,0.032806,0.033598
9-Apr-17,0.035799,0.035799,0.032327,0.03402
8-Apr-17,0.036355,0.036895,0.034932,0.035849
7-Apr-17,0.03274,0.036935,0.030789,0.03632
6-Apr-17,0.035672,0.036843,0.029463,0.032665
5-Apr-17,0.037386,0.040178,0.035214,0.035544
4-Apr-17,0.033032,0.040702,0.028324,0.037455
3-Apr-17,0.060291,0.061594,0.027447,0.033023
2-Apr-17,0.021938,0.071441,0.021696,0.061159
1-Apr-17,0.021743,0.022798,0.019664,0.021892
31-Mar-17,0.013049,0.021776,0.013049,0.020889
30-Mar-17,0.010125,0.014126,0.010125,0.013276
29-Mar-17,0.009526,0.010101,0.00952,0.010101
28-Mar-17,0.009568,0.009644,0.00928,0.009514
27-Mar-17,0.009482,0.010053,0.009155,0.009597
26-Mar-17,0.009159,0.00984,0.009079,0.009545
25-Mar-17,0.010502,0.010711,0.00904,0.009116
24-Mar-17,0.010528,0.010825,0.009135,0.010518
23-Mar-17,0.007284,0.010582,0.007258,0.010582
22-Mar-17,0.006908,0.00746,0.006882,0.007301
21-Mar-17,0.006996,0.007075,0.006792,0.006909
20-Mar-17,0.006915,0.007112,0.006761,0.006975
19-Mar-17,0.006736,0.007198,0.006556,0.006912
18-Mar-17,0.006137,0.007396,0.006118,0.00671
17-Mar-17,0.006406,0.006406,0.00597,0.006116
16-Mar-17,0.006319,0.006409,0.006213,0.006394
15-Mar-17,0.00637,0.0065,0.006301,0.006314
14-Mar-17,0.006346,0.006406,0.006277,0.006381
13-Mar-17,0.006271,0.006429,0.006156,0.006385
12-Mar-17,0.006214,0.006313,0.006086,0.006255
11-Mar-17,0.006229,0.006383,0.00613,0.006238
10-Mar-17,0.006503,0.006546,0.00605,0.006227
9-Mar-17,0.006485,0.006606,0.006423,0.006498
8-Mar-17,0.006551,0.006776,0.006363,0.006509
7-Mar-17,0.006057,0.006577,0.005974,0.006534
6-Mar-17,0.006129,0.006221,0.006047,0.006057
5-Mar-17,0.00629,0.006389,0.006129,0.006129
4-Mar-17,0.006354,0.006497,0.006278,0.006299
3-Mar-17,0.005988,0.006346,0.005968,0.006339
2-Mar-17,0.005419,0.006217,0.005408,0.005991
1-Mar-17,0.005525,0.005547,0.005372,0.005408
28-Feb-17,0.005608,0.005631,0.005438,0.005536
27-Feb-17,0.005665,0.005696,0.005608,0.005609
26-Feb-17,0.005664,0.005733,0.005651,0.005671
25-Feb-17,0.0057,0.005743,0.005628,0.005665
24-Feb-17,0.005883,0.005919,0.005644,0.005701
23-Feb-17,0.005856,0.005943,0.005798,0.005895
22-Feb-17,0.005849,0.005887,0.005817,0.00586
21-Feb-17,0.005871,0.005909,0.005735,0.005832
20-Feb-17,0.005879,0.005949,0.00574,0.005873
19-Feb-17,0.005589,0.005892,0.00557,0.005878
18-Feb-17,0.005949,0.006014,0.005427,0.005569
17-Feb-17,0.005939,0.006095,0.005872,0.005935
16-Feb-17,0.006138,0.006244,0.005988,0.006027
15-Feb-17,0.006279,0.006302,0.006095,0.006147
14-Feb-17,0.00624,0.006352,0.00624,0.006278
13-Feb-17,0.006267,0.006338,0.006228,0.006251
12-Feb-17,0.006328,0.006364,0.006269,0.006269
11-Feb-17,0.00629,0.006395,0.006273,0.006333
10-Feb-17,0.006367,0.0067,0.006192,0.006289
9-Feb-17,0.006433,0.006484,0.006193,0.006374
8-Feb-17,0.006407,0.007833,0.006402,0.006438
7-Feb-17,0.006437,0.006509,0.006378,0.006407
6-Feb-17,0.006439,0.006494,0.006397,0.00645
5-Feb-17,0.006494,0.006563,0.006403,0.006442
4-Feb-17,0.006487,0.006528,0.006429,0.006492
3-Feb-17,0.006466,0.00651,0.006401,0.006474
2-Feb-17,0.00654,0.00663,0.006381,0.006469
1-Feb-17,0.006311,0.006642,0.006249,0.00654
31-Jan-17,0.00639,0.006411,0.006297,0.006314
30-Jan-17,0.006402,0.006468,0.006353,0.006381
29-Jan-17,0.006356,0.006493,0.006287,0.006402
28-Jan-17,0.006409,0.006419,0.006323,0.006342
27-Jan-17,0.006686,0.006815,0.006331,0.006415
26-Jan-17,0.006511,0.007073,0.006425,0.00669
25-Jan-17,0.006527,0.006594,0.00649,0.006513
24-Jan-17,0.006708,0.006718,0.006534,0.00654
23-Jan-17,0.006718,0.006735,0.006662,0.006697
22-Jan-17,0.006706,0.006759,0.006653,0.006713
21-Jan-17,0.006694,0.006824,0.006678,0.006706
20-Jan-17,0.007032,0.00716,0.00661,0.006675
19-Jan-17,0.006713,0.00704,0.006671,0.007034
18-Jan-17,0.00679,0.007125,0.006659,0.006709
17-Jan-17,0.006772,0.006848,0.006612,0.0068
16-Jan-17,0.006747,0.006836,0.006717,0.006788
15-Jan-17,0.006867,0.006925,0.006726,0.006726
14-Jan-17,0.00661,0.006872,0.006585,0.006863
13-Jan-17,0.006434,0.006664,0.006396,0.006596
12-Jan-17,0.006417,0.006851,0.006351,0.006423
11-Jan-17,0.006708,0.006721,0.006312,0.006411
10-Jan-17,0.006157,0.006815,0.006148,0.006698
9-Jan-17,0.006239,0.006294,0.006127,0.006167
8-Jan-17,0.006383,0.006383,0.006232,0.006233
7-Jan-17,0.006351,0.006404,0.006133,0.006366
6-Jan-17,0.006197,0.006394,0.006109,0.006315
5-Jan-17,0.006572,0.00658,0.006031,0.006201
4-Jan-17,0.006385,0.006656,0.006385,0.00657
3-Jan-17,0.00629,0.006392,0.006278,0.006386
2-Jan-17,0.006386,0.006437,0.006281,0.006311
1-Jan-17,0.006523,0.006702,0.006334,0.006368
31-Dec-16,0.006417,0.006538,0.006387,0.006449
30-Dec-16,0.006352,0.006455,0.006338,0.006426
29-Dec-16,0.00618,0.006354,0.006167,0.006341
28-Dec-16,0.006193,0.006336,0.006126,0.006173
27-Dec-16,0.006326,0.006326,0.006188,0.006199
26-Dec-16,0.006443,0.006481,0.006323,0.006326
25-Dec-16,0.00635,0.006453,0.006334,0.006444
24-Dec-16,0.006275,0.006371,0.006234,0.006349
23-Dec-16,0.006362,0.006436,0.006281,0.006286
22-Dec-16,0.006452,0.006466,0.006324,0.006363
21-Dec-16,0.006498,0.006498,0.006417,0.006445
20-Dec-16,0.00654,0.006543,0.006481,0.0065
19-Dec-16,0.006582,0.006582,0.006534,0.006545
18-Dec-16,0.006541,0.00658,0.006533,0.006574
17-Dec-16,0.006704,0.006711,0.006535,0.006541
16-Dec-16,0.006662,0.006791,0.006661,0.00671
15-Dec-16,0.006699,0.006699,0.006606,0.006662
14-Dec-16,0.006704,0.006753,0.00669,0.006705
13-Dec-16,0.00678,0.006781,0.006678,0.006708
12-Dec-16,0.006744,0.006809,0.006743,0.006778
11-Dec-16,0.006816,0.006998,0.006731,0.006744
10-Dec-16,0.007138,0.007145,0.006816,0.006816
9-Dec-16,0.007091,0.007162,0.007007,0.007135
8-Dec-16,0.006849,0.007156,0.006829,0.007097
7-Dec-16,0.006653,0.006851,0.006565,0.006851
6-Dec-16,0.006435,0.006655,0.006417,0.006655
5-Dec-16,0.006525,0.006761,0.006419,0.006434
4-Dec-16,0.006592,0.006595,0.006519,0.006527
3-Dec-16,0.006712,0.00689,0.006588,0.006588
2-Dec-16,0.006707,0.006906,0.006615,0.00666
1-Dec-16,0.006723,0.006737,0.006702,0.006702
30-Nov-16,0.006779,0.006784,0.00672,0.006723
29-Nov-16,0.007009,0.007042,0.00678,0.00678
28-Nov-16,0.007082,0.007114,0.006947,0.007008
27-Nov-16,0.007385,0.007499,0.00707,0.007074
26-Nov-16,0.006895,0.00739,0.006847,0.00739
25-Nov-16,0.006948,0.006979,0.006888,0.006902
24-Nov-16,0.007062,0.007069,0.006945,0.00695
23-Nov-16,0.007434,0.007435,0.007035,0.007061
22-Nov-16,0.007567,0.007567,0.007431,0.007434
21-Nov-16,0.007649,0.007651,0.007566,0.007566
20-Nov-16,0.007799,0.007806,0.007626,0.007651
19-Nov-16,0.007778,0.007809,0.007753,0.007799
18-Nov-16,0.007722,0.007778,0.007709,0.007778
17-Nov-16,0.007851,0.007867,0.007721,0.007727
16-Nov-16,0.007888,0.007944,0.007842,0.007842
15-Nov-16,0.008099,0.008115,0.007876,0.007881
14-Nov-16,0.008255,0.008308,0.008059,0.008098
13-Nov-16,0.008039,0.008258,0.007968,0.008257
12-Nov-16,0.008061,0.008105,0.008019,0.008044
11-Nov-16,0.008131,0.008146,0.008058,0.008065
10-Nov-16,0.008081,0.008138,0.008043,0.008136
9-Nov-16,0.008205,0.008222,0.008074,0.008079
8-Nov-16,0.008111,0.008246,0.008108,0.008206
7-Nov-16,0.008197,0.008197,0.008088,0.008108
6-Nov-16,0.00823,0.008277,0.008187,0.008193
5-Nov-16,0.008157,0.008261,0.008155,0.00823
4-Nov-16,0.008015,0.008161,0.008008,0.008157
3-Nov-16,0.008221,0.008243,0.007975,0.008021
2-Nov-16,0.008104,0.008222,0.008088,0.008222
1-Nov-16,0.008197,0.008259,0.008083,0.008102
31-Oct-16,0.008014,0.008261,0.008014,0.008196
30-Oct-16,0.007738,0.008018,0.007716,0.008014
29-Oct-16,0.008157,0.008162,0.007674,0.007732
28-Oct-16,0.008483,0.008492,0.008081,0.008143
27-Oct-16,0.008833,0.008849,0.008468,0.008481
26-Oct-16,0.008884,0.008944,0.008815,0.008835
25-Oct-16,0.009065,0.009135,0.008882,0.008891
24-Oct-16,0.009432,0.009485,0.009054,0.009065
23-Oct-16,0.008977,0.009454,0.008915,0.009454
22-Oct-16,0.009027,0.009081,0.008864,0.008972
21-Oct-16,0.00909,0.009128,0.008856,0.009029
20-Oct-16,0.008636,0.009124,0.00862,0.009092
19-Oct-16,0.008348,0.008637,0.008318,0.008627
18-Oct-16,0.008032,0.00835,0.008026,0.00835
17-Oct-16,0.008079,0.008144,0.008011,0.00803
16-Oct-16,0.008137,0.00823,0.008055,0.008078
15-Oct-16,0.008769,0.008885,0.00813,0.008146
14-Oct-16,0.00798,0.00896,0.00797,0.008767
13-Oct-16,0.007951,0.007984,0.007867,0.007982
12-Oct-16,0.008208,0.008507,0.007934,0.007949
11-Oct-16,0.007993,0.008324,0.007905,0.008234
10-Oct-16,0.007542,0.008105,0.007542,0.007978
9-Oct-16,0.00731,0.007563,0.007299,0.007543
8-Oct-16,0.007371,0.007377,0.00726,0.00731
7-Oct-16,0.007377,0.007459,0.00735,0.007377
6-Oct-16,0.007429,0.00746,0.007321,0.007382
5-Oct-16,0.007873,0.007895,0.007407,0.007435
4-Oct-16,0.008115,0.008132,0.007853,0.007853
3-Oct-16,0.008165,0.008241,0.008065,0.008089
2-Oct-16,0.008197,0.008316,0.008084,0.008165
1-Oct-16,0.008839,0.008848,0.008186,0.008205
30-Sep-16,0.00891,0.00924,0.008789,0.00883
29-Sep-16,0.009065,0.00909,0.008707,0.008914
28-Sep-16,0.00822,0.009082,0.00822,0.009048
27-Sep-16,0.007959,0.008306,0.007919,0.008229
26-Sep-16,0.007872,0.008593,0.007847,0.007963
25-Sep-16,0.007356,0.007986,0.007316,0.007855
24-Sep-16,0.007234,0.007424,0.00717,0.007362
23-Sep-16,0.006848,0.0073,0.006807,0.007211
22-Sep-16,0.006833,0.006986,0.006809,0.006843
21-Sep-16,0.006809,0.006908,0.006709,0.006829
20-Sep-16,0.006865,0.006911,0.006748,0.006785
19-Sep-16,0.006855,0.007178,0.006795,0.006858
18-Sep-16,0.007017,0.007019,0.006788,0.006853
17-Sep-16,0.007391,0.007535,0.006998,0.007018
16-Sep-16,0.008286,0.008333,0.0072,0.007446
15-Sep-16,0.005969,0.008765,0.005953,0.008303
14-Sep-16,0.005888,0.006042,0.005881,0.005961
13-Sep-16,0.005899,0.005905,0.005871,0.005886
12-Sep-16,0.005844,0.005912,0.005837,0.005897
11-Sep-16,0.005866,0.005895,0.005815,0.005842
10-Sep-16,0.005872,0.005882,0.005859,0.00587
9-Sep-16,0.005901,0.005907,0.005857,0.005869
8-Sep-16,0.005892,0.005941,0.005892,0.005902
7-Sep-16,0.005915,0.005925,0.005888,0.005892
6-Sep-16,0.005933,0.005955,0.0059,0.005912
5-Sep-16,0.005948,0.005966,0.005889,0.005932
4-Sep-16,0.005964,0.006002,0.005905,0.005954
3-Sep-16,0.005967,0.005992,0.005928,0.005964
2-Sep-16,0.005979,0.005985,0.005959,0.00597
1-Sep-16,0.006013,0.00603,0.00598,0.005984
31-Aug-16,0.006036,0.006045,0.005915,0.006012
30-Aug-16,0.00612,0.006129,0.006006,0.006026
29-Aug-16,0.005961,0.00614,0.005938,0.006131
28-Aug-16,0.005974,0.006001,0.005955,0.005963
27-Aug-16,0.006018,0.006042,0.005971,0.005975
26-Aug-16,0.006083,0.006097,0.006019,0.00603
25-Aug-16,0.006049,0.006085,0.006028,0.006079
24-Aug-16,0.006015,0.006059,0.005989,0.006052
23-Aug-16,0.006002,0.006054,0.00596,0.006019
22-Aug-16,0.006055,0.006072,0.005883,0.006
21-Aug-16,0.006116,0.006117,0.006012,0.006052
20-Aug-16,0.006126,0.006148,0.006085,0.006114
19-Aug-16,0.00612,0.006199,0.006093,0.006119
18-Aug-16,0.0061,0.006123,0.006044,0.006122
17-Aug-16,0.006144,0.006158,0.006099,0.006109
16-Aug-16,0.006045,0.006188,0.00603,0.00614
15-Aug-16,0.005993,0.006062,0.005969,0.006045
14-Aug-16,0.006092,0.006093,0.005968,0.005994
13-Aug-16,0.006119,0.006141,0.00608,0.006092
12-Aug-16,0.006188,0.006189,0.006101,0.006123
11-Aug-16,0.006196,0.006217,0.006162,0.006189
10-Aug-16,0.006147,0.006221,0.006109,0.006194
9-Aug-16,0.006027,0.006181,0.006003,0.006163
8-Aug-16,0.00616,0.00618,0.006021,0.006027
7-Aug-16,0.006337,0.006337,0.006156,0.006178
6-Aug-16,0.006448,0.00656,0.006239,0.006337
5-Aug-16,0.005821,0.00645,0.005813,0.006447
4-Aug-16,0.005646,0.00582,0.005644,0.005816
3-Aug-16,0.005688,0.005701,0.00563,0.005646
2-Aug-16,0.005911,0.005933,0.005686,0.00569
1-Aug-16,0.005942,0.005942,0.005904,0.005906
31-Jul-16,0.006118,0.006122,0.005944,0.005945
30-Jul-16,0.006112,0.006164,0.006107,0.006121
29-Jul-16,0.005974,0.006112,0.005969,0.006111
28-Jul-16,0.005973,0.005986,0.005947,0.005974
27-Jul-16,0.005996,0.006008,0.005954,0.005969
26-Jul-16,0.006246,0.00625,0.005983,0.005998
25-Jul-16,0.006293,0.006297,0.006225,0.006246
24-Jul-16,0.006328,0.006333,0.006228,0.006286
23-Jul-16,0.006303,0.006335,0.00627,0.006317
22-Jul-16,0.006417,0.006423,0.006303,0.006303
21-Jul-16,0.00639,0.006564,0.006374,0.006416
20-Jul-16,0.006404,0.006422,0.00638,0.006395
19-Jul-16,0.006479,0.006485,0.006397,0.006405
18-Jul-16,0.006538,0.00654,0.006481,0.006482
17-Jul-16,0.006571,0.006591,0.006516,0.006538
16-Jul-16,0.006442,0.006572,0.00644,0.006572
15-Jul-16,0.006388,0.006452,0.006388,0.006442
14-Jul-16,0.006408,0.006425,0.006377,0.006385
13-Jul-16,0.00635,0.006437,0.00635,0.006411
12-Jul-16,0.006534,0.006593,0.00635,0.00635
11-Jul-16,0.006671,0.00669,0.00653,0.006534
10-Jul-16,0.006672,0.006676,0.006621,0.006674
9-Jul-16,0.006717,0.006718,0.006624,0.006679
8-Jul-16,0.006609,0.006715,0.006563,0.006715
7-Jul-16,0.006689,0.006699,0.006495,0.006598
6-Jul-16,0.006716,0.006743,0.006687,0.006691
5-Jul-16,0.007029,0.007064,0.006659,0.006699
4-Jul-16,0.006621,0.008447,0.006599,0.007028
3-Jul-16,0.006714,0.006734,0.006582,0.006607
2-Jul-16,0.006788,0.006809,0.006691,0.006699
1-Jul-16,0.006651,0.006837,0.006633,0.006787
30-Jun-16,0.006778,0.006956,0.00664,0.006657
29-Jun-16,0.006775,0.006936,0.00667,0.006777
28-Jun-16,0.006407,0.006829,0.006407,0.006773
27-Jun-16,0.006402,0.006429,0.006364,0.006398
26-Jun-16,0.006409,0.006479,0.006354,0.0064
25-Jun-16,0.006427,0.006536,0.006383,0.006414
24-Jun-16,0.00638,0.006561,0.006348,0.006434
23-Jun-16,0.006519,0.006638,0.006253,0.006381
22-Jun-16,0.006179,0.00679,0.006084,0.006495
21-Jun-16,0.00663,0.006635,0.005976,0.006172
20-Jun-16,0.006818,0.006893,0.006626,0.006626
19-Jun-16,0.006585,0.00698,0.006561,0.006813
18-Jun-16,0.006693,0.006705,0.006529,0.006604
17-Jun-16,0.006681,0.00677,0.006637,0.006693
16-Jun-16,0.006889,0.006918,0.006624,0.006676
15-Jun-16,0.007093,0.007166,0.006871,0.006887
14-Jun-16,0.005828,0.007577,0.005798,0.007105
13-Jun-16,0.005852,0.005856,0.005765,0.005824
12-Jun-16,0.005766,0.005885,0.005747,0.005852
11-Jun-16,0.005737,0.005766,0.005722,0.005766
10-Jun-16,0.005785,0.005788,0.005732,0.005736
9-Jun-16,0.005769,0.005789,0.00575,0.005788
8-Jun-16,0.00578,0.005785,0.005753,0.00577
7-Jun-16,0.005764,0.005787,0.005753,0.00578
6-Jun-16,0.005795,0.0058,0.005751,0.005769
5-Jun-16,0.005779,0.00582,0.005779,0.005796
4-Jun-16,0.005829,0.005882,0.005755,0.00578
3-Jun-16,0.005766,0.00587,0.005741,0.005827
2-Jun-16,0.005809,0.005815,0.005757,0.005766
1-Jun-16,0.005701,0.005812,0.00569,0.005809
31-May-16,0.005746,0.005758,0.005689,0.005706
30-May-16,0.005664,0.005771,0.005645,0.005748
29-May-16,0.005682,0.005729,0.005614,0.005662
28-May-16,0.005676,0.005738,0.005659,0.005682
27-May-16,0.00567,0.005706,0.00565,0.005679
26-May-16,0.005757,0.005757,0.005641,0.005669
25-May-16,0.005962,0.005965,0.005754,0.005756
24-May-16,0.005911,0.005964,0.005898,0.005962
23-May-16,0.005935,0.005936,0.005905,0.005909
22-May-16,0.005989,0.005992,0.005933,0.005936
21-May-16,0.00609,0.006098,0.005988,0.00599
20-May-16,0.006028,0.006084,0.00602,0.006084
19-May-16,0.006025,0.006042,0.005988,0.006032
18-May-16,0.006022,0.006052,0.006016,0.006028
17-May-16,0.006022,0.00606,0.006022,0.006023
16-May-16,0.006061,0.00607,0.006018,0.006022
15-May-16,0.006072,0.006075,0.006006,0.006061
14-May-16,0.006111,0.006116,0.006033,0.006073
13-May-16,0.006167,0.00619,0.006105,0.006109
12-May-16,0.006188,0.006188,0.006153,0.006167
11-May-16,0.006272,0.006277,0.006186,0.006189
10-May-16,0.006399,0.006399,0.00627,0.006272
9-May-16,0.006402,0.006407,0.006386,0.006399
8-May-16,0.00649,0.006492,0.006403,0.006404
7-May-16,0.006395,0.006496,0.006395,0.00649
6-May-16,0.006198,0.0064,0.006188,0.006399
5-May-16,0.006323,0.006324,0.006187,0.006193
4-May-16,0.006558,0.00656,0.006307,0.006323
3-May-16,0.006716,0.006717,0.006555,0.00656
2-May-16,0.006791,0.006803,0.006712,0.006714
1-May-16,0.006812,0.006819,0.006789,0.006791
30-Apr-16,0.006761,0.006849,0.006761,0.006812
29-Apr-16,0.006689,0.006759,0.006671,0.006759
28-Apr-16,0.00672,0.006724,0.006666,0.006686
27-Apr-16,0.007094,0.007094,0.006725,0.006725
26-Apr-16,0.007279,0.007293,0.007095,0.007095
25-Apr-16,0.00725,0.007308,0.007234,0.007283
24-Apr-16,0.007344,0.00735,0.007223,0.007251
23-Apr-16,0.007282,0.007365,0.007282,0.007346
22-Apr-16,0.007439,0.007439,0.007275,0.007284
21-Apr-16,0.007265,0.007536,0.007265,0.007433
20-Apr-16,0.007117,0.007259,0.007019,0.007244
19-Apr-16,0.006987,0.007157,0.006982,0.007118
18-Apr-16,0.006503,0.007194,0.006503,0.006987
17-Apr-16,0.006499,0.006605,0.006488,0.006499
16-Apr-16,0.006421,0.00651,0.006276,0.00651
15-Apr-16,0.006303,0.006473,0.006229,0.006424
14-Apr-16,0.005697,0.006352,0.005693,0.006289
13-Apr-16,0.005884,0.005884,0.005685,0.005695
12-Apr-16,0.006048,0.006082,0.005873,0.005885
11-Apr-16,0.005937,0.006071,0.005883,0.006048
10-Apr-16,0.006289,0.006295,0.005924,0.005937
9-Apr-16,0.006674,0.006679,0.006287,0.006288
8-Apr-16,0.006875,0.006875,0.006657,0.006671
7-Apr-16,0.007308,0.007309,0.006875,0.006875
6-Apr-16,0.007467,0.007468,0.007296,0.007296
5-Apr-16,0.007488,0.007516,0.007451,0.007474
4-Apr-16,0.007502,0.007515,0.007483,0.007491
3-Apr-16,0.007504,0.007533,0.007492,0.007503
2-Apr-16,0.007418,0.007505,0.00741,0.007501
1-Apr-16,0.007391,0.00748,0.007391,0.007418
31-Mar-16,0.007332,0.007392,0.007274,0.007391
30-Mar-16,0.007568,0.007595,0.007327,0.007332
29-Mar-16,0.007573,0.007605,0.007397,0.007566
28-Mar-16,0.008025,0.008032,0.007467,0.007564
27-Mar-16,0.008062,0.008081,0.008005,0.008029
26-Mar-16,0.00819,0.008197,0.008053,0.008066
25-Mar-16,0.008234,0.008272,0.008191,0.008191
24-Mar-16,0.008335,0.008345,0.008229,0.00823
23-Mar-16,0.008109,0.008335,0.008106,0.008332
22-Mar-16,0.008028,0.008215,0.008025,0.00811
21-Mar-16,0.007956,0.008079,0.00788,0.008047
20-Mar-16,0.008015,0.008046,0.007872,0.00796
19-Mar-16,0.008124,0.00816,0.007894,0.008016
18-Mar-16,0.008284,0.008356,0.008013,0.008119
17-Mar-16,0.008182,0.008401,0.008162,0.008287
16-Mar-16,0.008185,0.008325,0.008115,0.008178
15-Mar-16,0.008478,0.008495,0.008035,0.008186
14-Mar-16,0.008624,0.008628,0.008472,0.008479
13-Mar-16,0.008698,0.008703,0.008579,0.008635
12-Mar-16,0.008801,0.008993,0.008611,0.0087
11-Mar-16,0.008183,0.00892,0.008183,0.008803
10-Mar-16,0.008051,0.008206,0.008045,0.00819
9-Mar-16,0.007951,0.008094,0.007941,0.008056
8-Mar-16,0.007911,0.007978,0.007895,0.007949
7-Mar-16,0.007835,0.007979,0.007831,0.007918
6-Mar-16,0.007857,0.00791,0.007801,0.00786
5-Mar-16,0.008117,0.008176,0.007824,0.007878
4-Mar-16,0.008036,0.00822,0.008033,0.008096
3-Mar-16,0.008028,0.008215,0.007993,0.008162
2-Mar-16,0.008005,0.008055,0.00798,0.00803
1-Mar-16,0.007923,0.00802,0.007923,0.008006
29-Feb-16,0.007895,0.007938,0.007823,0.007923
28-Feb-16,0.007977,0.007987,0.007854,0.007889
27-Feb-16,0.008063,0.008077,0.007972,0.007972
26-Feb-16,0.008025,0.008058,0.008014,0.008058
25-Feb-16,0.008063,0.008076,0.008015,0.008027
24-Feb-16,0.007971,0.008077,0.007951,0.008076
23-Feb-16,0.008055,0.00807,0.007954,0.00797
22-Feb-16,0.0081,0.0081,0.00804,0.00805
21-Feb-16,0.008246,0.008282,0.008067,0.0081
20-Feb-16,0.008253,0.008375,0.00822,0.008253
19-Feb-16,0.007994,0.008252,0.007994,0.008245
18-Feb-16,0.008135,0.008135,0.007897,0.007995
17-Feb-16,0.008456,0.008461,0.008113,0.008138
16-Feb-16,0.008631,0.00866,0.008434,0.008451
15-Feb-16,0.008593,0.008656,0.008559,0.008631
14-Feb-16,0.008263,0.008639,0.008263,0.00859
13-Feb-16,0.007961,0.008315,0.007937,0.008257
12-Feb-16,0.007822,0.007979,0.00773,0.007979
11-Feb-16,0.007857,0.007897,0.00777,0.007815
10-Feb-16,0.007827,0.007943,0.00782,0.007853
9-Feb-16,0.007999,0.00802,0.007736,0.007815
8-Feb-16,0.008375,0.008551,0.007959,0.007991
7-Feb-16,0.007924,0.008666,0.007924,0.008338
6-Feb-16,0.007273,0.007922,0.007247,0.007922
5-Feb-16,0.006965,0.007272,0.006958,0.007262
4-Feb-16,0.006882,0.00699,0.006856,0.00697
3-Feb-16,0.006771,0.006906,0.00676,0.006883
2-Feb-16,0.006545,0.006791,0.006545,0.006768
1-Feb-16,0.006398,0.006551,0.006366,0.006542
31-Jan-16,0.006631,0.006638,0.006359,0.006399
30-Jan-16,0.006824,0.007001,0.006612,0.006634
29-Jan-16,0.006228,0.006906,0.005922,0.00684
28-Jan-16,0.006507,0.006507,0.00609,0.006226
27-Jan-16,0.005408,0.006571,0.005408,0.006506
26-Jan-16,0.005138,0.005477,0.005125,0.005419
25-Jan-16,0.005218,0.005218,0.005064,0.005135
24-Jan-16,0.005121,0.005237,0.005119,0.005219
23-Jan-16,0.005109,0.005192,0.005109,0.00512
22-Jan-16,0.005314,0.005314,0.005093,0.005114
21-Jan-16,0.00537,0.005385,0.005305,0.005313
20-Jan-16,0.005271,0.005394,0.005178,0.005381
19-Jan-16,0.00533,0.00533,0.005262,0.005271
18-Jan-16,0.00527,0.005416,0.005268,0.005326
17-Jan-16,0.00511,0.005285,0.005011,0.005266
16-Jan-16,0.005221,0.005274,0.005072,0.005112
15-Jan-16,0.005528,0.005528,0.005229,0.005229
14-Jan-16,0.005795,0.005802,0.005526,0.005529
13-Jan-16,0.005836,0.005836,0.005753,0.005794
12-Jan-16,0.005892,0.005897,0.005854,0.005854
11-Jan-16,0.005963,0.00597,0.005892,0.005895
10-Jan-16,0.005982,0.005999,0.005931,0.005956
9-Jan-16,0.005937,0.006005,0.005933,0.005982
8-Jan-16,0.00604,0.006055,0.005905,0.005933
7-Jan-16,0.005998,0.00609,0.005998,0.006039
6-Jan-16,0.006044,0.006044,0.005983,0.006003
5-Jan-16,0.005954,0.006044,0.005953,0.006044
4-Jan-16,0.006019,0.006059,0.005953,0.005958
3-Jan-16,0.006066,0.00607,0.005988,0.006017
2-Jan-16,0.005957,0.006079,0.005933,0.006065
1-Jan-16,0.00604,0.006044,0.005933,0.005955
31-Dec-15,0.006184,0.006184,0.006039,0.00604
30-Dec-15,0.006266,0.006271,0.00617,0.006182
29-Dec-15,0.006342,0.006353,0.006245,0.006264
28-Dec-15,0.006348,0.006442,0.006326,0.00634
27-Dec-15,0.006172,0.006355,0.006132,0.006343
26-Dec-15,0.006491,0.006508,0.006145,0.006174
25-Dec-15,0.005971,0.006514,0.00597,0.006487
24-Dec-15,0.006023,0.006053,0.005955,0.005971
23-Dec-15,0.006188,0.006211,0.006015,0.006021
22-Dec-15,0.006271,0.006278,0.006184,0.006193
21-Dec-15,0.006234,0.006356,0.006158,0.006269
20-Dec-15,0.006292,0.006341,0.006205,0.006235
19-Dec-15,0.006383,0.006401,0.006254,0.006291
18-Dec-15,0.006686,0.006686,0.006367,0.006387
17-Dec-15,0.006754,0.006808,0.00667,0.006694
16-Dec-15,0.006689,0.006816,0.006454,0.006755
15-Dec-15,0.0076,0.0076,0.006622,0.006684
14-Dec-15,0.008774,0.00878,0.007614,0.007614
13-Dec-15,0.008532,0.008867,0.008472,0.008779
12-Dec-15,0.008454,0.008642,0.008123,0.008536
11-Dec-15,0.008445,0.008453,0.007793,0.008441
10-Dec-15,0.008527,0.009071,0.008444,0.008444
9-Dec-15,0.006796,0.008905,0.006746,0.008523
8-Dec-15,0.005561,0.006775,0.00556,0.006775
7-Dec-15,0.005312,0.00556,0.005297,0.00556
6-Dec-15,0.005302,0.005368,0.005153,0.005344
5-Dec-15,0.004756,0.005301,0.004756,0.005301
4-Dec-15,0.004262,0.004782,0.004239,0.004754
3-Dec-15,0.004176,0.004304,0.004173,0.004262
2-Dec-15,0.004091,0.004189,0.004041,0.004173
1-Dec-15,0.004202,0.004208,0.004054,0.00409
30-Nov-15,0.004298,0.004322,0.004185,0.004201
29-Nov-15,0.004243,0.004299,0.004234,0.004299
28-Nov-15,0.004275,0.004275,0.004208,0.004238
27-Nov-15,0.004276,0.004304,0.004229,0.004276
26-Nov-15,0.004317,0.004435,0.004227,0.004291
25-Nov-15,0.004242,0.004325,0.004228,0.004318
24-Nov-15,0.004288,0.004288,0.004201,0.004242
23-Nov-15,0.004269,0.004351,0.004237,0.004288
22-Nov-15,0.004249,0.004274,0.004238,0.004267
21-Nov-15,0.004227,0.004268,0.004214,0.004245
20-Nov-15,0.004222,0.004237,0.004167,0.004227
19-Nov-15,0.004259,0.004263,0.004205,0.004222
18-Nov-15,0.004251,0.004288,0.004243,0.004258
17-Nov-15,0.004234,0.004293,0.004228,0.00425
16-Nov-15,0.004163,0.004237,0.00413,0.004234
15-Nov-15,0.004327,0.004327,0.004144,0.004165
14-Nov-15,0.004482,0.004493,0.004316,0.004328
13-Nov-15,0.004536,0.004549,0.004436,0.004477
12-Nov-15,0.004266,0.00458,0.004266,0.004541
11-Nov-15,0.004408,0.00444,0.004173,0.004264
10-Nov-15,0.004606,0.004612,0.004364,0.004406
9-Nov-15,0.00465,0.004723,0.00459,0.004609
8-Nov-15,0.004684,0.004697,0.004596,0.004647
7-Nov-15,0.004566,0.004701,0.004558,0.004694
6-Nov-15,0.0045,0.004646,0.004375,0.004562
5-Nov-15,0.004955,0.005041,0.00447,0.004506
4-Nov-15,0.005402,0.00586,0.004837,0.004947
3-Nov-15,0.00516,0.005546,0.005128,0.005383
2-Nov-15,0.004896,0.005182,0.004892,0.005156
1-Nov-15,0.004685,0.004918,0.004663,0.004901
31-Oct-15,0.00484,0.004887,0.004633,0.004687
30-Oct-15,0.004635,0.004882,0.004622,0.004839
29-Oct-15,0.00467,0.004727,0.004634,0.004634
28-Oct-15,0.004648,0.004688,0.004621,0.004675
27-Oct-15,0.004674,0.004716,0.004628,0.004649
26-Oct-15,0.00456,0.004675,0.004554,0.004675
25-Oct-15,0.004662,0.004737,0.004555,0.004556
